Trade #,Type,Date and time,Signal,Price USD,Size (qty),Size (value),Net P&L USD,Net P&L %,Favorable excursion USD,Favorable excursion %,Adverse excursion USD,Adverse excursion %,Cumulative P&L USD,Cumulative P&L %
1,Exit long,2019-01-29 23:30,S2_LX_TP1,1310.822,7.7,9895.4317,197.9,2.00,204.97,2.07,-67.15,-0.68,197.9,1.98
1,Entry long,2019-01-05 05:30,S2_LE,1285.121,7.7,9895.4317,197.9,2.00,204.97,2.07,-67.15,-0.68,197.9,1.98
2,Exit long,2019-02-20 00:00,S2_LX_TP1,1338.076,7.6,9969.9916,199.39,2.00,209.9,2.11,-73.58,-0.74,397.28,3.97
2,Entry long,2019-01-30 09:30,S2_LE,1311.841,7.6,9969.9916,199.39,2.00,209.9,2.11,-73.58,-0.74,397.28,3.97
3,Exit long,2019-02-22 02:00,S2_SL,1325.57,7.4,9908.3114,-99.09,-1.00,10.63,0.11,-99.09,-1.00,298.19,2.98
3,Entry long,2019-02-21 14:30,S2_LE,1338.961,7.4,9908.3114,-99.09,-1.00,10.63,0.11,-99.09,-1.00,298.19,2.98
4,Exit long,2019-03-01 14:30,S2_SL,1310.175,7.5,9925.5825,-99.27,-1.00,72.89,0.73,-99.27,-1.00,198.92,1.99
4,Entry long,2019-02-22 07:00,S2_LE,1323.411,7.5,9925.5825,-99.27,-1.00,72.89,0.73,-99.27,-1.00,198.92,1.99
5,Exit long,2019-03-04 22:30,S2_SL,1283.287,7.7,9981.1327,-99.82,-1.00,6.15,0.06,-99.82,-1.00,99.1,0.99
5,Entry long,2019-03-04 10:00,S2_LE,1296.251,7.7,9981.1327,-99.82,-1.00,6.15,0.06,-99.82,-1.00,99.1,0.99
6,Exit long,2019-03-21 02:30,S2_LX_TP1,1311.781,7.7,9902.6697,198.04,2.00,238.08,2.40,-42.86,-0.43,297.14,2.97
6,Entry long,2019-03-05 21:00,S2_LE,1286.061,7.7,9902.6697,198.04,2.00,238.08,2.40,-42.86,-0.43,297.14,2.97
7,Exit long,2019-03-28 21:00,S2_SL,1297.381,7.6,9959.7012,-99.61,-1.00,106.65,1.07,-99.61,-1.00,197.54,1.98
7,Entry long,2019-03-22 00:00,S2_LE,1310.487,7.6,9959.7012,-99.61,-1.00,106.65,1.07,-99.61,-1.00,197.54,1.98
8,Exit long,2019-04-16 20:30,S2_SL,1278.268,7.7,9942.0937,-99.43,-1.00,149.53,1.50,-99.43,-1.00,98.11,0.98
8,Entry long,2019-03-29 10:30,S2_LE,1291.181,7.7,9942.0937,-99.43,-1.00,149.53,1.50,-99.43,-1.00,98.11,0.98
9,Exit long,2019-05-14 08:30,S2_LX_TP1,1302.346,7.8,9959.1258,199.17,2.00,207.39,2.08,-83.55,-0.84,297.28,2.97
9,Entry long,2019-04-17 09:30,S2_LE,1276.811,7.8,9959.1258,199.17,2.00,207.39,2.08,-83.55,-0.84,297.28,2.97
10,Exit long,2019-05-16 22:30,S2_SL,1286.356,7.6,9875.0676,-98.76,-1.00,11.77,0.12,-98.76,-1.00,198.52,1.99
10,Entry long,2019-05-14 13:30,S2_LE,1299.351,7.6,9875.0676,-98.76,-1.00,11.77,0.12,-98.76,-1.00,198.52,1.99
11,Exit long,2019-05-21 19:00,S2_SL,1273.137,7.7,9902.1846,-99.03,-1.00,22.58,0.23,-99.03,-1.00,99.49,0.99
11,Entry long,2019-05-17 12:30,S2_LE,1285.998,7.7,9902.1846,-99.03,-1.00,22.58,0.23,-99.03,-1.00,99.49,0.99
12,Exit long,2019-06-04 02:00,S2_LX_TP2,1324.502,7.8,9933.7758,397.34,4.00,408.24,4.11,-10.62,-0.11,496.83,4.97
12,Entry long,2019-05-22 01:30,S2_LE,1273.561,7.8,9933.7758,397.34,4.00,408.24,4.11,-10.62,-0.11,496.83,4.97
13,Exit long,2019-06-20 14:30,S2_LX_TP2,1383.986,7.5,9980.6775,399.22,4.00,473.78,4.75,-83.68,-0.84,896.04,8.96
13,Entry long,2019-06-06 13:00,S2_LE,1330.757,7.5,9980.6775,399.22,4.00,473.78,4.75,-83.68,-0.84,896.04,8.96
14,Exit long,2019-06-24 20:00,S2_LX_TP1,1407.895,7.2,9938.0952,198.75,2.00,227.08,2.28,-10.02,-0.10,1094.79,10.95
14,Entry long,2019-06-20 17:00,S2_LE,1380.291,7.2,9938.0952,198.75,2.00,227.08,2.28,-10.02,-0.10,1094.79,10.95
15,Exit long,2019-06-26 01:00,S2_SL,1416.462,6.9,9872.3199,-98.73,-1.00,38.15,0.39,-98.73,-1.00,996.06,9.96
15,Entry long,2019-06-25 17:00,S2_LE,1430.771,6.9,9872.3199,-98.73,-1.00,38.15,0.39,-98.73,-1.00,996.06,9.96
16,Exit long,2019-06-27 20:30,S2_SL,1399.691,7,9896.817,-98.98,-1.00,10.07,0.10,-98.98,-1.00,897.08,8.97
16,Entry long,2019-06-26 10:00,S2_LE,1413.831,7,9896.817,-98.98,-1.00,10.07,0.10,-98.98,-1.00,897.08,8.97
17,Exit long,2019-07-01 06:00,S2_SL,1393.019,7.1,9990.3461,-99.91,-1.00,124.57,1.25,-99.91,-1.00,797.17,7.97
17,Entry long,2019-06-28 02:30,S2_LE,1407.091,7.1,9990.3461,-99.91,-1.00,124.57,1.25,-99.91,-1.00,797.17,7.97
18,Exit long,2019-07-03 19:30,S2_LX_TP1,1421.229,7.1,9882.4971,208.23,2.11,325.17,3.29,-2.14,-0.02,1005.4,10.05
18,Entry long,2019-07-02 22:30,S2_LE,1391.901,7.1,9882.4971,208.23,2.11,325.17,3.29,-2.14,-0.02,1005.4,10.05
19,Exit long,2019-07-05 20:30,S2_SL,1402.414,7,9916.067,-99.17,-1.00,53.33,0.54,-99.17,-1.00,906.23,9.06
19,Entry long,2019-07-04 07:00,S2_LE,1416.581,7,9916.067,-99.17,-1.00,53.33,0.54,-99.17,-1.00,906.23,9.06
20,Exit long,2019-07-11 08:30,S2_LX_TP1,1424.144,7.1,9913.1691,198.25,2.00,211.43,2.13,-75.62,-0.76,1104.48,11.04
20,Entry long,2019-07-05 23:30,S2_LE,1396.221,7.1,9913.1691,198.25,2.00,211.43,2.13,-75.62,-0.76,1104.48,11.04
21,Exit long,2019-07-11 22:30,S2_SL,1411.145,7,9977.807,-99.79,-1.00,12.31,0.12,-99.79,-1.00,1004.69,10.05
21,Entry long,2019-07-11 09:00,S2_LE,1425.401,7,9977.807,-99.79,-1.00,12.31,0.12,-99.79,-1.00,1004.69,10.05
22,Exit long,2019-07-19 06:30,S2_LX_TP1,1438.73,7,9873.647,197.46,2.00,297,3.01,-75.75,-0.77,1202.15,12.02
22,Entry long,2019-07-15 23:00,S2_LE,1410.521,7,9873.647,197.46,2.00,297,3.01,-75.75,-0.77,1202.15,12.02
23,Exit long,2019-07-26 01:00,S2_SL,1411.532,7,9980.537,-99.81,-1.00,56.05,0.56,-99.81,-1.00,1102.34,11.02
23,Entry long,2019-07-23 22:00,S2_LE,1425.791,7,9980.537,-99.81,-1.00,56.05,0.56,-99.81,-1.00,1102.34,11.02
24,Exit long,2019-08-01 21:00,S2_SL,1401.482,7,9909.48,-99.11,-1.00,130.97,1.32,-99.11,-1.00,1003.24,10.03
24,Entry long,2019-07-26 07:30,S2_LE,1415.64,7,9909.48,-99.11,-1.00,130.97,1.32,-99.11,-1.00,1003.24,10.03
25,Exit long,2019-08-05 22:30,S2_LX_TP1,1466.859,6.9,9922.8831,198.44,2.00,218.05,2.20,-55.88,-0.56,1201.68,12.02
25,Entry long,2019-08-02 08:00,S2_LE,1438.099,6.9,9922.8831,198.44,2.00,218.05,2.20,-55.88,-0.56,1201.68,12.02
26,Exit long,2019-08-07 22:00,S2_LX_TP1,1500.782,6.7,9858.0852,197.15,2.00,261.8,2.66,-21.61,-0.22,1398.83,13.99
26,Entry long,2019-08-07 01:00,S2_LE,1471.356,6.7,9858.0852,197.15,2.00,261.8,2.66,-21.61,-0.22,1398.83,13.99
27,Exit long,2019-08-13 18:30,S2_LX_TP1,1531.122,6.6,9907.2666,198.14,2.00,223.93,2.26,-91.36,-0.92,1596.97,15.97
27,Entry long,2019-08-07 23:00,S2_LE,1501.101,6.6,9907.2666,198.14,2.00,223.93,2.26,-91.36,-0.92,1596.97,15.97
28,Exit long,2019-08-19 16:00,S2_SL,1500.795,6.5,9853.714,-98.55,-1.00,78.29,0.79,-98.55,-1.00,1498.43,14.98
28,Entry long,2019-08-15 02:00,S2_LE,1515.956,6.5,9853.714,-98.55,-1.00,78.29,0.79,-98.55,-1.00,1498.43,14.98
29,Exit long,2019-08-26 15:00,S2_LX_TP1,1533.172,6.6,9920.5326,198.4,2.00,344.65,3.47,-72.01,-0.73,1696.83,16.97
29,Entry long,2019-08-21 13:00,S2_LE,1503.111,6.6,9920.5326,198.4,2.00,344.65,3.47,-72.01,-0.73,1696.83,16.97
30,Exit long,2019-08-31 01:30,S2_SL,1518.422,6.5,9969.4465,-99.7,-1.00,108.02,1.08,-99.7,-1.00,1597.12,15.97
30,Entry long,2019-08-26 15:30,S2_LE,1533.761,6.5,9969.4465,-99.7,-1.00,108.02,1.08,-99.7,-1.00,1597.12,15.97
31,Exit long,2019-09-05 21:30,S2_SL,1530.45,6.4,9893.8304,-98.95,-1.00,71.61,0.72,-98.95,-1.00,1498.17,14.98
31,Entry long,2019-09-04 01:00,S2_LE,1545.911,6.4,9893.8304,-98.95,-1.00,71.61,0.72,-98.95,-1.00,1498.17,14.98
32,Exit long,2019-09-10 09:00,S2_SL,1490.128,6.6,9934.1946,-99.35,-1.00,149.95,1.51,-99.35,-1.00,1398.82,13.99
32,Entry long,2019-09-06 18:00,S2_LE,1505.181,6.6,9934.1946,-99.35,-1.00,149.95,1.51,-99.35,-1.00,1398.82,13.99
33,Exit long,2019-09-23 22:30,S2_LX_TP1,1522.582,6.6,9852.0114,197.03,2.00,210.88,2.14,-63.82,-0.65,1595.85,15.96
33,Entry long,2019-09-10 20:30,S2_LE,1492.729,6.6,9852.0114,197.03,2.00,210.88,2.14,-63.82,-0.65,1595.85,15.96
34,Exit long,2019-09-26 00:00,S2_SL,1506.502,6.5,9891.1865,-98.92,-1.00,90.8,0.92,-98.92,-1.00,1496.93,14.97
34,Entry long,2019-09-24 15:30,S2_LE,1521.721,6.5,9891.1865,-98.92,-1.00,90.8,0.92,-98.92,-1.00,1496.93,14.97
35,Exit long,2019-09-27 17:30,S2_SL,1493.751,6.6,9958.3506,-99.59,-1.00,23.49,0.24,-99.59,-1.00,1397.34,13.97
35,Entry long,2019-09-26 15:00,S2_LE,1508.841,6.6,9958.3506,-99.59,-1.00,23.49,0.24,-99.59,-1.00,1397.34,13.97
36,Exit long,2019-09-30 23:00,S2_SL,1477.624,6.6,9850.8366,-98.52,-1.00,69.37,0.70,-98.52,-1.00,1298.82,12.99
36,Entry long,2019-09-27 19:00,S2_LE,1492.551,6.6,9850.8366,-98.52,-1.00,69.37,0.70,-98.52,-1.00,1298.82,12.99
37,Exit long,2019-10-02 22:00,S2_LX_TP1,1490.617,6.8,9937.4588,198.74,2.00,249.62,2.51,-16.94,-0.17,1497.56,14.98
37,Entry long,2019-10-01 16:00,S2_LE,1461.391,6.8,9937.4588,198.74,2.00,249.62,2.51,-16.94,-0.17,1497.56,14.98
38,Exit long,2019-10-08 01:30,S2_SL,1492.82,6.6,9952.1466,-99.53,-1.00,51.2,0.51,-99.53,-1.00,1398.02,13.98
38,Entry long,2019-10-04 13:30,S2_LE,1507.901,6.6,9952.1466,-99.53,-1.00,51.2,0.51,-99.53,-1.00,1398.02,13.98
39,Exit long,2019-10-11 22:00,S2_SL,1477.325,6.7,9998.0683,-99.99,-1.00,165.89,1.66,-99.99,-1.00,1298.03,12.98
39,Entry long,2019-10-08 10:30,S2_LE,1492.249,6.7,9998.0683,-99.99,-1.00,165.89,1.66,-99.99,-1.00,1298.03,12.98
40,Exit long,2019-10-25 21:30,S2_LX_TP1,1513.843,6.7,9943.8787,198.87,2.00,226.37,2.28,-48.72,-0.49,1496.9,14.97
40,Entry long,2019-10-16 13:30,S2_LE,1484.161,6.7,9943.8787,198.87,2.00,226.37,2.28,-48.72,-0.49,1496.9,14.97
41,Exit long,2019-11-07 23:30,S2_SL,1477.337,6.7,9998.1487,-99.99,-1.00,159.39,1.59,-99.99,-1.00,1396.91,13.97
41,Entry long,2019-10-29 11:30,S2_LE,1492.261,6.7,9998.1487,-99.99,-1.00,159.39,1.59,-99.99,-1.00,1396.91,13.97
42,Exit long,2019-11-11 23:30,S2_SL,1451.042,6.8,9966.7668,-99.68,-1.00,49.28,0.49,-99.68,-1.00,1297.23,12.97
42,Entry long,2019-11-08 03:30,S2_LE,1465.701,6.8,9966.7668,-99.68,-1.00,49.28,0.49,-99.68,-1.00,1297.23,12.97
43,Exit long,2019-12-27 14:00,S2_LX_TP1,1507.759,6.8,9954.5268,298.23,3.00,340.8,3.42,-95.89,-0.96,1595.46,15.95
43,Entry long,2019-11-14 04:30,S2_LE,1463.901,6.8,9954.5268,298.23,3.00,340.8,3.42,-95.89,-0.96,1595.46,15.95
44,Exit long,2020-01-03 21:00,S2_LX_TP1,1543.841,6.6,9989.5686,199.78,2.00,250.2,2.50,-24.89,-0.25,1795.24,17.95
44,Entry long,2019-12-28 02:30,S2_LE,1513.571,6.6,9989.5686,199.78,2.00,250.2,2.50,-24.89,-0.25,1795.24,17.95
45,Exit long,2020-01-08 16:30,S2_LX_TP1,1580.296,6.4,9915.5904,198.3,2.00,396.95,4.00,-20.55,-0.21,1993.55,19.94
45,Entry long,2020-01-04 00:30,S2_LE,1549.311,6.4,9915.5904,198.3,2.00,396.95,4.00,-20.55,-0.21,1993.55,19.94
46,Exit long,2020-01-09 00:00,S2_SL,1565.581,6.3,9962.7948,-99.63,-1.00,27.03,0.27,-99.63,-1.00,1893.91,18.94
46,Entry long,2020-01-08 17:30,S2_LE,1581.396,6.3,9962.7948,-99.63,-1.00,27.03,0.27,-99.63,-1.00,1893.91,18.94
47,Exit long,2020-01-09 14:30,S2_SL,1546.231,6.4,9995.8464,-99.97,-1.00,2.54,0.03,-99.97,-1.00,1793.95,17.94
47,Entry long,2020-01-09 02:00,S2_LE,1561.851,6.4,9995.8464,-99.97,-1.00,2.54,0.03,-99.97,-1.00,1793.95,17.94
48,Exit long,2020-01-27 08:00,S2_LX_TP1,1577.715,6.4,9899.3984,197.98,2.00,268.28,2.71,-70.41,-0.71,1991.92,19.92
48,Entry long,2020-01-09 17:30,S2_LE,1546.781,6.4,9899.3984,197.98,2.00,268.28,2.71,-70.41,-0.71,1991.92,19.92
49,Exit long,2020-01-29 05:30,S2_SL,1565.882,6.3,9964.7163,-99.66,-1.00,3.77,0.04,-99.66,-1.00,1892.26,18.92
49,Entry long,2020-01-28 09:30,S2_LE,1581.701,6.3,9964.7163,-99.66,-1.00,3.77,0.04,-99.66,-1.00,1892.26,18.92
50,Exit long,2020-02-04 23:30,S2_SL,1551.176,6.3,9871.1298,-98.72,-1.00,170.44,1.73,-98.72,-1.00,1793.54,17.94
50,Entry long,2020-01-29 07:00,S2_LE,1566.846,6.3,9871.1298,-98.72,-1.00,170.44,1.73,-98.72,-1.00,1793.54,17.94
51,Exit long,2020-02-18 09:00,S2_LX_TP1,1585.845,6.4,9950.4064,199,2.00,206.96,2.08,-47.69,-0.48,1992.54,19.93
51,Entry long,2020-02-05 08:30,S2_LE,1554.751,6.4,9950.4064,199,2.00,206.96,2.08,-47.69,-0.48,1992.54,19.93
52,Exit long,2020-02-20 23:30,S2_LX_TP1,1620.552,6.2,9850.4236,197,2.00,208.89,2.12,-16.6,-0.17,2189.54,21.90
52,Entry long,2020-02-18 16:30,S2_LE,1588.778,6.2,9850.4236,197,2.00,208.89,2.12,-16.6,-0.17,2189.54,21.90
53,Exit long,2020-02-24 21:00,S2_LX_TP1,1673.412,6,9843.606,196.87,2.00,292.17,2.97,-7.21,-0.07,2386.41,23.86
53,Entry long,2020-02-22 01:00,S2_LE,1640.601,6,9843.606,196.87,2.00,292.17,2.97,-7.21,-0.07,2386.41,23.86
54,Exit long,2020-02-25 03:00,S2_SL,1660.012,5.9,9893.0079,-98.94,-1.00,16.2,0.16,-98.94,-1.00,2287.47,22.87
54,Entry long,2020-02-24 23:30,S2_LE,1676.781,5.9,9893.0079,-98.94,-1.00,16.2,0.16,-98.94,-1.00,2287.47,22.87
55,Exit long,2020-02-28 15:00,S2_SL,1623.728,6,9840.786,-98.42,-1.00,121.42,1.23,-98.42,-1.00,2189.05,21.89
55,Entry long,2020-02-26 11:00,S2_LE,1640.131,6,9840.786,-98.42,-1.00,121.42,1.23,-98.42,-1.00,2189.05,21.89
56,Exit long,2020-02-28 23:00,S2_SL,1613.18,6.1,9939.8036,-99.41,-1.00,1.64,0.02,-99.41,-1.00,2089.65,20.90
56,Entry long,2020-02-28 20:00,S2_LE,1629.476,6.1,9939.8036,-99.41,-1.00,1.64,0.02,-99.41,-1.00,2089.65,20.90
57,Exit long,2020-03-04 03:30,S2_LX_TP1,1627.246,6.2,9891.1142,197.81,2.00,334.73,3.38,-71.68,-0.72,2287.46,22.87
57,Entry long,2020-03-02 11:00,S2_LE,1595.341,6.2,9891.1142,197.81,2.00,334.73,3.38,-71.68,-0.72,2287.46,22.87
58,Exit long,2020-03-06 04:30,S2_LX_TP1,1672.644,6,9839.094,196.77,2.00,208.51,2.12,-17.69,-0.18,2484.23,24.84
58,Entry long,2020-03-05 12:30,S2_LE,1639.849,6,9839.094,196.77,2.00,208.51,2.12,-17.69,-0.18,2484.23,24.84
59,Exit long,2020-03-06 23:00,S2_SL,1655.552,5.9,9866.4284,-98.67,-1.00,104.18,1.06,-98.67,-1.00,2385.56,23.86
59,Entry long,2020-03-06 15:30,S2_LE,1672.276,5.9,9866.4284,-98.67,-1.00,104.18,1.06,-98.67,-1.00,2385.56,23.86
60,Exit long,2020-03-09 07:30,S2_LX_TP1,1699.078,6,9994.584,199.88,2.00,214.16,2.14,-22.52,-0.23,2585.44,25.85
60,Entry long,2020-03-07 02:00,S2_LE,1665.764,6,9994.584,199.88,2.00,214.16,2.14,-22.52,-0.23,2585.44,25.85
61,Exit long,2020-03-10 13:00,S2_SL,1660.502,5.9,9895.9284,-98.97,-1.00,19.61,0.20,-98.97,-1.00,2486.47,24.86
61,Entry long,2020-03-10 04:00,S2_LE,1677.276,5.9,9895.9284,-98.97,-1.00,19.61,0.20,-98.97,-1.00,2486.47,24.86
62,Exit long,2020-03-12 03:00,S2_SL,1635.331,6,9911.106,-99.12,-1.00,117.29,1.18,-99.12,-1.00,2387.35,23.87
62,Entry long,2020-03-11 03:30,S2_LE,1651.851,6,9911.106,-99.12,-1.00,117.29,1.18,-99.12,-1.00,2387.35,23.87
63,Exit long,2020-03-13 09:30,S2_SL,1555.101,6.3,9896.1093,-98.97,-1.00,84.82,0.86,-98.97,-1.00,2288.38,22.88
63,Entry long,2020-03-13 04:30,S2_LE,1570.811,6.3,9896.1093,-98.97,-1.00,84.82,0.86,-98.97,-1.00,2288.38,22.88
64,Exit long,2020-03-16 08:00,S2_LX_TP1,1553.363,6.5,9898.889,197.97,2.00,341.73,3.45,-89.17,-0.90,2486.35,24.86
64,Entry long,2020-03-14 01:00,S2_LE,1522.906,6.5,9898.889,197.97,2.00,341.73,3.45,-89.17,-0.90,2486.35,24.86
65,Exit long,2020-03-16 18:30,S2_SL,1506.839,6.5,9926.4815,-132.03,-1.33,8.77,0.09,-153.96,-1.55,2354.32,23.54
65,Entry long,2020-03-16 18:00,S2_LE,1527.151,6.5,9926.4815,-132.03,-1.33,8.77,0.09,-153.96,-1.55,2354.32,23.54
66,Exit long,2020-03-19 20:00,S2_SL,1468.466,6.7,9938.1167,-99.39,-1.00,42.2,0.42,-99.39,-1.00,2254.93,22.55
66,Entry long,2020-03-19 16:00,S2_LE,1483.301,6.7,9938.1167,-99.39,-1.00,42.2,0.42,-99.39,-1.00,2254.93,22.55
67,Exit long,2020-03-20 20:30,S2_SL,1491.266,6.6,9941.7846,-99.43,-1.00,51.28,0.52,-99.43,-1.00,2155.5,21.56
67,Entry long,2020-03-20 18:30,S2_LE,1506.331,6.6,9941.7846,-99.43,-1.00,51.28,0.52,-99.43,-1.00,2155.5,21.56
68,Exit long,2020-03-24 01:30,S2_LX_TP1,1556.05,6.5,9916.0165,198.31,2.00,231.78,2.34,-4.36,-0.04,2353.81,23.54
68,Entry long,2020-03-23 22:30,S2_LE,1525.541,6.5,9916.0165,198.31,2.00,231.78,2.34,-4.36,-0.04,2353.81,23.54
69,Exit long,2020-03-24 20:00,S2_LX_TP1,1597.32,6.3,9865.8063,197.31,2.00,388.7,3.94,-16.64,-0.17,2551.12,25.51
69,Entry long,2020-03-24 14:30,S2_LE,1566.001,6.3,9865.8063,197.31,2.00,388.7,3.94,-16.64,-0.17,2551.12,25.51
70,Exit long,2020-03-25 13:00,S2_SL,1604.591,6.1,9886.8861,-98.88,-1.00,136.02,1.38,-98.88,-1.00,2452.24,24.52
70,Entry long,2020-03-25 00:30,S2_LE,1620.801,6.1,9886.8861,-98.88,-1.00,136.02,1.38,-98.88,-1.00,2452.24,24.52
71,Exit long,2020-04-01 01:00,S2_SL,1593.107,6.2,9977.0462,-99.78,-1.00,225.05,2.26,-99.78,-1.00,2352.45,23.52
71,Entry long,2020-03-25 21:00,S2_LE,1609.201,6.2,9977.0462,-99.78,-1.00,225.05,2.26,-99.78,-1.00,2352.45,23.52
72,Exit long,2020-04-03 03:30,S2_LX_TP1,1617.414,6.3,9989.9163,199.79,2.00,221.12,2.21,-25.21,-0.25,2552.25,25.52
72,Entry long,2020-04-02 10:30,S2_LE,1585.701,6.3,9989.9163,199.79,2.00,221.12,2.21,-25.21,-0.25,2552.25,25.52
73,Exit long,2020-04-07 01:00,S2_LX_TP1,1650.941,6.1,9873.2831,197.46,2.00,210.02,2.13,-27.27,-0.28,2749.7,27.50
73,Entry long,2020-04-06 11:00,S2_LE,1618.571,6.1,9873.2831,197.46,2.00,210.02,2.13,-27.27,-0.28,2749.7,27.50
74,Exit long,2020-04-07 15:30,S2_SL,1644.449,6,9966.366,-99.67,-1.00,53.63,0.54,-99.67,-1.00,2650.03,26.50
74,Entry long,2020-04-07 09:30,S2_LE,1661.061,6,9966.366,-99.67,-1.00,53.63,0.54,-99.67,-1.00,2650.03,26.50
75,Exit long,2020-04-10 00:00,S2_LX_TP1,1683.367,6,9905.286,194.92,1.97,213.71,2.16,-57.49,-0.58,2844.95,28.45
75,Entry long,2020-04-08 18:00,S2_LE,1650.881,6,9905.286,194.92,1.97,213.71,2.16,-57.49,-0.58,2844.95,28.45
76,Exit long,2020-04-14 02:00,S2_LX_TP1,1716.313,5.9,9927.6999,198.55,2.00,216.29,2.18,-21.01,-0.21,3043.49,30.43
76,Entry long,2020-04-13 11:00,S2_LE,1682.661,5.9,9927.6999,198.55,2.00,216.29,2.18,-21.01,-0.21,3043.49,30.43
77,Exit long,2020-04-17 06:00,S2_SL,1705.443,5.8,9991.4918,-99.92,-1.00,96.45,0.97,-99.92,-1.00,2943.57,29.44
77,Entry long,2020-04-16 18:00,S2_LE,1722.671,5.8,9991.4918,-99.92,-1.00,96.45,0.97,-99.92,-1.00,2943.57,29.44
78,Exit long,2020-04-18 02:00,S2_SL,1679.866,5.8,9841.6488,-98.43,-1.00,38.07,0.39,-98.43,-1.00,2845.15,28.45
78,Entry long,2020-04-17 17:00,S2_LE,1696.836,5.8,9841.6488,-98.43,-1.00,38.07,0.39,-98.43,-1.00,2845.15,28.45
79,Exit long,2020-04-21 19:00,S2_SL,1661.623,5.9,9902.6131,-99.04,-1.00,143.46,1.45,-99.04,-1.00,2746.11,27.46
79,Entry long,2020-04-20 18:30,S2_LE,1678.409,5.9,9902.6131,-99.04,-1.00,143.46,1.45,-99.04,-1.00,2746.11,27.46
80,Exit long,2020-04-23 16:30,S2_LX_TP1,1721.185,5.9,9955.8842,199.11,2.00,241.09,2.42,-55.09,-0.55,2945.22,29.45
80,Entry long,2020-04-22 10:00,S2_LE,1687.438,5.9,9955.8842,199.11,2.00,241.09,2.42,-55.09,-0.55,2945.22,29.45
81,Exit long,2020-04-24 22:00,S2_SL,1714.808,5.7,9873.1467,-98.74,-1.00,23.82,0.24,-98.74,-1.00,2846.47,28.46
81,Entry long,2020-04-24 00:30,S2_LE,1732.131,5.7,9873.1467,-98.74,-1.00,23.82,0.24,-98.74,-1.00,2846.47,28.46
82,Exit long,2020-04-27 22:00,S2_SL,1711.086,5.7,9851.7147,-98.52,-1.00,3.19,0.03,-98.52,-1.00,2747.95,27.48
82,Entry long,2020-04-25 04:00,S2_LE,1728.371,5.7,9851.7147,-98.52,-1.00,3.19,0.03,-98.52,-1.00,2747.95,27.48
83,Exit long,2020-05-01 00:00,S2_SL,1688.449,5.8,9891.9348,-98.93,-1.00,95.32,0.96,-98.93,-1.00,2649.02,26.49
83,Entry long,2020-04-28 09:30,S2_LE,1705.506,5.8,9891.9348,-98.93,-1.00,95.32,0.96,-98.93,-1.00,2649.02,26.49
84,Exit long,2020-05-01 14:00,S2_SL,1671.025,5.9,9958.6454,-99.6,-1.00,14.41,0.14,-99.6,-1.00,2549.42,25.49
84,Entry long,2020-05-01 08:00,S2_LE,1687.906,5.9,9958.6454,-99.6,-1.00,14.41,0.14,-99.6,-1.00,2549.42,25.49
85,Exit long,2020-05-08 02:30,S2_LX_TP1,1716.67,5.9,9929.7649,198.59,2.00,234.11,2.36,-18.35,-0.18,2748.01,27.48
85,Entry long,2020-05-01 22:30,S2_LE,1683.011,5.9,9929.7649,198.59,2.00,234.11,2.36,-18.35,-0.18,2748.01,27.48
86,Exit long,2020-05-11 17:30,S2_SL,1698.319,5.8,9949.755,-99.5,-1.00,46.78,0.47,-99.5,-1.00,2648.51,26.49
86,Entry long,2020-05-08 12:00,S2_LE,1715.475,5.8,9949.755,-99.5,-1.00,46.78,0.47,-99.5,-1.00,2648.51,26.49
87,Exit long,2020-05-15 00:00,S2_LX_TP1,1733.199,5.8,9856.317,196.24,1.99,207.61,2.11,-20.1,-0.20,2844.74,28.45
87,Entry long,2020-05-12 15:00,S2_LE,1699.365,5.8,9856.317,196.24,1.99,207.61,2.11,-20.1,-0.20,2844.74,28.45
88,Exit long,2020-05-26 22:00,S2_SL,1715.511,5.7,9877.1937,-98.78,-1.00,185.02,1.87,-98.78,-1.00,2745.96,27.46
88,Entry long,2020-05-15 04:00,S2_LE,1732.841,5.7,9877.1937,-98.78,-1.00,185.02,1.87,-98.78,-1.00,2745.96,27.46
89,Exit long,2020-06-03 21:00,S2_SL,1703.027,5.8,9977.3398,-99.78,-1.00,147.08,1.47,-99.78,-1.00,2646.18,26.46
89,Entry long,2020-05-29 15:30,S2_LE,1720.231,5.8,9977.3398,-99.78,-1.00,147.08,1.47,-99.78,-1.00,2646.18,26.46
90,Exit long,2020-06-05 20:30,S2_SL,1681.752,5.8,9852.6978,-98.54,-1.00,134.96,1.37,-98.54,-1.00,2547.64,25.48
90,Entry long,2020-06-04 01:00,S2_LE,1698.741,5.8,9852.6978,-98.54,-1.00,134.96,1.37,-98.54,-1.00,2547.64,25.48
91,Exit long,2020-06-09 21:00,S2_LX_TP1,1715.28,5.9,9921.7291,198.42,2.00,214.18,2.16,-34.51,-0.35,2746.07,27.46
91,Entry long,2020-06-06 03:30,S2_LE,1681.649,5.9,9921.7291,198.42,2.00,214.18,2.16,-34.51,-0.35,2746.07,27.46
92,Exit long,2020-06-22 10:00,S2_LX_TP1,1754.773,5.8,9978.1286,199.55,2.00,223.2,2.24,-96.09,-0.96,2945.62,29.46
92,Entry long,2020-06-09 22:30,S2_LE,1720.367,5.8,9978.1286,199.55,2.00,223.2,2.24,-96.09,-0.96,2945.62,29.46
93,Exit long,2020-07-01 12:30,S2_LX_TP1,1783.989,5.7,9970.0125,198.72,1.99,210.3,2.11,-40.04,-0.40,3144.34,31.44
93,Entry long,2020-06-22 17:00,S2_LE,1749.125,5.7,9970.0125,198.72,1.99,210.3,2.11,-40.04,-0.40,3144.34,31.44
94,Exit long,2020-07-08 18:00,S2_LX_TP1,1801.493,5.6,9890.5576,197.8,2.00,211.34,2.14,-61.44,-0.62,3342.15,33.42
94,Entry long,2020-07-02 14:00,S2_LE,1766.171,5.6,9890.5576,197.8,2.00,211.34,2.14,-61.44,-0.62,3342.15,33.42
95,Exit long,2020-07-11 00:30,S2_SL,1793.672,5.5,9964.8505,-99.65,-1.00,22.71,0.23,-99.65,-1.00,3242.49,32.42
95,Entry long,2020-07-09 13:30,S2_LE,1811.791,5.5,9964.8505,-99.65,-1.00,22.71,0.23,-99.65,-1.00,3242.49,32.42
96,Exit long,2020-07-22 08:30,S2_LX_TP1,1843.813,5.5,9942.1355,198.84,2.00,221.31,2.23,-97.85,-0.98,3441.33,34.41
96,Entry long,2020-07-13 23:00,S2_LE,1807.661,5.5,9942.1355,198.84,2.00,221.31,2.23,-97.85,-0.98,3441.33,34.41
97,Exit long,2020-07-24 23:30,S2_LX_TP1,1897.154,5.3,9857.7668,197.15,2.00,248.7,2.52,-68.3,-0.69,3638.48,36.38
97,Entry long,2020-07-22 19:30,S2_LE,1859.956,5.3,9857.7668,197.15,2.00,248.7,2.52,-68.3,-0.69,3638.48,36.38
98,Exit long,2020-07-28 15:30,S2_SL,1921.961,5.1,9901.0176,-99.02,-1.00,203.1,2.05,-99.02,-1.00,3539.46,35.39
98,Entry long,2020-07-27 18:00,S2_LE,1941.376,5.1,9901.0176,-99.02,-1.00,203.1,2.05,-99.02,-1.00,3539.46,35.39
99,Exit long,2020-08-05 00:00,S2_LX_TP1,1992.294,5.1,9961.4781,199.22,2.00,221.39,2.22,-74.11,-0.74,3738.68,37.39
99,Entry long,2020-07-28 23:30,S2_LE,1953.231,5.1,9961.4781,199.22,2.00,221.39,2.22,-74.11,-0.74,3738.68,37.39
100,Exit long,2020-08-06 20:30,S2_LX_TP1,2060.92,4.9,9900.5039,198,2.00,217.31,2.19,-55.91,-0.56,3936.69,39.37
100,Entry long,2020-08-05 09:00,S2_LE,2020.511,4.9,9900.5039,198,2.00,217.31,2.19,-55.91,-0.56,3936.69,39.37
101,Exit long,2020-08-11 13:30,S2_SL,2009.016,4.9,9943.6239,-99.45,-1.00,100.89,1.01,-99.45,-1.00,3837.24,38.37
101,Entry long,2020-08-10 12:00,S2_LE,2029.311,4.9,9943.6239,-99.45,-1.00,100.89,1.01,-99.45,-1.00,3837.24,38.37
102,Exit long,2020-08-12 12:00,S2_SL,1868.777,5.2,9815.806,-98.17,-1.00,58.89,0.60,-98.17,-1.00,3739.08,37.39
102,Entry long,2020-08-12 10:30,S2_LE,1887.655,5.2,9815.806,-98.17,-1.00,58.89,0.60,-98.17,-1.00,3739.08,37.39
103,Exit long,2020-08-13 03:30,S2_SL,1912.66,5.1,9853.1031,-98.54,-1.00,87.68,0.89,-98.54,-1.00,3640.54,36.41
103,Entry long,2020-08-12 18:00,S2_LE,1931.981,5.1,9853.1031,-98.54,-1.00,87.68,0.89,-98.54,-1.00,3640.54,36.41
104,Exit long,2020-08-18 00:30,S2_LX_TP1,1987.602,5.1,9938.0181,198.75,2.00,206.19,2.07,-98.74,-0.99,3839.29,38.39
104,Entry long,2020-08-14 17:00,S2_LE,1948.631,5.1,9938.0181,198.75,2.00,206.19,2.07,-98.74,-0.99,3839.29,38.39
105,Exit long,2020-08-18 22:00,S2_SL,1982.187,4.9,9810.8339,-98.12,-1.00,65.87,0.67,-98.12,-1.00,3741.17,37.41
105,Entry long,2020-08-18 15:30,S2_LE,2002.211,4.9,9810.8339,-98.12,-1.00,65.87,0.67,-98.12,-1.00,3741.17,37.41
106,Exit long,2020-08-21 16:30,S2_SL,1928.152,5.1,9932.913,-99.34,-1.00,42.43,0.43,-99.34,-1.00,3641.84,36.42
106,Entry long,2020-08-20 23:30,S2_LE,1947.63,5.1,9932.913,-99.34,-1.00,42.43,0.43,-99.34,-1.00,3641.84,36.42
107,Exit long,2020-08-21 19:30,S2_SL,1915.125,5.1,9865.8021,-98.66,-1.00,1.5,0.02,-98.66,-1.00,3543.17,35.43
107,Entry long,2020-08-21 19:00,S2_LE,1934.471,5.1,9865.8021,-98.66,-1.00,1.5,0.02,-98.66,-1.00,3543.17,35.43
108,Exit long,2020-08-25 23:00,S2_SL,1914.461,5.1,9862.3851,-98.63,-1.00,144.73,1.47,-98.63,-1.00,3444.54,34.45
108,Entry long,2020-08-21 22:30,S2_LE,1933.801,5.1,9862.3851,-98.63,-1.00,144.73,1.47,-98.63,-1.00,3444.54,34.45
109,Exit long,2020-08-26 20:00,S2_SL,1911.243,5.1,9845.805,-98.47,-1.00,5.41,0.05,-98.47,-1.00,3346.07,33.46
109,Entry long,2020-08-26 06:30,S2_LE,1930.55,5.1,9845.805,-98.47,-1.00,5.41,0.05,-98.47,-1.00,3346.07,33.46
110,Exit long,2020-08-27 03:30,S2_LX_TP1,1949.81,5.2,9940.216,198.8,2.00,222.14,2.23,-10.82,-0.11,3544.87,35.45
110,Entry long,2020-08-26 21:00,S2_LE,1911.58,5.2,9940.216,198.8,2.00,222.14,2.23,-10.82,-0.11,3544.87,35.45
111,Exit long,2020-08-27 22:00,S2_SL,1922.54,5.1,9904.0011,-99.05,-1.00,176.91,1.79,-99.05,-1.00,3445.82,34.46
111,Entry long,2020-08-27 12:30,S2_LE,1941.961,5.1,9904.0011,-99.05,-1.00,176.91,1.79,-99.05,-1.00,3445.82,34.46
112,Exit long,2020-08-31 15:30,S2_SL,1954.194,5,9869.675,-98.7,-1.00,13.43,0.14,-98.7,-1.00,3347.12,33.47
112,Entry long,2020-08-31 07:30,S2_LE,1973.935,5,9869.675,-98.7,-1.00,13.43,0.14,-98.7,-1.00,3347.12,33.47
113,Exit long,2020-09-02 22:30,S2_SL,1938.796,5.1,9987.7431,-99.88,-1.00,174.67,1.75,-99.88,-1.00,3247.23,32.47
113,Entry long,2020-08-31 16:00,S2_LE,1958.381,5.1,9987.7431,-99.88,-1.00,174.67,1.75,-99.88,-1.00,3247.23,32.47
114,Exit long,2020-09-08 18:00,S2_SL,1911.956,5.1,9849.477,-98.5,-1.00,97.56,0.99,-98.5,-1.00,3148.73,31.49
114,Entry long,2020-09-04 06:00,S2_LE,1931.27,5.1,9849.477,-98.5,-1.00,97.56,0.99,-98.5,-1.00,3148.73,31.49
115,Exit long,2020-09-10 22:30,S2_LX_TP1,1954.065,5.2,9961.9052,199.23,2.00,264.05,2.65,-49.15,-0.49,3347.96,33.48
115,Entry long,2020-09-08 20:00,S2_LE,1915.751,5.2,9961.9052,199.23,2.00,264.05,2.65,-49.15,-0.49,3347.96,33.48
116,Exit long,2020-09-21 20:00,S2_SL,1926.262,5.1,9923.1771,-99.24,-1.00,142.15,1.43,-99.24,-1.00,3248.72,32.49
116,Entry long,2020-09-11 10:00,S2_LE,1945.721,5.1,9923.1771,-99.24,-1.00,142.15,1.43,-99.24,-1.00,3248.72,32.49
117,Exit long,2020-09-21 22:00,S2_SL,1902.72,5.2,9994.0932,-99.95,-1.00,10.24,0.10,-99.95,-1.00,3148.77,31.49
117,Entry long,2020-09-21 21:00,S2_LE,1921.941,5.2,9994.0932,-99.95,-1.00,10.24,0.10,-99.95,-1.00,3148.77,31.49
118,Exit long,2020-09-23 14:00,S2_SL,1877.817,5.2,9863.2872,-98.64,-1.00,120.82,1.22,-98.64,-1.00,3050.13,30.50
118,Entry long,2020-09-21 23:00,S2_LE,1896.786,5.2,9863.2872,-98.64,-1.00,120.82,1.22,-98.64,-1.00,3050.13,30.50
119,Exit long,2020-09-30 07:30,S2_LX_TP1,1898.667,5.3,9865.632,197.3,2.00,201.14,2.04,-71.76,-0.73,3247.44,32.47
119,Entry long,2020-09-24 09:00,S2_LE,1861.44,5.3,9865.632,197.3,2.00,201.14,2.04,-71.76,-0.73,3247.44,32.47
120,Exit long,2020-10-09 22:30,S2_LX_TP1,1926.127,5.2,9819.4772,196.38,2.00,212.69,2.17,-81.19,-0.83,3443.82,34.44
120,Entry long,2020-10-01 03:30,S2_LE,1888.361,5.2,9819.4772,196.38,2.00,212.69,2.17,-81.19,-0.83,3443.82,34.44
121,Exit long,2020-10-13 21:00,S2_SL,1906.987,5.1,9823.8801,-98.25,-1.00,29.98,0.31,-98.25,-1.00,3345.57,33.46
121,Entry long,2020-10-12 10:30,S2_LE,1926.251,5.1,9823.8801,-98.25,-1.00,29.98,0.31,-98.25,-1.00,3345.57,33.46
122,Exit long,2020-10-28 21:30,S2_SL,1873.079,5.2,9838.4052,-98.39,-1.00,204.98,2.08,-98.39,-1.00,3247.18,32.47
122,Entry long,2020-10-14 08:30,S2_LE,1892.001,5.2,9838.4052,-98.39,-1.00,204.98,2.08,-98.39,-1.00,3247.18,32.47
123,Exit long,2020-11-03 21:30,S2_LX_TP1,1904.462,5.3,9895.7413,197.91,2.00,208.18,2.10,-15.8,-0.16,3445.09,34.45
123,Entry long,2020-10-30 09:00,S2_LE,1867.121,5.3,9895.7413,197.91,2.00,208.18,2.10,-15.8,-0.16,3445.09,34.45
124,Exit long,2020-11-05 22:00,S2_LX_TP1,1931.4,5.2,9846.3612,196.92,2.00,205.19,2.08,-38.12,-0.39,3642.01,36.42
124,Entry long,2020-11-04 16:30,S2_LE,1893.531,5.2,9846.3612,196.92,2.00,205.19,2.08,-38.12,-0.39,3642.01,36.42
125,Exit long,2020-11-09 20:00,S2_SL,1924.647,5.1,9914.8539,-99.15,-1.00,109.45,1.10,-99.15,-1.00,3542.85,35.43
125,Entry long,2020-11-06 10:00,S2_LE,1944.089,5.1,9914.8539,-99.15,-1.00,109.45,1.10,-99.15,-1.00,3542.85,35.43
126,Exit long,2020-11-16 10:00,S2_LX_TP1,1895.68,5.3,9850.1083,197,2.00,210.85,2.14,-21.79,-0.22,3739.85,37.40
126,Entry long,2020-11-10 01:00,S2_LE,1858.511,5.3,9850.1083,197,2.00,210.85,2.14,-21.79,-0.22,3739.85,37.40
127,Exit long,2020-11-16 19:30,S2_SL,1875.158,5.2,9849.3252,-98.5,-1.00,1.66,0.02,-98.5,-1.00,3641.34,36.41
127,Entry long,2020-11-16 18:00,S2_LE,1894.101,5.2,9849.3252,-98.5,-1.00,1.66,0.02,-98.5,-1.00,3641.34,36.41
128,Exit long,2020-11-18 18:30,S2_SL,1871.634,5.2,9830.8132,-98.32,-1.00,1.5,0.02,-98.32,-1.00,3543.03,35.43
128,Entry long,2020-11-17 23:00,S2_LE,1890.541,5.2,9830.8132,-98.32,-1.00,1.5,0.02,-98.32,-1.00,3543.03,35.43
129,Exit long,2020-11-23 22:30,S2_SL,1844.864,5.3,9876.5553,-98.78,-1.00,86.86,0.88,-98.78,-1.00,3444.25,34.44
129,Entry long,2020-11-19 15:00,S2_LE,1863.501,5.3,9876.5553,-98.78,-1.00,86.86,0.88,-98.78,-1.00,3444.25,34.44
130,Exit long,2020-11-24 18:00,S2_SL,1820.352,5.4,9929.2014,-99.3,-1.00,12.79,0.13,-99.3,-1.00,3344.95,33.45
130,Entry long,2020-11-24 01:30,S2_LE,1838.741,5.4,9929.2014,-99.3,-1.00,12.79,0.13,-99.3,-1.00,3344.95,33.45
131,Exit long,2020-11-27 21:30,S2_SL,1787.039,5.5,9928.0005,-99.29,-1.00,72.24,0.73,-99.29,-1.00,3245.67,32.46
131,Entry long,2020-11-25 03:30,S2_LE,1805.091,5.5,9928.0005,-99.29,-1.00,72.24,0.73,-99.29,-1.00,3245.67,32.46
132,Exit long,2020-12-02 02:30,S2_LX_TP1,1813.447,5.6,9956.1896,199.11,2.00,221.14,2.22,-48.67,-0.49,3444.78,34.45
132,Entry long,2020-11-30 23:00,S2_LE,1777.891,5.6,9956.1896,199.11,2.00,221.14,2.22,-48.67,-0.49,3444.78,34.45
133,Exit long,2020-12-08 00:30,S2_LX_TP1,1865.274,5.4,9874.9854,197.49,2.00,215.1,2.18,-39.05,-0.40,3642.27,36.42
133,Entry long,2020-12-03 03:30,S2_LE,1828.701,5.4,9874.9854,197.49,2.00,215.1,2.18,-39.05,-0.40,3642.27,36.42
134,Exit long,2020-12-09 22:30,S2_SL,1848.676,5.3,9896.9603,-98.98,-1.00,42.02,0.42,-98.98,-1.00,3543.3,35.43
134,Entry long,2020-12-08 15:30,S2_LE,1867.351,5.3,9896.9603,-98.98,-1.00,42.02,0.42,-98.98,-1.00,3543.3,35.43
135,Exit long,2020-12-11 19:00,S2_SL,1823.302,5.4,9945.2934,-99.46,-1.00,44.81,0.45,-99.46,-1.00,3443.83,34.44
135,Entry long,2020-12-10 02:00,S2_LE,1841.721,5.4,9945.2934,-99.46,-1.00,44.81,0.45,-99.46,-1.00,3443.83,34.44
136,Exit long,2020-12-14 18:00,S2_SL,1821.862,5.4,9937.4364,-99.38,-1.00,7.47,0.08,-99.38,-1.00,3344.45,33.44
136,Entry long,2020-12-12 03:30,S2_LE,1840.266,5.4,9937.4364,-99.38,-1.00,7.47,0.08,-99.38,-1.00,3344.45,33.44
137,Exit long,2020-12-17 23:00,S2_LX_TP1,1890.784,5.3,9824.6683,196.49,2.00,225.67,2.30,-49.88,-0.51,3540.94,35.41
137,Entry long,2020-12-16 05:30,S2_LE,1853.711,5.3,9824.6683,196.49,2.00,225.67,2.30,-49.88,-0.51,3540.94,35.41
138,Exit long,2020-12-21 18:00,S2_SL,1865.338,5.3,9986.1593,-99.87,-1.00,119.56,1.20,-99.87,-1.00,3441.07,34.41
138,Entry long,2020-12-18 03:00,S2_LE,1884.181,5.3,9986.1593,-99.87,-1.00,119.56,1.20,-99.87,-1.00,3441.07,34.41
139,Exit long,2020-12-23 03:00,S2_SL,1860.348,5.3,9959.4473,-99.6,-1.00,27.01,0.27,-99.6,-1.00,3341.47,33.41
139,Entry long,2020-12-22 09:00,S2_LE,1879.141,5.3,9959.4473,-99.6,-1.00,27.01,0.27,-99.6,-1.00,3341.47,33.41
140,Exit long,2020-12-28 10:00,S2_LX_TP1,1898.119,5.3,9864.1533,195.88,1.99,200.81,2.04,-23.11,-0.23,3537.34,35.37
140,Entry long,2020-12-23 05:00,S2_LE,1861.161,5.3,9864.1533,195.88,1.99,200.81,2.04,-23.11,-0.23,3537.34,35.37
141,Exit long,2020-12-28 19:00,S2_SL,1875.485,5.2,9851.0412,-98.52,-1.00,7.17,0.07,-98.52,-1.00,3438.83,34.39
141,Entry long,2020-12-28 12:30,S2_LE,1894.431,5.2,9851.0412,-98.52,-1.00,7.17,0.07,-98.52,-1.00,3438.83,34.39
142,Exit long,2021-01-06 17:30,S2_LX_TP2,1954.809,5.3,9962.0125,398.48,4.00,407.91,4.09,-47.83,-0.48,3837.3,38.37
142,Entry long,2020-12-29 01:00,S2_LE,1879.625,5.3,9962.0125,398.48,4.00,407.91,4.09,-47.83,-0.48,3837.3,38.37
143,Exit long,2021-01-08 16:00,S2_SL,1888.88,5.2,9921.3972,-99.22,-1.00,102.59,1.03,-99.22,-1.00,3738.08,37.38
143,Entry long,2021-01-07 01:00,S2_LE,1907.961,5.2,9921.3972,-99.22,-1.00,102.59,1.03,-99.22,-1.00,3738.08,37.38
144,Exit long,2021-01-08 22:30,S2_SL,1875.168,5.2,9849.3772,-98.5,-1.00,2.28,0.02,-98.5,-1.00,3639.58,36.40
144,Entry long,2021-01-08 20:00,S2_LE,1894.111,5.2,9849.3772,-98.5,-1.00,2.28,0.02,-98.5,-1.00,3639.58,36.40
145,Exit long,2021-01-14 10:30,S2_SL,1830.579,5.4,9984.9834,-99.86,-1.00,79.86,0.80,-99.86,-1.00,3539.72,35.40
145,Entry long,2021-01-12 01:00,S2_LE,1849.071,5.4,9984.9834,-99.86,-1.00,79.86,0.80,-99.86,-1.00,3539.72,35.40
146,Exit long,2021-01-18 07:30,S2_SL,1819.342,5.4,9923.6934,-99.25,-1.00,107.45,1.08,-99.25,-1.00,3440.47,34.40
146,Entry long,2021-01-14 11:30,S2_LE,1837.721,5.4,9923.6934,-99.25,-1.00,107.45,1.08,-99.25,-1.00,3440.47,34.40
147,Exit long,2021-01-20 23:30,S2_LX_TP1,1864.631,5.4,9871.5834,197.42,2.00,218.37,2.21,-12.26,-0.12,3637.9,36.38
147,Entry long,2021-01-18 12:00,S2_LE,1828.071,5.4,9871.5834,197.42,2.00,218.37,2.21,-12.26,-0.12,3637.9,36.38
148,Exit long,2021-01-22 19:00,S2_SL,1849.285,5.3,9900.2198,-99.01,-1.00,37.86,0.38,-99.01,-1.00,3538.89,35.39
148,Entry long,2021-01-21 03:30,S2_LE,1867.966,5.3,9900.2198,-99.01,-1.00,37.86,0.38,-99.01,-1.00,3538.89,35.39
149,Exit long,2021-02-04 09:30,S2_SL,1825.262,5.4,9955.9854,-99.57,-1.00,172.31,1.73,-99.57,-1.00,3439.32,34.39
149,Entry long,2021-01-22 22:30,S2_LE,1843.701,5.4,9955.9854,-99.57,-1.00,172.31,1.73,-99.57,-1.00,3439.32,34.39
150,Exit long,2021-02-04 21:30,S2_SL,1807.522,5.4,9859.2174,-98.6,-1.00,7.77,0.08,-98.6,-1.00,3340.72,33.41
150,Entry long,2021-02-04 10:30,S2_LE,1825.781,5.4,9859.2174,-98.6,-1.00,7.77,0.08,-98.6,-1.00,3340.72,33.41
151,Exit long,2021-02-08 22:00,S2_LX_TP1,1829.563,5.5,9865.3005,197.3,2.00,207.55,2.10,-12.6,-0.13,3538.01,35.38
151,Entry long,2021-02-05 07:00,S2_LE,1793.691,5.5,9865.3005,197.3,2.00,207.55,2.10,-12.6,-0.13,3538.01,35.38
152,Exit long,2021-02-12 16:00,S2_SL,1813.481,5.4,9891.7254,-98.93,-1.00,127.33,1.29,-98.93,-1.00,3439.09,34.39
152,Entry long,2021-02-09 03:30,S2_LE,1831.801,5.4,9891.7254,-98.93,-1.00,127.33,1.29,-98.93,-1.00,3439.09,34.39
153,Exit long,2021-02-16 21:30,S2_SL,1799.885,5.5,9999.3685,-100,-1.00,69.81,0.70,-100,-1.00,3339.09,33.39
153,Entry long,2021-02-12 21:00,S2_LE,1818.067,5.5,9999.3685,-100,-1.00,69.81,0.70,-100,-1.00,3339.09,33.39
154,Exit long,2021-02-18 23:00,S2_SL,1768.1,5.5,9822.7855,-98.24,-1.00,41.08,0.42,-98.24,-1.00,3240.85,32.41
154,Entry long,2021-02-17 18:00,S2_LE,1785.961,5.5,9822.7855,-98.24,-1.00,41.08,0.42,-98.24,-1.00,3240.85,32.41
155,Exit long,2021-02-23 10:00,S2_LX_TP1,1811.979,5.6,9948.1256,198.96,2.00,211.9,2.13,-89.89,-0.90,3439.81,34.40
155,Entry long,2021-02-19 01:00,S2_LE,1776.451,5.6,9948.1256,198.96,2.00,211.9,2.13,-89.89,-0.90,3439.81,34.40
156,Exit long,2021-02-24 21:30,S2_SL,1794.899,5.5,9971.6705,-99.73,-1.00,8.78,0.09,-99.73,-1.00,3340.08,33.40
156,Entry long,2021-02-23 12:00,S2_LE,1813.031,5.5,9971.6705,-99.73,-1.00,8.78,0.09,-99.73,-1.00,3340.08,33.40
157,Exit long,2021-02-25 21:30,S2_SL,1778.653,5.5,9881.4155,-98.82,-1.00,25.46,0.26,-98.82,-1.00,3241.26,32.41
157,Entry long,2021-02-25 12:00,S2_LE,1796.621,5.5,9881.4155,-98.82,-1.00,25.46,0.26,-98.82,-1.00,3241.26,32.41
158,Exit long,2021-02-26 13:30,S2_SL,1757.843,5.6,9943.3656,-99.44,-1.00,41.88,0.42,-99.44,-1.00,3141.81,31.42
158,Entry long,2021-02-26 00:00,S2_LE,1775.601,5.6,9943.3656,-99.44,-1.00,41.88,0.42,-99.44,-1.00,3141.81,31.42
159,Exit long,2021-03-02 01:00,S2_SL,1729.292,5.7,9956.5377,-99.57,-1.00,5.3,0.05,-99.57,-1.00,3042.24,30.42
159,Entry long,2021-03-01 18:00,S2_LE,1746.761,5.7,9956.5377,-99.57,-1.00,5.3,0.05,-99.57,-1.00,3042.24,30.42
160,Exit long,2021-03-02 11:00,S2_SL,1708.155,5.7,9834.8427,-98.36,-1.00,17.3,0.18,-98.36,-1.00,2943.88,29.44
160,Entry long,2021-03-02 02:30,S2_LE,1725.411,5.7,9834.8427,-98.36,-1.00,17.3,0.18,-98.36,-1.00,2943.88,29.44
161,Exit long,2021-03-03 21:00,S2_SL,1709.997,5.7,9845.4447,-98.46,-1.00,75.63,0.77,-98.46,-1.00,2845.42,28.45
161,Entry long,2021-03-02 22:00,S2_LE,1727.271,5.7,9845.4447,-98.46,-1.00,75.63,0.77,-98.46,-1.00,2845.42,28.45
162,Exit long,2021-03-08 23:30,S2_SL,1680.554,5.8,9845.6798,-98.47,-1.00,96.85,0.98,-98.47,-1.00,2746.95,27.47
162,Entry long,2021-03-05 04:30,S2_LE,1697.531,5.8,9845.6798,-98.47,-1.00,96.85,0.98,-98.47,-1.00,2746.95,27.47
163,Exit long,2021-03-11 11:30,S2_LX_TP1,1731.919,5.8,9848.1738,196.96,2.00,212.74,2.16,-11.95,-0.12,2943.91,29.44
163,Entry long,2021-03-09 16:30,S2_LE,1697.961,5.8,9848.1738,196.96,2.00,212.74,2.16,-11.95,-0.12,2943.91,29.44
164,Exit long,2021-03-12 16:00,S2_SL,1706.66,5.8,9998.6258,-100,-1.00,25.63,0.26,-100,-1.00,2843.91,28.44
164,Entry long,2021-03-12 00:30,S2_LE,1723.901,5.8,9998.6258,-100,-1.00,25.63,0.26,-100,-1.00,2843.91,28.44
165,Exit long,2021-03-16 14:00,S2_LX_TP1,1735.57,5.8,9868.9378,197.37,2.00,207.17,2.10,-13.58,-0.14,3041.28,30.41
165,Entry long,2021-03-12 19:30,S2_LE,1701.541,5.8,9868.9378,197.37,2.00,207.17,2.10,-13.58,-0.14,3041.28,30.41
166,Exit long,2021-03-29 21:30,S2_SL,1714.085,5.7,9868.9857,-98.7,-1.00,137.36,1.39,-98.7,-1.00,2942.58,29.43
166,Entry long,2021-03-16 17:30,S2_LE,1731.401,5.7,9868.9857,-98.7,-1.00,137.36,1.39,-98.7,-1.00,2942.58,29.43
167,Exit long,2021-03-30 15:30,S2_SL,1695.493,5.8,9933.2018,-99.34,-1.00,10.26,0.10,-99.34,-1.00,2843.23,28.43
167,Entry long,2021-03-30 08:30,S2_LE,1712.621,5.8,9933.2018,-99.34,-1.00,10.26,0.10,-99.34,-1.00,2843.23,28.43
168,Exit long,2021-04-05 11:30,S2_LX_TP1,1724.099,5.9,9948.2319,223.95,2.25,261.84,2.63,-50.39,-0.51,3067.19,30.67
168,Entry long,2021-03-30 22:30,S2_LE,1686.141,5.9,9948.2319,223.95,2.25,261.84,2.63,-50.39,-0.51,3067.19,30.67
169,Exit long,2021-04-15 22:30,S2_LX_TP1,1763.865,5.7,9856.9017,197.13,2.00,207.42,2.10,-38.08,-0.39,3264.31,32.64
169,Entry long,2021-04-06 08:00,S2_LE,1729.281,5.7,9856.9017,197.13,2.00,207.42,2.10,-38.08,-0.39,3264.31,32.64
170,Exit long,2021-04-20 17:30,S2_SL,1764.219,5.6,9979.4296,-99.8,-1.00,1.34,0.01,-99.8,-1.00,3164.51,31.65
170,Entry long,2021-04-19 20:00,S2_LE,1782.041,5.6,9979.4296,-99.8,-1.00,1.34,0.01,-99.8,-1.00,3164.51,31.65
171,Exit long,2021-05-10 18:30,S2_LX_TP2,1838.79,5.6,9901.1864,396.04,4.00,421.35,4.26,-67.98,-0.69,3560.55,35.61
171,Entry long,2021-04-20 21:30,S2_LE,1768.069,5.6,9901.1864,396.04,4.00,421.35,4.26,-67.98,-0.69,3560.55,35.61
172,Exit long,2021-05-11 21:00,S2_SL,1821.451,5.4,9935.1954,-99.36,-1.00,30.17,0.30,-99.36,-1.00,3461.19,34.61
172,Entry long,2021-05-10 19:00,S2_LE,1839.851,5.4,9935.1954,-99.36,-1.00,30.17,0.30,-99.36,-1.00,3461.19,34.61
173,Exit long,2021-05-13 00:00,S2_SL,1818.827,5.4,9920.8854,-99.22,-1.00,34.99,0.35,-99.22,-1.00,3361.97,33.62
173,Entry long,2021-05-12 07:00,S2_LE,1837.201,5.4,9920.8854,-99.22,-1.00,34.99,0.35,-99.22,-1.00,3361.97,33.62
174,Exit long,2021-05-17 22:30,S2_LX_TP1,1859.57,5.4,9844.7886,196.89,2.00,206.07,2.09,-79.43,-0.81,3558.86,35.59
174,Entry long,2021-05-13 00:30,S2_LE,1823.109,5.4,9844.7886,196.89,2.00,206.07,2.09,-79.43,-0.81,3558.86,35.59
175,Exit long,2021-05-26 13:30,S2_LX_TP1,1902.891,5.3,9887.5793,197.74,2.00,224.03,2.27,-76.75,-0.78,3756.6,37.57
175,Entry long,2021-05-17 23:30,S2_LE,1865.581,5.3,9887.5793,197.74,2.00,224.03,2.27,-76.75,-0.78,3756.6,37.57
176,Exit long,2021-05-28 20:00,S2_SL,1884.464,5.2,9898.2052,-98.99,-1.00,48.04,0.49,-98.99,-1.00,3657.61,36.58
176,Entry long,2021-05-26 14:30,S2_LE,1903.501,5.2,9898.2052,-98.99,-1.00,48.04,0.49,-98.99,-1.00,3657.61,36.58
177,Exit long,2021-06-03 20:00,S2_SL,1889.365,5.2,9923.9452,-99.25,-1.00,42.01,0.42,-99.25,-1.00,3558.36,35.58
177,Entry long,2021-05-31 10:30,S2_LE,1908.451,5.2,9923.9452,-99.25,-1.00,42.01,0.42,-99.25,-1.00,3558.36,35.58
178,Exit long,2021-06-14 18:30,S2_SL,1854.19,5.3,9926.4813,-99.27,-1.00,163.45,1.65,-99.27,-1.00,3459.09,34.59
178,Entry long,2021-06-04 03:30,S2_LE,1872.921,5.3,9926.4813,-99.27,-1.00,163.45,1.65,-99.27,-1.00,3459.09,34.59
179,Exit long,2021-06-17 02:00,S2_SL,1847.407,5.3,9890.1657,-98.91,-1.00,16.49,0.17,-98.91,-1.00,3360.18,33.60
179,Entry long,2021-06-15 04:00,S2_LE,1866.069,5.3,9890.1657,-98.91,-1.00,16.49,0.17,-98.91,-1.00,3360.18,33.60
180,Exit long,2021-06-17 16:30,S2_SL,1803.391,5.4,9836.6886,-98.38,-1.00,0.57,0.01,-98.38,-1.00,3261.8,32.62
180,Entry long,2021-06-17 12:30,S2_LE,1821.609,5.4,9836.6886,-98.38,-1.00,0.57,0.01,-98.38,-1.00,3261.8,32.62
181,Exit long,2021-06-17 20:00,S2_SL,1780.514,5.5,9891.7555,-98.93,-1.00,9.62,0.10,-98.93,-1.00,3162.87,31.63
181,Entry long,2021-06-17 19:00,S2_LE,1798.501,5.5,9891.7555,-98.93,-1.00,9.62,0.10,-98.93,-1.00,3162.87,31.63
182,Exit long,2021-06-19 03:30,S2_SL,1762.338,5.6,9968.7896,-99.7,-1.00,95.59,0.96,-99.7,-1.00,3063.18,30.63
182,Entry long,2021-06-17 22:30,S2_LE,1780.141,5.6,9968.7896,-99.7,-1.00,95.59,0.96,-99.7,-1.00,3063.18,30.63
183,Exit long,2021-06-29 20:30,S2_SL,1758.733,5.6,9948.3944,-99.49,-1.00,103.72,1.04,-99.49,-1.00,2963.69,29.64
183,Entry long,2021-06-21 11:30,S2_LE,1776.499,5.6,9948.3944,-99.49,-1.00,103.72,1.04,-99.49,-1.00,2963.69,29.64
184,Exit long,2021-07-03 02:30,S2_LX_TP1,1789.539,5.6,9824.9256,196.49,2.00,227.8,2.32,-13.17,-0.13,3160.18,31.60
184,Entry long,2021-06-29 23:00,S2_LE,1754.451,5.6,9824.9256,196.49,2.00,227.8,2.32,-13.17,-0.13,3160.18,31.60
185,Exit long,2021-07-14 21:30,S2_LX_TP1,1821.21,5.5,9820.2555,196.4,2.00,243.97,2.48,-11.01,-0.11,3356.58,33.57
185,Entry long,2021-07-05 09:00,S2_LE,1785.501,5.5,9820.2555,196.4,2.00,243.97,2.48,-11.01,-0.11,3356.58,33.57
186,Exit long,2021-07-19 14:00,S2_SL,1806.947,5.4,9856.0854,-98.57,-1.00,48.27,0.49,-98.57,-1.00,3258.01,32.58
186,Entry long,2021-07-15 12:00,S2_LE,1825.201,5.4,9856.0854,-98.57,-1.00,48.27,0.49,-98.57,-1.00,3258.01,32.58
187,Exit long,2021-07-21 20:00,S2_SL,1796.117,5.5,9978.4355,-99.79,-1.00,59.17,0.59,-99.79,-1.00,3158.22,31.58
187,Entry long,2021-07-19 22:30,S2_LE,1814.261,5.5,9978.4355,-99.79,-1.00,59.17,0.59,-99.79,-1.00,3158.22,31.58
188,Exit long,2021-08-06 20:30,S2_SL,1786.157,5.5,9923.1055,-99.24,-1.00,156.63,1.58,-99.24,-1.00,3058.97,30.59
188,Entry long,2021-07-21 22:30,S2_LE,1804.201,5.5,9923.1055,-99.24,-1.00,156.63,1.58,-99.24,-1.00,3058.97,30.59
189,Exit long,2021-08-09 09:30,S2_LX_TP1,1737.774,5.8,9881.4658,197.62,2.00,221.96,2.25,-5.52,-0.06,3256.6,32.57
189,Entry long,2021-08-09 07:30,S2_LE,1703.701,5.8,9881.4658,197.62,2.00,221.96,2.25,-5.52,-0.06,3256.6,32.57
190,Exit long,2021-08-16 13:00,S2_LX_TP1,1774.599,5.7,9874.1727,241.04,2.44,286.88,2.91,-90.12,-0.91,3497.64,34.98
190,Entry long,2021-08-10 09:00,S2_LE,1732.311,5.7,9874.1727,241.04,2.44,286.88,2.91,-90.12,-0.91,3497.64,34.98
191,Exit long,2021-08-30 14:00,S2_LX_TP1,1812.199,5.6,9940.6104,207.7,2.09,269.31,2.71,-29.73,-0.30,3705.34,37.05
191,Entry long,2021-08-16 14:30,S2_LE,1775.109,5.6,9940.6104,207.7,2.09,269.31,2.71,-29.73,-0.30,3705.34,37.05
192,Exit long,2021-09-07 22:00,S2_SL,1796.75,5.5,9981.9555,-99.83,-1.00,105.1,1.05,-99.83,-1.00,3605.51,36.06
192,Entry long,2021-08-31 17:00,S2_LE,1814.901,5.5,9981.9555,-99.83,-1.00,105.1,1.05,-99.83,-1.00,3605.51,36.06
193,Exit long,2021-09-16 17:30,S2_SL,1777.683,5.5,9876.0255,-98.77,-1.00,72.04,0.73,-98.77,-1.00,3506.74,35.07
193,Entry long,2021-09-08 08:00,S2_LE,1795.641,5.5,9876.0255,-98.77,-1.00,72.04,0.73,-98.77,-1.00,3506.74,35.07
194,Exit long,2021-09-16 20:30,S2_SL,1761.239,5.6,9962.5736,-99.64,-1.00,7.83,0.08,-99.64,-1.00,3407.11,34.07
194,Entry long,2021-09-16 18:30,S2_LE,1779.031,5.6,9962.5736,-99.64,-1.00,7.83,0.08,-99.64,-1.00,3407.11,34.07
195,Exit long,2021-09-28 15:00,S2_SL,1736.45,5.7,9997.7487,-99.98,-1.00,189.52,1.90,-99.98,-1.00,3307.12,33.07
195,Entry long,2021-09-16 23:00,S2_LE,1753.991,5.7,9997.7487,-99.98,-1.00,189.52,1.90,-99.98,-1.00,3307.12,33.07
196,Exit long,2021-09-29 22:00,S2_SL,1724.876,5.7,9931.1157,-99.32,-1.00,18.8,0.19,-99.32,-1.00,3207.8,32.08
196,Entry long,2021-09-28 15:30,S2_LE,1742.301,5.7,9931.1157,-99.32,-1.00,18.8,0.19,-99.32,-1.00,3207.8,32.08
197,Exit long,2021-10-04 07:00,S2_LX_TP1,1762.56,5.7,9849.6057,196.99,2.00,212.38,2.16,-43.33,-0.44,3404.79,34.05
197,Entry long,2021-09-29 23:00,S2_LE,1728.001,5.7,9849.6057,196.99,2.00,212.38,2.16,-43.33,-0.44,3404.79,34.05
198,Exit long,2021-10-14 00:00,S2_LX_TP1,1793.93,5.6,9849.0336,196.97,2.00,209.24,2.12,-78.15,-0.79,3601.76,36.02
198,Entry long,2021-10-04 12:00,S2_LE,1758.756,5.6,9849.0336,196.97,2.00,209.24,2.12,-78.15,-0.79,3601.76,36.02
199,Exit long,2021-10-15 19:30,S2_SL,1778.94,5.5,9883.0105,-98.84,-1.00,19.74,0.20,-98.84,-1.00,3502.92,35.03
199,Entry long,2021-10-14 18:00,S2_LE,1796.911,5.5,9883.0105,-98.84,-1.00,19.74,0.20,-98.84,-1.00,3502.92,35.03
200,Exit long,2021-10-22 21:00,S2_LX_TP1,1803.633,5.6,9902.3064,198.04,2.00,221.43,2.24,-51.35,-0.52,3700.96,37.01
200,Entry long,2021-10-16 03:30,S2_LE,1768.269,5.6,9902.3064,198.04,2.00,221.43,2.24,-51.35,-0.52,3700.96,37.01
201,Exit long,2021-10-29 21:30,S2_SL,1775.697,5.5,9864.9925,-98.66,-1.00,92.37,0.94,-98.66,-1.00,3602.3,36.02
201,Entry long,2021-10-23 04:30,S2_LE,1793.635,5.5,9864.9925,-98.66,-1.00,92.37,0.94,-98.66,-1.00,3602.3,36.02
202,Exit long,2021-11-03 22:00,S2_SL,1760.19,5.6,9956.6376,-99.57,-1.00,103.31,1.04,-99.57,-1.00,3502.73,35.03
202,Entry long,2021-10-30 00:00,S2_LE,1777.971,5.6,9956.6376,-99.57,-1.00,103.31,1.04,-99.57,-1.00,3502.73,35.03
203,Exit long,2021-11-08 16:30,S2_LX_TP1,1812.199,5.6,9936.6456,211.67,2.13,263.45,2.65,-16.81,-0.17,3714.4,37.14
203,Entry long,2021-11-04 16:00,S2_LE,1774.401,5.6,9936.6456,211.67,2.13,263.45,2.65,-16.81,-0.17,3714.4,37.14
204,Exit long,2021-11-10 23:00,S2_LX_TP1,1858.086,5.4,9836.9316,196.73,2.00,253.35,2.58,-19.73,-0.20,3911.13,39.11
204,Entry long,2021-11-08 22:00,S2_LE,1821.654,5.4,9836.9316,196.73,2.00,253.35,2.58,-19.73,-0.20,3911.13,39.11
205,Exit long,2021-11-22 22:00,S2_SL,1829.015,5.4,9976.4514,-99.77,-1.00,160.13,1.61,-99.77,-1.00,3811.36,38.11
205,Entry long,2021-11-11 03:30,S2_LE,1847.491,5.4,9976.4514,-99.77,-1.00,160.13,1.61,-99.77,-1.00,3811.36,38.11
206,Exit long,2021-11-23 21:00,S2_SL,1790.868,5.5,9949.2745,-99.5,-1.00,18.98,0.19,-99.5,-1.00,3711.86,37.12
206,Entry long,2021-11-23 08:00,S2_LE,1808.959,5.5,9949.2745,-99.5,-1.00,18.98,0.19,-99.5,-1.00,3711.86,37.12
207,Exit long,2021-12-01 00:00,S2_SL,1771.817,5.5,9843.438,-98.44,-1.00,142.36,1.45,-98.44,-1.00,3613.41,36.13
207,Entry long,2021-11-24 03:30,S2_LE,1789.716,5.5,9843.438,-98.44,-1.00,142.36,1.45,-98.44,-1.00,3613.41,36.13
208,Exit long,2021-12-02 22:30,S2_SL,1763.274,5.6,9974.0816,-99.75,-1.00,4.56,0.05,-99.75,-1.00,3513.67,35.14
208,Entry long,2021-12-02 08:30,S2_LE,1781.086,5.6,9974.0816,-99.75,-1.00,4.56,0.05,-99.75,-1.00,3513.67,35.14
209,Exit long,2021-12-17 10:00,S2_LX_TP1,1801.983,5.6,9893.2456,197.86,2.00,205.29,2.08,-80.09,-0.81,3711.53,37.12
209,Entry long,2021-12-03 04:00,S2_LE,1766.651,5.6,9893.2456,197.86,2.00,205.29,2.08,-80.09,-0.81,3711.53,37.12
210,Exit long,2021-12-21 23:30,S2_SL,1785.009,5.5,9916.7255,-99.18,-1.00,61.76,0.62,-99.18,-1.00,3612.35,36.12
210,Entry long,2021-12-17 11:30,S2_LE,1803.041,5.5,9916.7255,-99.18,-1.00,61.76,0.62,-99.18,-1.00,3612.35,36.12
211,Exit long,2021-12-31 22:00,S2_LX_TP1,1823.076,5.5,9830.3205,196.6,2.00,220.57,2.24,-12.82,-0.13,3808.95,38.09
211,Entry long,2021-12-22 02:00,S2_LE,1787.331,5.5,9830.3205,196.6,2.00,220.57,2.24,-12.82,-0.13,3808.95,38.09
212,Exit long,2022-01-19 23:30,S2_LX_TP1,1836.244,5.5,9901.3255,198.02,2.00,211.69,2.14,-98.68,-1.00,4006.96,40.07
212,Entry long,2022-01-04 00:30,S2_LE,1800.241,5.5,9901.3255,198.02,2.00,211.69,2.14,-98.68,-1.00,4006.96,40.07
213,Exit long,2022-01-27 03:30,S2_SL,1820.609,5.4,9930.6054,-99.32,-1.00,80.08,0.81,-99.32,-1.00,3907.65,39.08
213,Entry long,2022-01-20 13:30,S2_LE,1839.001,5.4,9930.6054,-99.32,-1.00,80.08,0.81,-99.32,-1.00,3907.65,39.08
214,Exit long,2022-01-27 23:30,S2_SL,1796.211,5.5,9978.958,-99.8,-1.00,13.99,0.14,-99.8,-1.00,3807.85,38.08
214,Entry long,2022-01-27 17:00,S2_LE,1814.356,5.5,9978.958,-99.8,-1.00,13.99,0.14,-99.8,-1.00,3807.85,38.08
215,Exit long,2022-01-28 19:00,S2_SL,1780.693,5.5,9892.7455,-98.93,-1.00,4.01,0.04,-98.93,-1.00,3708.92,37.09
215,Entry long,2022-01-28 10:30,S2_LE,1798.681,5.5,9892.7455,-98.93,-1.00,4.01,0.04,-98.93,-1.00,3708.92,37.09
216,Exit long,2022-02-08 22:00,S2_LX_TP1,1823.556,5.5,9832.9055,196.65,2.00,203.16,2.07,-18.71,-0.19,3905.57,39.06
216,Entry long,2022-01-31 11:30,S2_LE,1787.801,5.5,9832.9055,196.65,2.00,203.16,2.07,-18.71,-0.19,3905.57,39.06
217,Exit long,2022-02-12 05:30,S2_LX_TP1,1862.53,5.4,9860.4594,197.2,2.00,212.88,2.16,-29.22,-0.30,4102.77,41.03
217,Entry long,2022-02-09 07:30,S2_LE,1826.011,5.4,9860.4594,197.2,2.00,212.88,2.16,-29.22,-0.30,4102.77,41.03
218,Exit long,2022-02-15 16:30,S2_SL,1859.804,5.3,9956.5323,-99.57,-1.00,2.14,0.02,-99.57,-1.00,4003.2,40.03
218,Entry long,2022-02-15 15:00,S2_LE,1878.591,5.3,9956.5323,-99.57,-1.00,2.14,0.02,-99.57,-1.00,4003.2,40.03
219,Exit long,2022-02-17 22:00,S2_LX_TP1,1893.313,5.3,9837.8123,196.75,2.00,220.26,2.24,-65.67,-0.67,4199.95,42.00
219,Entry long,2022-02-15 18:30,S2_LE,1856.191,5.3,9837.8123,196.75,2.00,220.26,2.24,-65.67,-0.67,4199.95,42.00
220,Exit long,2022-02-24 18:30,S2_LX_TP2,1968.272,5.2,9841.3692,393.65,4.00,419.11,4.26,-36.77,-0.37,4593.59,45.94
220,Entry long,2022-02-17 22:30,S2_LE,1892.571,5.2,9841.3692,393.65,4.00,419.11,4.26,-36.77,-0.37,4593.59,45.94
221,Exit long,2022-03-01 00:30,S2_SL,1896.636,5.2,9962.134,-99.63,-1.00,7.51,0.08,-99.63,-1.00,4493.97,44.94
221,Entry long,2022-02-28 22:30,S2_LE,1915.795,5.2,9962.134,-99.63,-1.00,7.51,0.08,-99.63,-1.00,4493.97,44.94
222,Exit long,2022-03-07 10:00,S2_LX_TP2,1993.461,5.2,9967.3132,398.68,4.00,438.2,4.40,-17.11,-0.17,4892.65,48.93
222,Entry long,2022-03-01 22:00,S2_LE,1916.791,5.2,9967.3132,398.68,4.00,438.2,4.40,-17.11,-0.17,4892.65,48.93
223,Exit long,2022-03-07 21:30,S2_SL,1962.615,5,9912.205,-99.13,-1.00,100.65,1.02,-99.13,-1.00,4793.52,47.94
223,Entry long,2022-03-07 15:30,S2_LE,1982.441,5,9912.205,-99.13,-1.00,100.65,1.02,-99.13,-1.00,4793.52,47.94
224,Exit long,2022-03-09 01:00,S2_LX_TP2,2058.268,5,9895.525,395.82,4.00,456.58,4.61,-58.52,-0.59,5189.33,51.89
224,Entry long,2022-03-07 22:00,S2_LE,1979.105,5,9895.525,395.82,4.00,456.58,4.61,-58.52,-0.59,5189.33,51.89
225,Exit long,2022-03-09 21:00,S2_SL,1994.038,4.9,9869.4869,-98.7,-1.00,35.52,0.36,-98.7,-1.00,5090.63,50.91
225,Entry long,2022-03-09 18:30,S2_LE,2014.181,4.9,9869.4869,-98.7,-1.00,35.52,0.36,-98.7,-1.00,5090.63,50.91
226,Exit long,2022-03-11 20:30,S2_SL,1961.823,5,9908.205,-99.09,-1.00,137.65,1.39,-99.09,-1.00,4991.54,49.92
226,Entry long,2022-03-10 15:30,S2_LE,1981.641,5,9908.205,-99.09,-1.00,137.65,1.39,-99.09,-1.00,4991.54,49.92
227,Exit long,2022-03-15 08:00,S2_SL,1946.399,5,9830.305,-98.31,-1.00,9.45,0.10,-98.31,-1.00,4893.23,48.93
227,Entry long,2022-03-14 17:30,S2_LE,1966.061,5,9830.305,-98.31,-1.00,9.45,0.10,-98.31,-1.00,4893.23,48.93
228,Exit long,2022-03-15 13:00,S2_SL,1930.668,5.1,9945.8721,-99.47,-1.00,8.51,0.09,-99.47,-1.00,4793.77,47.94
228,Entry long,2022-03-15 08:30,S2_LE,1950.171,5.1,9945.8721,-99.47,-1.00,8.51,0.09,-99.47,-1.00,4793.77,47.94
229,Exit long,2022-03-15 22:00,S2_SL,1912.214,5.1,9850.8081,-98.52,-1.00,10.35,0.11,-98.52,-1.00,4695.25,46.95
229,Entry long,2022-03-15 18:00,S2_LE,1931.531,5.1,9850.8081,-98.52,-1.00,10.35,0.11,-98.52,-1.00,4695.25,46.95
230,Exit long,2022-03-17 02:00,S2_SL,1895.612,5.2,9956.7572,-99.57,-1.00,64.16,0.64,-99.57,-1.00,4595.68,45.96
230,Entry long,2022-03-16 15:00,S2_LE,1914.761,5.2,9956.7572,-99.57,-1.00,64.16,0.64,-99.57,-1.00,4595.68,45.96
231,Exit long,2022-03-22 22:00,S2_SL,1915.154,5.1,9865.9551,-98.67,-1.00,34.22,0.35,-98.67,-1.00,4497.01,44.97
231,Entry long,2022-03-18 12:30,S2_LE,1934.501,5.1,9865.9551,-98.67,-1.00,34.22,0.35,-98.67,-1.00,4497.01,44.97
232,Exit long,2022-03-24 23:30,S2_LX_TP1,1959.883,5.2,9991.566,199.83,2.00,230.28,2.30,-27.33,-0.27,4696.83,46.97
232,Entry long,2022-03-23 14:00,S2_LE,1921.455,5.2,9991.566,199.83,2.00,230.28,2.30,-27.33,-0.27,4696.83,46.97
233,Exit long,2022-03-28 11:30,S2_SL,1942.538,5,9810.805,-98.11,-1.00,10.4,0.11,-98.11,-1.00,4598.72,45.99
233,Entry long,2022-03-25 03:30,S2_LE,1962.161,5,9810.805,-98.11,-1.00,10.4,0.11,-98.11,-1.00,4598.72,45.99
234,Exit long,2022-03-29 03:00,S2_SL,1923.629,5.1,9909.6111,-99.1,-1.00,13.31,0.13,-99.1,-1.00,4499.61,45.00
234,Entry long,2022-03-28 13:00,S2_LE,1943.061,5.1,9909.6111,-99.1,-1.00,13.31,0.13,-99.1,-1.00,4499.61,45.00
235,Exit long,2022-04-11 21:00,S2_LX_TP1,1962.072,5.1,9810.3651,196.2,2.00,235.6,2.40,-45.4,-0.46,4695.82,46.96
235,Entry long,2022-03-30 12:00,S2_LE,1923.601,5.1,9810.3651,196.2,2.00,235.6,2.40,-45.4,-0.46,4695.82,46.96
236,Exit long,2022-04-18 16:00,S2_LX_TP1,1991.427,5.1,9957.1431,199.13,2.00,207.82,2.09,-17.75,-0.18,4894.95,48.95
236,Entry long,2022-04-12 09:00,S2_LE,1952.381,5.1,9957.1431,199.13,2.00,207.82,2.09,-17.75,-0.18,4894.95,48.95
237,Exit long,2022-04-19 22:30,S2_SL,1955.238,5,9874.945,-98.75,-1.00,34.81,0.35,-98.75,-1.00,4796.2,47.96
237,Entry long,2022-04-19 13:30,S2_LE,1974.989,5,9874.945,-98.75,-1.00,34.81,0.35,-98.75,-1.00,4796.2,47.96
238,Exit long,2022-04-22 23:00,S2_SL,1928.331,5.1,9933.8361,-99.35,-1.00,53.54,0.54,-99.35,-1.00,4696.85,46.97
238,Entry long,2022-04-20 11:30,S2_LE,1947.811,5.1,9933.8361,-99.35,-1.00,53.54,0.54,-99.35,-1.00,4696.85,46.97
239,Exit long,2022-04-27 21:30,S2_SL,1885.187,5.2,9902.0012,-99.03,-1.00,36.19,0.37,-99.03,-1.00,4597.82,45.98
239,Entry long,2022-04-26 13:30,S2_LE,1904.231,5.2,9902.0012,-99.03,-1.00,36.19,0.37,-99.03,-1.00,4597.82,45.98
240,Exit long,2022-05-02 20:30,S2_SL,1867.217,5.3,9996.2187,-99.97,-1.00,179.25,1.79,-99.97,-1.00,4497.85,44.98
240,Entry long,2022-04-28 08:30,S2_LE,1886.079,5.3,9996.2187,-99.97,-1.00,179.25,1.79,-99.97,-1.00,4497.85,44.98
241,Exit long,2022-05-05 09:30,S2_LX_TP1,1900.861,5.3,9877.0323,197.53,2.00,204.68,2.07,-72.56,-0.73,4695.38,46.95
241,Entry long,2022-05-02 23:30,S2_LE,1863.591,5.3,9877.0323,197.53,2.00,204.68,2.07,-72.56,-0.73,4695.38,46.95
242,Exit long,2022-05-09 18:00,S2_SL,1857.695,5.3,9945.2433,-99.46,-1.00,85.06,0.86,-99.46,-1.00,4595.92,45.96
242,Entry long,2022-05-06 01:00,S2_LE,1876.461,5.3,9945.2433,-99.46,-1.00,85.06,0.86,-99.46,-1.00,4595.92,45.96
243,Exit long,2022-05-11 07:30,S2_SL,1834.004,5.3,9818.4143,-98.19,-1.00,68.21,0.69,-98.19,-1.00,4497.73,44.98
243,Entry long,2022-05-10 04:30,S2_LE,1852.531,5.3,9818.4143,-98.19,-1.00,68.21,0.69,-98.19,-1.00,4497.73,44.98
244,Exit long,2022-05-13 00:30,S2_SL,1831.47,5.4,9989.8434,-99.91,-1.00,22.89,0.23,-99.91,-1.00,4397.82,43.98
244,Entry long,2022-05-12 14:00,S2_LE,1849.971,5.4,9989.8434,-99.91,-1.00,22.89,0.23,-99.91,-1.00,4397.82,43.98
245,Exit long,2022-05-13 21:00,S2_SL,1804.789,5.4,9844.3134,-98.45,-1.00,31.8,0.32,-98.45,-1.00,4299.37,42.99
245,Entry long,2022-05-13 04:30,S2_LE,1823.021,5.4,9844.3134,-98.45,-1.00,31.8,0.32,-98.45,-1.00,4299.37,42.99
246,Exit long,2022-05-23 17:00,S2_LX_TP1,1860.855,5.4,9851.5926,197.02,2.00,209.53,2.13,-94.87,-0.96,4496.4,44.96
246,Entry long,2022-05-17 09:30,S2_LE,1824.369,5.4,9851.5926,197.02,2.00,209.53,2.13,-94.87,-0.96,4496.4,44.96
247,Exit long,2022-06-01 09:30,S2_SL,1832.509,5.4,9995.5134,-99.96,-1.00,100.65,1.01,-99.96,-1.00,4396.43,43.96
247,Entry long,2022-05-24 00:30,S2_LE,1851.021,5.4,9995.5134,-99.96,-1.00,100.65,1.01,-99.96,-1.00,4396.43,43.96
248,Exit long,2022-06-03 08:30,S2_LX_TP1,1869.955,5.4,9899.7714,197.99,2.00,202.33,2.04,-29.65,-0.30,4594.42,45.94
248,Entry long,2022-06-01 13:00,S2_LE,1833.291,5.4,9899.7714,197.99,2.00,202.33,2.04,-29.65,-0.30,4594.42,45.94
249,Exit long,2022-06-10 20:00,S2_SL,1832.232,5.4,9994.0014,-99.95,-1.00,48.05,0.48,-99.95,-1.00,4494.47,44.94
249,Entry long,2022-06-04 00:30,S2_LE,1850.741,5.4,9994.0014,-99.95,-1.00,48.05,0.48,-99.95,-1.00,4494.47,44.94
250,Exit long,2022-06-13 20:30,S2_SL,1844.765,5.3,9876.0253,-98.77,-1.00,20.24,0.20,-98.77,-1.00,4395.7,43.96
250,Entry long,2022-06-13 13:00,S2_LE,1863.401,5.3,9876.0253,-98.77,-1.00,20.24,0.20,-98.77,-1.00,4395.7,43.96
251,Exit long,2022-06-17 00:00,S2_LX_TP1,1844.29,5.5,9944.7095,198.89,2.00,213.41,2.15,-6.35,-0.06,4594.58,45.95
251,Entry long,2022-06-15 04:30,S2_LE,1808.129,5.5,9944.7095,198.89,2.00,213.41,2.15,-6.35,-0.06,4594.58,45.95
252,Exit long,2022-06-22 03:30,S2_SL,1828.084,5.4,9971.3754,-99.72,-1.00,35.15,0.35,-99.72,-1.00,4494.86,44.95
252,Entry long,2022-06-17 15:30,S2_LE,1846.551,5.4,9971.3754,-99.72,-1.00,35.15,0.35,-99.72,-1.00,4494.86,44.95
253,Exit long,2022-06-29 14:30,S2_SL,1816.075,5.4,9905.8734,-99.07,-1.00,63.81,0.64,-99.07,-1.00,4395.79,43.96
253,Entry long,2022-06-23 15:30,S2_LE,1834.421,5.4,9905.8734,-99.07,-1.00,63.81,0.64,-99.07,-1.00,4395.79,43.96
254,Exit long,2022-07-01 12:00,S2_SL,1800.158,5.4,9819.0522,-98.2,-1.00,36.49,0.37,-98.2,-1.00,4297.59,42.98
254,Entry long,2022-06-30 07:00,S2_LE,1818.343,5.4,9819.0522,-98.2,-1.00,36.49,0.37,-98.2,-1.00,4297.59,42.98
255,Exit long,2022-07-05 22:00,S2_SL,1772.466,5.5,9847.0405,-98.48,-1.00,131.5,1.34,-98.48,-1.00,4199.12,41.99
255,Entry long,2022-07-01 20:00,S2_LE,1790.371,5.5,9847.0405,-98.48,-1.00,131.5,1.34,-98.48,-1.00,4199.12,41.99
256,Exit long,2022-07-12 09:00,S2_SL,1724.618,5.7,9929.628,-99.31,-1.00,59.39,0.60,-99.31,-1.00,4099.81,41.00
256,Entry long,2022-07-07 17:00,S2_LE,1742.04,5.7,9929.628,-99.31,-1.00,59.39,0.60,-99.31,-1.00,4099.81,41.00
257,Exit long,2022-07-13 20:30,S2_SL,1713.59,5.7,9866.1357,-98.67,-1.00,76.77,0.78,-98.67,-1.00,4001.14,40.01
257,Entry long,2022-07-12 09:30,S2_LE,1730.901,5.7,9866.1357,-98.67,-1.00,76.77,0.78,-98.67,-1.00,4001.14,40.01
258,Exit long,2022-07-21 04:00,S2_SL,1694.464,5.8,9927.1698,-99.28,-1.00,71.16,0.72,-99.28,-1.00,3901.86,39.02
258,Entry long,2022-07-15 08:00,S2_LE,1711.581,5.8,9927.1698,-99.28,-1.00,71.16,0.72,-99.28,-1.00,3901.86,39.02
259,Exit long,2022-07-22 22:30,S2_LX_TP1,1729.878,5.8,9836.568,196.72,2.00,251.2,2.55,-91.41,-0.93,4098.58,40.99
259,Entry long,2022-07-21 07:00,S2_LE,1695.96,5.8,9836.568,196.72,2.00,251.2,2.55,-91.41,-0.93,4098.58,40.99
260,Exit long,2022-07-26 20:00,S2_SL,1713.733,5.7,9866.9565,-98.68,-1.00,29.61,0.30,-98.68,-1.00,3999.9,40.00
260,Entry long,2022-07-23 00:00,S2_LE,1731.045,5.7,9866.9565,-98.68,-1.00,29.61,0.30,-98.68,-1.00,3999.9,40.00
261,Exit long,2022-07-28 23:00,S2_LX_TP1,1753.431,5.8,9970.4958,199.4,2.00,219.12,2.20,-46.12,-0.46,4199.31,41.99
261,Entry long,2022-07-26 23:00,S2_LE,1719.051,5.8,9970.4958,199.4,2.00,219.12,2.20,-46.12,-0.46,4199.31,41.99
262,Exit long,2022-08-10 23:00,S2_LX_TP1,1800.388,5.6,9884.4928,197.68,2.00,239.92,2.43,-63.38,-0.64,4396.99,43.97
262,Entry long,2022-08-01 16:30,S2_LE,1765.088,5.6,9884.4928,197.68,2.00,239.92,2.43,-63.38,-0.64,4396.99,43.97
263,Exit long,2022-08-15 17:30,S2_SL,1780.554,5.5,9891.9755,-98.93,-1.00,22.87,0.23,-98.93,-1.00,4298.06,42.98
263,Entry long,2022-08-11 00:30,S2_LE,1798.541,5.5,9891.9755,-98.93,-1.00,22.87,0.23,-98.93,-1.00,4298.06,42.98
264,Exit long,2022-08-18 23:30,S2_SL,1757.279,5.6,9940.1736,-99.41,-1.00,64.39,0.65,-99.41,-1.00,4198.65,41.99
264,Entry long,2022-08-15 20:00,S2_LE,1775.031,5.6,9940.1736,-99.41,-1.00,64.39,0.65,-99.41,-1.00,4198.65,41.99
265,Exit long,2022-08-22 14:00,S2_SL,1741.479,5.6,9850.7976,-98.52,-1.00,2.4,0.02,-98.52,-1.00,4100.13,41.00
265,Entry long,2022-08-19 06:00,S2_LE,1759.071,5.6,9850.7976,-98.52,-1.00,2.4,0.02,-98.52,-1.00,4100.13,41.00
266,Exit long,2022-08-31 15:00,S2_SL,1719.059,5.7,9897.6225,-98.99,-1.00,165.61,1.67,-98.99,-1.00,4001.15,40.01
266,Entry long,2022-08-22 18:30,S2_LE,1736.425,5.7,9897.6225,-98.99,-1.00,165.61,1.67,-98.99,-1.00,4001.15,40.01
267,Exit long,2022-09-01 20:30,S2_SL,1694.751,5.8,9928.8518,-99.3,-1.00,67.45,0.68,-99.3,-1.00,3901.85,39.02
267,Entry long,2022-08-31 19:00,S2_LE,1711.871,5.8,9928.8518,-99.3,-1.00,67.45,0.68,-99.3,-1.00,3901.85,39.02
268,Exit long,2022-09-15 19:00,S2_SL,1683.97,5.8,9865.6898,-98.66,-1.00,197.89,2.01,-98.66,-1.00,3803.19,38.03
268,Entry long,2022-09-01 21:00,S2_LE,1700.981,5.8,9865.6898,-98.66,-1.00,197.89,2.01,-98.66,-1.00,3803.19,38.03
269,Exit long,2022-09-23 18:30,S2_SL,1647.587,6,9985.386,-99.86,-1.00,142.91,1.43,-99.86,-1.00,3703.32,37.03
269,Entry long,2022-09-16 12:00,S2_LE,1664.231,6,9985.386,-99.86,-1.00,142.91,1.43,-99.86,-1.00,3703.32,37.03
270,Exit long,2022-09-26 08:30,S2_SL,1629.01,6,9872.796,-98.74,-1.00,1.34,0.01,-98.74,-1.00,3604.59,36.05
270,Entry long,2022-09-26 06:30,S2_LE,1645.466,6,9872.796,-98.74,-1.00,1.34,0.01,-98.74,-1.00,3604.59,36.05
271,Exit long,2022-09-27 01:30,S2_SL,1623.585,6,9839.916,-98.41,-1.00,50.06,0.51,-98.41,-1.00,3506.18,35.06
271,Entry long,2022-09-26 18:30,S2_LE,1639.986,6,9839.916,-98.41,-1.00,50.06,0.51,-98.41,-1.00,3506.18,35.06
272,Exit long,2022-10-03 23:00,S2_LX_TP1,1686.641,6,9921.426,198.42,2.00,226.31,2.28,-78.43,-0.79,3704.6,37.05
272,Entry long,2022-09-29 12:30,S2_LE,1653.571,6,9921.426,198.42,2.00,226.31,2.28,-78.43,-0.79,3704.6,37.05
273,Exit long,2022-10-10 15:30,S2_SL,1681.742,5.8,9852.6398,-98.54,-1.00,178.23,1.81,-98.54,-1.00,3606.07,36.06
273,Entry long,2022-10-04 12:30,S2_LE,1698.731,5.8,9852.6398,-98.54,-1.00,178.23,1.81,-98.54,-1.00,3606.07,36.06
274,Exit long,2022-10-13 20:30,S2_SL,1651.983,5.9,9845.1589,-98.46,-1.00,90.09,0.92,-98.46,-1.00,3507.61,35.08
274,Entry long,2022-10-10 23:30,S2_LE,1668.671,5.9,9845.1589,-98.46,-1.00,90.09,0.92,-98.46,-1.00,3507.61,35.08
275,Exit long,2022-10-19 18:30,S2_SL,1633.569,6,9900.426,-99.01,-1.00,110.09,1.11,-99.01,-1.00,3408.59,34.09
275,Entry long,2022-10-17 11:30,S2_LE,1650.071,6,9900.426,-99.01,-1.00,110.09,1.11,-99.01,-1.00,3408.59,34.09
276,Exit long,2022-10-21 15:00,S2_SL,1617.085,6.1,9963.8681,-99.65,-1.00,74.6,0.75,-99.65,-1.00,3308.94,33.09
276,Entry long,2022-10-19 20:30,S2_LE,1633.421,6.1,9963.8681,-99.65,-1.00,74.6,0.75,-99.65,-1.00,3308.94,33.09
277,Exit long,2022-10-24 07:00,S2_LX_TP1,1657.581,6.1,9912.9941,198.25,2.00,236.31,2.38,-42.58,-0.43,3507.19,35.07
277,Entry long,2022-10-21 19:00,S2_LE,1625.081,6.1,9912.9941,198.25,2.00,236.31,2.38,-42.58,-0.43,3507.19,35.07
278,Exit long,2022-10-25 18:00,S2_SL,1637.301,6,9923.046,-99.24,-1.00,28.91,0.29,-99.24,-1.00,3407.95,34.08
278,Entry long,2022-10-24 10:30,S2_LE,1653.841,6,9923.046,-99.24,-1.00,28.91,0.29,-99.24,-1.00,3407.95,34.08
279,Exit long,2022-11-03 16:00,S2_SL,1625.79,6,9853.284,-98.54,-1.00,196.36,1.99,-98.54,-1.00,3309.41,33.09
279,Entry long,2022-10-25 21:00,S2_LE,1642.214,6,9853.284,-98.54,-1.00,196.36,1.99,-98.54,-1.00,3309.41,33.09
280,Exit long,2022-11-07 14:30,S2_LX_TP1,1669.199,6.1,9924.9501,257.16,2.59,337.51,3.40,-6.35,-0.06,3566.57,35.67
280,Entry long,2022-11-04 01:00,S2_LE,1627.041,6.1,9924.9501,257.16,2.59,337.51,3.40,-6.35,-0.06,3566.57,35.67
281,Exit long,2022-11-09 01:00,S2_LX_TP1,1710.509,5.9,9894.1289,197.87,2.00,235.52,2.38,-77.71,-0.79,3764.45,37.64
281,Entry long,2022-11-07 19:30,S2_LE,1676.971,5.9,9894.1289,197.87,2.00,235.52,2.38,-77.71,-0.79,3764.45,37.64
282,Exit long,2022-11-11 00:00,S2_LX_TP1,1745.464,5.8,9925.1978,198.49,2.00,243.71,2.46,-58.24,-0.59,3962.94,39.63
282,Entry long,2022-11-09 07:00,S2_LE,1711.241,5.8,9925.1978,198.49,2.00,243.71,2.46,-58.24,-0.59,3962.94,39.63
283,Exit long,2022-11-22 00:30,S2_SL,1732.003,5.7,9972.1443,-99.73,-1.00,211.08,2.12,-99.73,-1.00,3863.21,38.63
283,Entry long,2022-11-11 01:30,S2_LE,1749.499,5.7,9972.1443,-99.73,-1.00,211.08,2.12,-99.73,-1.00,3863.21,38.63
284,Exit long,2022-11-23 21:30,S2_SL,1726.431,5.7,9940.0647,-99.41,-1.00,33.34,0.34,-99.41,-1.00,3763.81,37.64
284,Entry long,2022-11-22 11:30,S2_LE,1743.871,5.7,9940.0647,-99.41,-1.00,33.34,0.34,-99.41,-1.00,3763.81,37.64
285,Exit long,2022-11-29 03:30,S2_SL,1738.588,5.6,9834.4456,-98.35,-1.00,42.55,0.43,-98.35,-1.00,3665.45,36.65
285,Entry long,2022-11-24 18:00,S2_LE,1756.151,5.6,9834.4456,-98.35,-1.00,42.55,0.43,-98.35,-1.00,3665.45,36.65
286,Exit long,2022-12-01 09:00,S2_LX_TP1,1775.942,5.7,9924.3897,198.48,2.00,221.84,2.24,-12.09,-0.12,3863.93,38.64
286,Entry long,2022-11-29 08:00,S2_LE,1741.121,5.7,9924.3897,198.48,2.00,221.84,2.24,-12.09,-0.12,3863.93,38.64
287,Exit long,2022-12-13 23:00,S2_LX_TP1,1813.723,5.6,9957.7016,199.15,2.00,259.33,2.60,-75.38,-0.76,4063.08,40.63
287,Entry long,2022-12-01 18:00,S2_LE,1778.161,5.6,9957.7016,199.15,2.00,259.33,2.60,-75.38,-0.76,4063.08,40.63
288,Exit long,2022-12-15 11:00,S2_SL,1792.637,5.5,9959.103,-99.6,-1.00,18.67,0.19,-99.6,-1.00,3963.48,39.63
288,Entry long,2022-12-14 04:30,S2_LE,1810.746,5.5,9959.103,-99.6,-1.00,18.67,0.19,-99.6,-1.00,3963.48,39.63
289,Exit long,2022-12-20 23:30,S2_LX_TP1,1813.651,5.6,9957.3096,199.14,2.00,240.91,2.42,-8.35,-0.08,4162.62,41.63
289,Entry long,2022-12-16 18:00,S2_LE,1778.091,5.6,9957.3096,199.14,2.00,240.91,2.42,-8.35,-0.08,4162.62,41.63
290,Exit long,2022-12-22 23:00,S2_SL,1796.184,5.5,9978.8095,-99.8,-1.00,52.2,0.52,-99.8,-1.00,4062.82,40.63
290,Entry long,2022-12-21 14:30,S2_LE,1814.329,5.5,9978.8095,-99.8,-1.00,52.2,0.52,-99.8,-1.00,4062.82,40.63
291,Exit long,2023-01-03 19:00,S2_LX_TP1,1831.552,5.5,9876.0255,197.51,2.00,299.8,3.04,-7.38,-0.07,4260.33,42.60
291,Entry long,2022-12-24 03:00,S2_LE,1795.641,5.5,9876.0255,197.51,2.00,299.8,3.04,-7.38,-0.07,4260.33,42.60
292,Exit long,2023-01-09 10:30,S2_LX_TP1,1876.88,5.4,9936.4374,198.71,2.00,202.87,2.04,-86.84,-0.87,4459.05,44.59
292,Entry long,2023-01-04 02:30,S2_LE,1840.081,5.4,9936.4374,198.71,2.00,202.87,2.04,-86.84,-0.87,4459.05,44.59
293,Exit long,2023-01-13 23:00,S2_LX_TP1,1910.475,5.3,9926.9848,198.53,2.00,212.87,2.14,-36.65,-0.37,4657.58,46.58
293,Entry long,2023-01-09 20:00,S2_LE,1873.016,5.3,9926.9848,198.53,2.00,212.87,2.14,-36.65,-0.37,4657.58,46.58
294,Exit long,2023-01-18 10:30,S2_SL,1900.656,5.2,9983.2512,-99.84,-1.00,47.29,0.47,-99.84,-1.00,4557.74,45.58
294,Entry long,2023-01-14 05:30,S2_LE,1919.856,5.2,9983.2512,-99.84,-1.00,47.29,0.47,-99.84,-1.00,4557.74,45.58
295,Exit long,2023-01-26 04:00,S2_LX_TP1,1942.209,5.2,9901.4656,198.02,2.00,203.12,2.05,-21.99,-0.22,4755.76,47.56
295,Entry long,2023-01-19 03:30,S2_LE,1904.128,5.2,9901.4656,198.02,2.00,203.12,2.05,-21.99,-0.22,4755.76,47.56
296,Exit long,2023-01-26 23:30,S2_SL,1926.704,5.1,9925.4517,-99.26,-1.00,15.26,0.15,-99.26,-1.00,4656.5,46.56
296,Entry long,2023-01-26 05:30,S2_LE,1946.167,5.1,9925.4517,-99.26,-1.00,15.26,0.15,-99.26,-1.00,4656.5,46.56
297,Exit long,2023-01-31 16:30,S2_SL,1904.878,5.1,9813.0171,-98.14,-1.00,52.78,0.54,-98.14,-1.00,4558.36,45.58
297,Entry long,2023-01-28 00:00,S2_LE,1924.121,5.1,9813.0171,-98.14,-1.00,52.78,0.54,-98.14,-1.00,4558.36,45.58
298,Exit long,2023-02-02 21:00,S2_LX_TP1,1950.899,5.2,9915.6772,229,2.31,274.97,2.77,-32.56,-0.33,4787.36,47.87
298,Entry long,2023-01-31 17:00,S2_LE,1906.861,5.2,9915.6772,229,2.31,274.97,2.77,-32.56,-0.33,4787.36,47.87
299,Exit long,2023-02-03 21:30,S2_SL,1899.394,5.2,9976.6212,-99.77,-1.00,6.91,0.07,-99.77,-1.00,4687.58,46.88
299,Entry long,2023-02-03 01:00,S2_LE,1918.581,5.2,9976.6212,-99.77,-1.00,6.91,0.07,-99.77,-1.00,4687.58,46.88
300,Exit long,2023-02-14 22:00,S2_SL,1848.131,5.3,9894.0453,-98.95,-1.00,124.07,1.25,-98.95,-1.00,4588.63,45.89
300,Entry long,2023-02-06 08:30,S2_LE,1866.801,5.3,9894.0453,-98.95,-1.00,124.07,1.25,-98.95,-1.00,4588.63,45.89
301,Exit long,2023-02-15 16:00,S2_SL,1831.014,5.4,9987.3594,-99.88,-1.00,57.4,0.57,-99.88,-1.00,4488.75,44.89
301,Entry long,2023-02-15 01:00,S2_LE,1849.511,5.4,9987.3594,-99.88,-1.00,57.4,0.57,-99.88,-1.00,4488.75,44.89
302,Exit long,2023-02-17 16:00,S2_SL,1818.996,5.4,9921.8034,-99.22,-1.00,42.76,0.43,-99.22,-1.00,4389.52,43.90
302,Entry long,2023-02-16 20:00,S2_LE,1837.371,5.4,9921.8034,-99.22,-1.00,42.76,0.43,-99.22,-1.00,4389.52,43.90
303,Exit long,2023-03-11 00:00,S2_LX_TP1,1858.817,5.4,9840.8034,196.81,2.00,243.16,2.47,-96.5,-0.98,4586.33,45.86
303,Entry long,2023-02-17 17:00,S2_LE,1822.371,5.4,9840.8034,196.81,2.00,243.16,2.47,-96.5,-0.98,4586.33,45.86
304,Exit long,2023-03-14 11:30,S2_LX_TP1,1902.699,5.3,9878.3043,206,2.09,269.08,2.72,-3.87,-0.04,4792.33,47.92
304,Entry long,2023-03-11 04:00,S2_LE,1863.831,5.3,9878.3043,206,2.09,269.08,2.72,-3.87,-0.04,4792.33,47.92
305,Exit long,2023-03-16 09:00,S2_SL,1907.828,5.1,9828.2151,-98.29,-1.00,52.07,0.53,-98.29,-1.00,4694.04,46.94
305,Entry long,2023-03-16 00:00,S2_LE,1927.101,5.1,9828.2151,-98.29,-1.00,52.07,0.53,-98.29,-1.00,4694.04,46.94
306,Exit long,2023-03-17 23:00,S2_LX_TP1,1957.38,5.2,9978.8052,199.57,2.00,238.88,2.39,-30.17,-0.30,4893.61,48.94
306,Entry long,2023-03-16 17:00,S2_LE,1919.001,5.2,9978.8052,199.57,2.00,238.88,2.39,-30.17,-0.30,4893.61,48.94
307,Exit long,2023-03-21 22:00,S2_SL,1951.448,5,9855.805,-98.56,-1.00,192.95,1.96,-98.56,-1.00,4795.05,47.95
307,Entry long,2023-03-20 09:30,S2_LE,1971.161,5,9855.805,-98.56,-1.00,192.95,1.96,-98.56,-1.00,4795.05,47.95
308,Exit long,2023-03-27 20:30,S2_SL,1947.854,5,9837.655,-98.38,-1.00,178.75,1.82,-98.38,-1.00,4696.66,46.97
308,Entry long,2023-03-23 03:30,S2_LE,1967.531,5,9837.655,-98.38,-1.00,178.75,1.82,-98.38,-1.00,4696.66,46.97
309,Exit long,2023-04-05 22:00,S2_LX_TP1,2019.799,5.1,9981.6741,319.3,3.20,382.19,3.83,-42.79,-0.43,5015.96,50.16
309,Entry long,2023-03-28 07:00,S2_LE,1957.191,5.1,9981.6741,319.3,3.20,382.19,3.83,-42.79,-0.43,5015.96,50.16
310,Exit long,2023-04-10 06:00,S2_SL,1993.069,4.9,9891.6055,-125.57,-1.27,26.09,0.26,-125.57,-1.27,4890.39,48.90
310,Entry long,2023-04-05 23:00,S2_LE,2018.695,4.9,9891.6055,-125.57,-1.27,26.09,0.26,-125.57,-1.27,4890.39,48.90
311,Exit long,2023-04-14 16:00,S2_LX_TP1,2036.199,5,9957.405,223.59,2.25,286.55,2.88,-51.4,-0.52,5113.98,51.14
311,Entry long,2023-04-10 12:30,S2_LE,1991.481,5,9957.405,223.59,2.25,286.55,2.88,-51.4,-0.52,5113.98,51.14
312,Exit long,2023-04-19 16:30,S2_SL,1980.534,4.9,9802.6509,-98.03,-1.00,70.95,0.72,-98.03,-1.00,5015.95,50.16
312,Entry long,2023-04-17 09:30,S2_LE,2000.541,4.9,9802.6509,-98.03,-1.00,70.95,0.72,-98.03,-1.00,5015.95,50.16
313,Exit long,2023-05-04 04:00,S2_LX_TP1,2028.78,5,9945.005,198.9,2.00,235.12,2.36,-88.5,-0.89,5214.84,52.15
313,Entry long,2023-04-21 20:30,S2_LE,1989.001,5,9945.005,198.9,2.00,235.12,2.36,-88.5,-0.89,5214.84,52.15
314,Exit long,2023-05-05 20:30,S2_SL,2018.815,4.9,9992.1241,-99.93,-1.00,0.005,0.00,-99.93,-1.00,5114.91,51.15
314,Entry long,2023-05-05 19:00,S2_LE,2039.209,4.9,9992.1241,-99.93,-1.00,0.005,0.00,-99.93,-1.00,5114.91,51.15
315,Exit long,2023-05-16 23:30,S2_SL,1997.229,4.9,9885.2845,-98.86,-1.00,150.65,1.52,-98.86,-1.00,5016.05,50.16
315,Entry long,2023-05-08 09:30,S2_LE,2017.405,4.9,9885.2845,-98.86,-1.00,150.65,1.52,-98.86,-1.00,5016.05,50.16
316,Exit long,2023-05-18 20:30,S2_SL,1969.555,5,9947.255,-99.48,-1.00,17.8,0.18,-99.48,-1.00,4916.57,49.17
316,Entry long,2023-05-17 06:30,S2_LE,1989.451,5,9947.255,-99.48,-1.00,17.8,0.18,-99.48,-1.00,4916.57,49.17
317,Exit long,2023-05-30 13:00,S2_SL,1935.123,5.1,9968.8221,-99.69,-1.00,156.05,1.57,-99.69,-1.00,4816.88,48.17
317,Entry long,2023-05-18 23:30,S2_LE,1954.671,5.1,9968.8221,-99.69,-1.00,156.05,1.57,-99.69,-1.00,4816.88,48.17
318,Exit long,2023-06-15 08:30,S2_SL,1936.301,5.1,9974.8911,-99.76,-1.00,140.65,1.41,-99.76,-1.00,4717.12,47.17
318,Entry long,2023-06-01 17:00,S2_LE,1955.861,5.1,9974.8911,-99.76,-1.00,140.65,1.41,-99.76,-1.00,4717.12,47.17
319,Exit long,2023-06-20 21:30,S2_SL,1931.757,5.1,9951.4821,-99.52,-1.00,16.67,0.17,-99.52,-1.00,4617.6,46.18
319,Entry long,2023-06-20 20:00,S2_LE,1951.271,5.1,9951.4821,-99.52,-1.00,16.67,0.17,-99.52,-1.00,4617.6,46.18
320,Exit long,2023-06-22 22:00,S2_SL,1916.422,5.1,9872.4831,-98.73,-1.00,18.81,0.19,-98.73,-1.00,4518.87,45.19
320,Entry long,2023-06-21 06:00,S2_LE,1935.781,5.1,9872.4831,-98.73,-1.00,18.81,0.19,-98.73,-1.00,4518.87,45.19
321,Exit long,2023-06-29 21:00,S2_SL,1893.741,5.2,9946.9292,-99.48,-1.00,127.19,1.28,-99.48,-1.00,4419.39,44.19
321,Entry long,2023-06-23 06:00,S2_LE,1912.871,5.2,9946.9292,-99.48,-1.00,127.19,1.28,-99.48,-1.00,4419.39,44.19
322,Exit long,2023-07-13 13:00,S2_LX_TP1,1954.999,5.2,9925.4532,240.54,2.42,278.19,2.80,-44.93,-0.45,4659.93,46.60
322,Entry long,2023-06-30 07:30,S2_LE,1908.741,5.2,9925.4532,240.54,2.42,278.19,2.80,-44.93,-0.45,4659.93,46.60
323,Exit long,2023-07-27 21:30,S2_SL,1943.112,5,9813.705,-98.14,-1.00,123.4,1.26,-98.14,-1.00,4561.79,45.62
323,Entry long,2023-07-13 15:00,S2_LE,1962.741,5,9813.705,-98.14,-1.00,123.4,1.26,-98.14,-1.00,4561.79,45.62
324,Exit long,2023-08-02 22:00,S2_SL,1935.42,5.1,9970.3521,-99.71,-1.00,88.65,0.89,-99.71,-1.00,4462.08,44.62
324,Entry long,2023-07-31 12:30,S2_LE,1954.971,5.1,9970.3521,-99.71,-1.00,88.65,0.89,-99.71,-1.00,4462.08,44.62
325,Exit long,2023-08-09 22:30,S2_SL,1915.689,5.1,9868.7091,-98.7,-1.00,60.38,0.61,-98.7,-1.00,4363.38,43.63
325,Entry long,2023-08-03 14:00,S2_LE,1935.041,5.1,9868.7091,-98.7,-1.00,60.38,0.61,-98.7,-1.00,4363.38,43.63
326,Exit long,2023-08-15 20:30,S2_SL,1896.846,5.2,9963.2416,-99.64,-1.00,73.54,0.74,-99.64,-1.00,4263.74,42.64
326,Entry long,2023-08-10 02:30,S2_LE,1916.008,5.2,9963.2416,-99.64,-1.00,73.54,0.74,-99.64,-1.00,4263.74,42.64
327,Exit long,2023-08-31 20:30,S2_LX_TP1,1942.799,5.2,9895.0852,207.47,2.10,239.97,2.43,-95.69,-0.97,4471.21,44.71
327,Entry long,2023-08-16 09:30,S2_LE,1902.901,5.2,9895.0852,207.47,2.10,239.97,2.43,-95.69,-0.97,4471.21,44.71
328,Exit long,2023-09-06 15:00,S2_SL,1923.421,5.1,9908.5401,-99.09,-1.00,51.5,0.52,-99.09,-1.00,4372.12,43.72
328,Entry long,2023-08-31 23:00,S2_LE,1942.851,5.1,9908.5401,-99.09,-1.00,51.5,0.52,-99.09,-1.00,4372.12,43.72
329,Exit long,2023-09-27 12:00,S2_SL,1898.101,5.2,9969.83,-99.7,-1.00,156.6,1.57,-99.7,-1.00,4272.41,42.72
329,Entry long,2023-09-07 03:30,S2_LE,1917.275,5.2,9969.83,-99.7,-1.00,156.6,1.57,-99.7,-1.00,4272.41,42.72
330,Exit long,2023-09-28 22:30,S2_SL,1868.931,5.2,9816.6172,-98.18,-1.00,6.49,0.07,-98.18,-1.00,4174.24,41.74
330,Entry long,2023-09-27 22:00,S2_LE,1887.811,5.2,9816.6172,-98.18,-1.00,6.49,0.07,-98.18,-1.00,4174.24,41.74
331,Exit long,2023-10-10 09:30,S2_LX_TP1,1863.759,5.4,9866.9664,197.33,2.00,206.25,2.09,-91.89,-0.93,4371.57,43.72
331,Entry long,2023-10-03 17:30,S2_LE,1827.216,5.4,9866.9664,197.33,2.00,206.25,2.09,-91.89,-0.93,4371.57,43.72
332,Exit long,2023-10-16 13:30,S2_LX_TP1,1917.899,5.3,9856.7068,308.16,3.13,387.53,3.93,-8.25,-0.08,4679.73,46.80
332,Entry long,2023-10-11 07:00,S2_LE,1859.756,5.3,9856.7068,308.16,3.13,387.53,3.93,-8.25,-0.08,4679.73,46.80
333,Exit long,2023-10-20 01:00,S2_LX_TP1,1960.297,5.2,9993.6772,199.87,2.00,211.74,2.12,-53.88,-0.54,4879.59,48.80
333,Entry long,2023-10-17 01:00,S2_LE,1921.861,5.2,9993.6772,199.87,2.00,211.74,2.12,-53.88,-0.54,4879.59,48.80
334,Exit long,2023-10-24 19:00,S2_SL,1957.388,5,9885.805,-98.86,-1.00,100,1.01,-98.86,-1.00,4780.73,47.81
334,Entry long,2023-10-20 13:00,S2_LE,1977.161,5,9885.805,-98.86,-1.00,100,1.01,-98.86,-1.00,4780.73,47.81
335,Exit long,2023-10-30 06:00,S2_LX_TP1,2000.209,5,9804.955,196.09,2.00,242.15,2.47,-11.45,-0.12,4976.82,49.77
335,Entry long,2023-10-24 19:30,S2_LE,1960.991,5,9804.955,196.09,2.00,242.15,2.47,-11.45,-0.12,4976.82,49.77
336,Exit long,2023-11-01 02:00,S2_SL,1982.633,4.9,9813.0389,-98.14,-1.00,25.64,0.26,-98.14,-1.00,4878.68,48.79
336,Entry long,2023-10-30 08:00,S2_LE,2002.661,4.9,9813.0389,-98.14,-1.00,25.64,0.26,-98.14,-1.00,4878.68,48.79
337,Exit long,2023-11-07 17:00,S2_SL,1965.041,5,9924.455,-99.25,-1.00,95.9,0.97,-99.25,-1.00,4779.43,47.79
337,Entry long,2023-11-02 14:30,S2_LE,1984.891,5,9924.455,-99.25,-1.00,95.9,0.97,-99.25,-1.00,4779.43,47.79
338,Exit long,2023-11-10 23:30,S2_SL,1940.201,5.1,9994.9851,-99.96,-1.00,57.37,0.57,-99.96,-1.00,4679.47,46.79
338,Entry long,2023-11-07 21:30,S2_LE,1959.801,5.1,9994.9851,-99.96,-1.00,57.37,0.57,-99.96,-1.00,4679.47,46.79
339,Exit long,2023-11-17 22:30,S2_LX_TP1,1982.199,5.1,9868.6071,240.61,2.44,297.83,3.02,-18.47,-0.19,4920.08,49.20
339,Entry long,2023-11-13 12:30,S2_LE,1935.021,5.1,9868.6071,240.61,2.44,297.83,3.02,-18.47,-0.19,4920.08,49.20
340,Exit long,2023-11-28 22:00,S2_LX_TP1,2020.803,5,9905.905,198.11,2.00,201.85,2.04,-79.4,-0.80,5118.19,51.18
340,Entry long,2023-11-18 01:00,S2_LE,1981.181,5,9905.905,198.11,2.00,201.85,2.04,-79.4,-0.80,5118.19,51.18
341,Exit long,2023-12-04 07:30,S2_LX_TP2,2126.886,4.8,9816.4032,392.65,4.00,488.2,4.97,-68.23,-0.70,5510.84,55.11
341,Entry long,2023-11-29 14:30,S2_LE,2045.084,4.8,9816.4032,392.65,4.00,488.2,4.97,-68.23,-0.70,5510.84,55.11
342,Exit long,2023-12-04 15:30,S2_SL,2064.209,4.7,9799.7867,-98,-1.00,25.48,0.26,-98,-1.00,5412.84,54.13
342,Entry long,2023-12-04 12:30,S2_LE,2085.061,4.7,9799.7867,-98,-1.00,25.48,0.26,-98,-1.00,5412.84,54.13
343,Exit long,2023-12-04 22:00,S2_SL,2044.439,4.8,9912.4368,-99.13,-1.00,53.39,0.54,-99.13,-1.00,5313.71,53.14
343,Entry long,2023-12-04 16:30,S2_LE,2065.091,4.8,9912.4368,-99.13,-1.00,53.39,0.54,-99.13,-1.00,5313.71,53.14
344,Exit long,2023-12-08 22:00,S2_SL,2005.625,4.9,9926.8365,-99.27,-1.00,75.24,0.76,-99.27,-1.00,5214.43,52.14
344,Entry long,2023-12-05 01:00,S2_LE,2025.885,4.9,9926.8365,-99.27,-1.00,75.24,0.76,-99.27,-1.00,5214.43,52.14
345,Exit long,2023-12-12 01:30,S2_SL,1976.505,5,9982.355,-99.83,-1.00,20.5,0.21,-99.83,-1.00,5114.6,51.15
345,Entry long,2023-12-11 12:30,S2_LE,1996.471,5,9982.355,-99.83,-1.00,20.5,0.21,-99.83,-1.00,5114.6,51.15
346,Exit long,2023-12-14 21:30,S2_LX_TP1,2028.999,5,9904.525,240.47,2.43,297.18,3.00,-41.52,-0.42,5355.07,53.55
346,Entry long,2023-12-13 01:00,S2_LE,1980.905,5,9904.525,240.47,2.43,297.18,3.00,-41.52,-0.42,5355.07,53.55
347,Exit long,2023-12-16 03:00,S2_SL,2016.099,4.9,9978.6785,-99.79,-1.00,41.33,0.41,-99.79,-1.00,5255.28,52.55
347,Entry long,2023-12-15 07:00,S2_LE,2036.465,4.9,9978.6785,-99.79,-1.00,41.33,0.41,-99.79,-1.00,5255.28,52.55
348,Exit long,2023-12-22 22:00,S2_LX_TP1,2064.636,4.9,9918.3546,198.36,2.00,222.54,2.24,-19.25,-0.19,5453.64,54.54
348,Entry long,2023-12-18 23:00,S2_LE,2024.154,4.9,9918.3546,198.36,2.00,222.54,2.24,-19.25,-0.19,5453.64,54.54
349,Exit long,2024-01-03 20:00,S2_SL,2043.221,4.8,9906.5328,-99.07,-1.00,118.17,1.19,-99.07,-1.00,5354.57,53.55
349,Entry long,2023-12-26 11:30,S2_LE,2063.861,4.8,9906.5328,-99.07,-1.00,118.17,1.19,-99.07,-1.00,5354.57,53.55
350,Exit long,2024-01-12 01:30,S2_SL,2013.046,4.9,9963.5669,-99.64,-1.00,149.94,1.50,-99.64,-1.00,5254.93,52.55
350,Entry long,2024-01-04 02:00,S2_LE,2033.381,4.9,9963.5669,-99.64,-1.00,149.94,1.50,-99.64,-1.00,5254.93,52.55
351,Exit long,2024-01-17 01:00,S2_SL,2026.939,4.8,9827.592,-98.28,-1.00,53.78,0.55,-98.28,-1.00,5156.64,51.57
351,Entry long,2024-01-13 03:00,S2_LE,2047.415,4.8,9827.592,-98.28,-1.00,53.78,0.55,-98.28,-1.00,5156.64,51.57
352,Exit long,2024-01-17 23:30,S2_SL,2007.586,4.9,9936.5434,-99.37,-1.00,24.86,0.25,-99.37,-1.00,5057.27,50.57
352,Entry long,2024-01-17 05:30,S2_LE,2027.866,4.9,9936.5434,-99.37,-1.00,24.86,0.25,-99.37,-1.00,5057.27,50.57
353,Exit long,2024-01-31 23:30,S2_LX_TP1,2052.138,4.9,9858.3149,197.16,2.00,215.99,2.19,-23.16,-0.23,5254.43,52.54
353,Entry long,2024-01-18 16:30,S2_LE,2011.901,4.9,9858.3149,197.16,2.00,215.99,2.19,-23.16,-0.23,5254.43,52.54
354,Exit long,2024-02-02 22:00,S2_SL,2028.737,4.8,9836.3088,-98.37,-1.00,78.57,0.80,-98.37,-1.00,5156.06,51.56
354,Entry long,2024-02-01 02:30,S2_LE,2049.231,4.8,9836.3088,-98.37,-1.00,78.57,0.80,-98.37,-1.00,5156.06,51.56
355,Exit long,2024-02-05 21:30,S2_SL,2015.255,4.9,9974.5037,-99.75,-1.00,15.57,0.16,-99.75,-1.00,5056.31,50.56
355,Entry long,2024-02-05 09:00,S2_LE,2035.613,4.9,9974.5037,-99.75,-1.00,15.57,0.16,-99.75,-1.00,5056.31,50.56
356,Exit long,2024-02-12 23:30,S2_SL,2012.818,4.9,9962.4399,-99.63,-1.00,20.04,0.20,-99.63,-1.00,4956.67,49.57
356,Entry long,2024-02-09 14:30,S2_LE,2033.151,4.9,9962.4399,-99.63,-1.00,20.04,0.20,-99.63,-1.00,4956.67,49.57
357,Exit long,2024-02-26 07:00,S2_LX_TP1,2033.676,5,9969.005,199.38,2.00,238.65,2.39,-48.56,-0.49,5156.05,51.56
357,Entry long,2024-02-13 23:30,S2_LE,1993.801,5,9969.005,199.38,2.00,238.65,2.39,-48.56,-0.49,5156.05,51.56
358,Exit long,2024-03-02 00:30,S2_LX_TP1,2073.945,4.9,9963.0769,199.25,2.00,212.17,2.13,-44.99,-0.45,5355.3,53.55
358,Entry long,2024-02-26 14:30,S2_LE,2033.281,4.9,9963.0769,199.25,2.00,212.17,2.13,-44.99,-0.45,5355.3,53.55
359,Exit long,2024-03-05 18:30,S2_LX_TP1,2126.383,4.7,9798.0477,195.95,2.00,200.5,2.05,-26.75,-0.27,5551.26,55.51
359,Entry long,2024-03-02 04:30,S2_LE,2084.691,4.7,9798.0477,195.95,2.00,200.5,2.05,-26.75,-0.27,5551.26,55.51
360,Exit long,2024-03-08 22:00,S2_LX_TP1,2170.685,4.6,9789.3704,195.78,2.00,263.3,2.69,-22.65,-0.23,5747.04,57.47
360,Entry long,2024-03-06 07:30,S2_LE,2128.124,4.6,9789.3704,195.78,2.00,263.3,2.69,-22.65,-0.23,5747.04,57.47
361,Exit long,2024-03-12 22:00,S2_SL,2153.51,4.5,9788.688,-97.89,-1.00,30.49,0.31,-97.89,-1.00,5649.14,56.49
361,Entry long,2024-03-12 15:00,S2_LE,2175.264,4.5,9788.688,-97.89,-1.00,30.49,0.31,-97.89,-1.00,5649.14,56.49
362,Exit long,2024-03-21 06:30,S2_LX_TP1,2200.037,4.6,9921.74,198.43,2.00,303.65,3.06,-51.52,-0.52,5847.57,58.48
362,Entry long,2024-03-13 04:30,S2_LE,2156.9,4.6,9921.74,198.43,2.00,303.65,3.06,-51.52,-0.52,5847.57,58.48
363,Exit long,2024-03-21 22:00,S2_SL,2177.009,4.5,9895.5045,-98.96,-1.00,60.53,0.61,-98.96,-1.00,5748.61,57.49
363,Entry long,2024-03-21 09:00,S2_LE,2199.001,4.5,9895.5045,-98.96,-1.00,60.53,0.61,-98.96,-1.00,5748.61,57.49
364,Exit long,2024-03-23 01:00,S2_SL,2159.645,4.5,9816.5745,-98.17,-1.00,20.88,0.21,-98.17,-1.00,5650.44,56.50
364,Entry long,2024-03-22 04:00,S2_LE,2181.461,4.5,9816.5745,-98.17,-1.00,20.88,0.21,-98.17,-1.00,5650.44,56.50
365,Exit long,2024-03-29 01:00,S2_LX_TP1,2217.566,4.5,9783.387,195.66,2.00,231.43,2.37,-30.99,-0.32,5846.1,58.46
365,Entry long,2024-03-26 02:30,S2_LE,2174.086,4.5,9783.387,195.66,2.00,231.43,2.37,-30.99,-0.32,5846.1,58.46
366,Exit long,2024-04-02 22:00,S2_LX_TP1,2264.792,4.5,9991.737,199.83,2.00,208.86,2.09,-11.53,-0.12,6045.92,60.46
366,Entry long,2024-03-29 03:00,S2_LE,2220.386,4.5,9991.737,199.83,2.00,208.86,2.09,-11.53,-0.12,6045.92,60.46
367,Exit long,2024-04-08 13:30,S2_LX_TP1,2335.954,4.3,9847.6536,196.95,2.00,274.72,2.79,-98.26,-1.00,6242.87,62.43
367,Entry long,2024-04-05 06:00,S2_LE,2290.152,4.3,9847.6536,196.95,2.00,274.72,2.79,-98.26,-1.00,6242.87,62.43
368,Exit long,2024-04-12 11:30,S2_LX_TP1,2382.986,4.2,9812.3004,196.24,2.00,248.25,2.53,-74.29,-0.76,6439.11,64.39
368,Entry long,2024-04-08 17:00,S2_LE,2336.262,4.2,9812.3004,196.24,2.00,248.25,2.53,-74.29,-0.76,6439.11,64.39
369,Exit long,2024-04-13 00:30,S2_SL,2372.654,4.1,9826.1502,-98.27,-1.00,144.15,1.47,-98.27,-1.00,6340.84,63.41
369,Entry long,2024-04-12 17:00,S2_LE,2396.622,4.1,9826.1502,-98.27,-1.00,144.15,1.47,-98.27,-1.00,6340.84,63.41
370,Exit long,2024-04-15 22:00,S2_SL,2334.172,4.2,9902.5542,-99.03,-1.00,20.37,0.21,-99.03,-1.00,6241.81,62.42
370,Entry long,2024-04-15 12:30,S2_LE,2357.751,4.2,9902.5542,-99.03,-1.00,20.37,0.21,-99.03,-1.00,6241.81,62.42
371,Exit long,2024-04-19 10:30,S2_LX_TP1,2398.269,4.2,9875.2332,197.5,2.00,279.9,2.83,-27.81,-0.28,6439.31,64.39
371,Entry long,2024-04-15 23:30,S2_LE,2351.246,4.2,9875.2332,197.5,2.00,279.9,2.83,-27.81,-0.28,6439.31,64.39
372,Exit long,2024-04-22 20:00,S2_SL,2337.493,4.2,9916.6452,-99.17,-1.00,1.4,0.01,-99.17,-1.00,6340.14,63.40
372,Entry long,2024-04-22 18:00,S2_LE,2361.106,4.2,9916.6452,-99.17,-1.00,1.4,0.01,-99.17,-1.00,6340.14,63.40
373,Exit long,2024-04-23 09:30,S2_SL,2316.892,4.2,9829.2432,-98.3,-1.00,14.6,0.15,-98.3,-1.00,6241.84,62.42
373,Entry long,2024-04-22 22:30,S2_LE,2340.296,4.2,9829.2432,-98.3,-1.00,14.6,0.15,-98.3,-1.00,6241.84,62.42
374,Exit long,2024-04-30 21:00,S2_SL,2303.581,4.2,9772.7742,-97.73,-1.00,107.94,1.10,-97.73,-1.00,6144.1,61.44
374,Entry long,2024-04-24 15:00,S2_LE,2326.851,4.2,9772.7742,-97.73,-1.00,107.94,1.10,-97.73,-1.00,6144.1,61.44
375,Exit long,2024-05-09 22:30,S2_LX_TP1,2331.567,4.3,9829.1593,196.58,2.00,227.69,2.32,-37.72,-0.38,6340.68,63.41
375,Entry long,2024-05-01 16:00,S2_LE,2285.851,4.3,9829.1593,196.58,2.00,227.69,2.32,-37.72,-0.38,6340.68,63.41
376,Exit long,2024-05-15 23:30,S2_LX_TP1,2379.956,4.2,9799.8264,195.99,2.00,220.32,2.25,-21.83,-0.22,6536.67,65.37
376,Entry long,2024-05-09 23:00,S2_LE,2333.292,4.2,9799.8264,195.99,2.00,220.32,2.25,-21.83,-0.22,6536.67,65.37
377,Exit long,2024-05-20 14:30,S2_LX_TP1,2437.894,4.1,9799.3854,195.98,2.00,246.02,2.51,-79.52,-0.81,6732.65,67.33
377,Entry long,2024-05-16 10:30,S2_LE,2390.094,4.1,9799.3854,195.98,2.00,246.02,2.51,-79.52,-0.81,6732.65,67.33
378,Exit long,2024-05-20 20:00,S2_SL,2415.611,4,9760.052,-97.61,-1.00,28.99,0.30,-97.61,-1.00,6635.04,66.35
378,Entry long,2024-05-20 17:00,S2_LE,2440.013,4,9760.052,-97.61,-1.00,28.99,0.30,-97.61,-1.00,6635.04,66.35
379,Exit long,2024-05-22 22:00,S2_SL,2401.749,4.1,9946.6451,-99.47,-1.00,46.57,0.47,-99.47,-1.00,6535.57,65.36
379,Entry long,2024-05-21 00:30,S2_LE,2426.011,4.1,9946.6451,-99.47,-1.00,46.57,0.47,-99.47,-1.00,6535.57,65.36
380,Exit long,2024-06-07 13:00,S2_LX_TP1,2383.434,4.2,9814.1442,196.28,2.00,214.24,2.18,-93.66,-0.95,6731.85,67.32
380,Entry long,2024-05-27 08:30,S2_LE,2336.701,4.2,9814.1442,196.28,2.00,214.24,2.18,-93.66,-0.95,6731.85,67.32
381,Exit long,2024-06-07 21:30,S2_SL,2311.293,4.2,9805.4922,-98.06,-1.00,19.82,0.20,-98.06,-1.00,6633.79,66.34
381,Entry long,2024-06-07 19:30,S2_LE,2334.641,4.2,9805.4922,-98.06,-1.00,19.82,0.20,-98.06,-1.00,6633.79,66.34
382,Exit long,2024-06-20 23:00,S2_LX_TP1,2351.662,4.3,9913.8736,198.27,2.00,257.91,2.60,-43.68,-0.44,6832.06,68.32
382,Entry long,2024-06-10 22:00,S2_LE,2305.552,4.3,9913.8736,198.27,2.00,257.91,2.60,-43.68,-0.44,6832.06,68.32
383,Exit long,2024-06-21 21:30,S2_SL,2335.944,4.2,9910.0722,-99.11,-1.00,38.64,0.39,-99.11,-1.00,6732.95,67.33
383,Entry long,2024-06-21 10:00,S2_LE,2359.541,4.2,9910.0722,-99.11,-1.00,38.64,0.39,-99.11,-1.00,6732.95,67.33
384,Exit long,2024-06-26 21:00,S2_SL,2297.93,4.3,9980.9149,-99.82,-1.00,68.7,0.69,-99.82,-1.00,6633.14,66.33
384,Entry long,2024-06-24 06:30,S2_LE,2321.143,4.3,9980.9149,-99.82,-1.00,68.7,0.69,-99.82,-1.00,6633.14,66.33
385,Exit long,2024-07-03 16:30,S2_LX_TP1,2344.347,4.3,9883.0383,197.65,2.00,211.43,2.14,-9.38,-0.09,6830.79,68.31
385,Entry long,2024-06-27 08:00,S2_LE,2298.381,4.3,9883.0383,197.65,2.00,211.43,2.14,-9.38,-0.09,6830.79,68.31
386,Exit long,2024-07-11 21:00,S2_LX_TP1,2405.19,4.2,9903.7302,198.07,2.00,217.35,2.19,-43.01,-0.43,7028.86,70.29
386,Entry long,2024-07-04 08:30,S2_LE,2358.031,4.2,9903.7302,198.07,2.00,217.35,2.19,-43.01,-0.43,7028.86,70.29
387,Exit long,2024-07-17 22:30,S2_LX_TP1,2461.699,4.1,9856.9371,236.03,2.39,326.48,3.31,-53.43,-0.54,7264.89,72.65
387,Entry long,2024-07-12 15:00,S2_LE,2404.131,4.1,9856.9371,236.03,2.39,326.48,3.31,-53.43,-0.54,7264.89,72.65
388,Exit long,2024-07-19 03:00,S2_SL,2440.429,4,9860.324,-98.61,-1.00,19.16,0.19,-98.61,-1.00,7166.28,71.66
388,Entry long,2024-07-18 22:00,S2_LE,2465.081,4,9860.324,-98.61,-1.00,19.16,0.19,-98.61,-1.00,7166.28,71.66
389,Exit long,2024-07-19 20:30,S2_SL,2401.838,4.1,9947.0141,-99.48,-1.00,0.08,0.00,-99.48,-1.00,7066.8,70.67
389,Entry long,2024-07-19 13:30,S2_LE,2426.101,4.1,9947.0141,-99.48,-1.00,0.08,0.00,-99.48,-1.00,7066.8,70.67
390,Exit long,2024-07-22 22:00,S2_SL,2387.097,4.1,9885.9651,-98.87,-1.00,4.14,0.04,-98.87,-1.00,6967.93,69.68
390,Entry long,2024-07-22 07:00,S2_LE,2411.211,4.1,9885.9651,-98.87,-1.00,4.14,0.04,-98.87,-1.00,6967.93,69.68
391,Exit long,2024-07-25 09:30,S2_SL,2370.822,4.1,9818.5611,-98.19,-1.00,152.68,1.56,-98.19,-1.00,6869.74,68.70
391,Entry long,2024-07-23 02:30,S2_LE,2394.771,4.1,9818.5611,-98.19,-1.00,152.68,1.56,-98.19,-1.00,6869.74,68.70
392,Exit long,2024-08-01 16:30,S2_LX_TP1,2435.899,4.2,9933.273,297.5,3.00,391.84,3.94,-1.11,-0.01,7167.24,71.67
392,Entry long,2024-07-26 09:30,S2_LE,2365.065,4.2,9933.273,297.5,3.00,391.84,3.94,-1.11,-0.01,7167.24,71.67
393,Exit long,2024-08-05 18:30,S2_SL,2413.632,4.1,9995.8574,-99.97,-1.00,85.41,0.85,-99.97,-1.00,7067.28,70.67
393,Entry long,2024-08-05 10:30,S2_LE,2438.014,4.1,9995.8574,-99.97,-1.00,85.41,0.85,-99.97,-1.00,7067.28,70.67
394,Exit long,2024-08-12 21:00,S2_LX_TP1,2444.047,4.1,9824.1166,196.48,2.00,206.82,2.11,-0.004,0.00,7263.76,72.64
394,Entry long,2024-08-08 18:00,S2_LE,2396.126,4.1,9824.1166,196.48,2.00,206.82,2.11,-0.004,0.00,7263.76,72.64
395,Exit long,2024-08-14 23:30,S2_SL,2442.892,4,9870.276,-98.71,-1.00,49.48,0.50,-98.71,-1.00,7165.05,71.65
395,Entry long,2024-08-14 02:00,S2_LE,2467.569,4,9870.276,-98.71,-1.00,49.48,0.50,-98.71,-1.00,7165.05,71.65
396,Exit long,2024-08-17 03:30,S2_LX_TP1,2504.497,4,9821.564,196.42,2.00,203.72,2.07,-20.76,-0.21,7361.47,73.61
396,Entry long,2024-08-16 02:00,S2_LE,2455.391,4,9821.564,196.42,2.00,203.72,2.07,-20.76,-0.21,7361.47,73.61
397,Exit long,2024-08-22 22:00,S2_SL,2478.068,3.9,9762.0939,-97.63,-1.00,111.42,1.14,-97.63,-1.00,7263.84,72.64
397,Entry long,2024-08-19 16:00,S2_LE,2503.101,3.9,9762.0939,-97.63,-1.00,111.42,1.14,-97.63,-1.00,7263.84,72.64
398,Exit long,2024-09-16 18:30,S2_LX_TP1,2578.034,4,9959.364,352.77,3.54,399.36,4.01,-73.36,-0.74,7616.61,76.17
398,Entry long,2024-08-23 11:00,S2_LE,2489.841,4,9959.364,352.77,3.54,399.36,4.01,-73.36,-0.74,7616.61,76.17
399,Exit long,2024-09-19 03:00,S2_SL,2554.011,3.8,9803.2818,-98.04,-1.00,77.25,0.79,-98.04,-1.00,7518.57,75.19
399,Entry long,2024-09-16 19:00,S2_LE,2579.811,3.8,9803.2818,-98.04,-1.00,77.25,0.79,-98.04,-1.00,7518.57,75.19
400,Exit long,2024-09-20 17:00,S2_LX_TP1,2609.592,3.9,9977.8575,199.55,2.00,211.71,2.12,-28.94,-0.29,7718.13,77.18
400,Entry long,2024-09-19 06:00,S2_LE,2558.425,3.9,9977.8575,199.55,2.00,211.71,2.12,-28.94,-0.29,7718.13,77.18
401,Exit long,2024-09-25 04:30,S2_LX_TP1,2658.308,3.8,9903.5068,198.06,2.00,220.99,2.23,-14.22,-0.14,7916.19,79.16
401,Entry long,2024-09-20 18:00,S2_LE,2606.186,3.8,9903.5068,198.06,2.00,220.99,2.23,-14.22,-0.14,7916.19,79.16
402,Exit long,2024-09-30 19:00,S2_SL,2634.884,3.7,9847.5537,-98.48,-1.00,89.09,0.90,-98.48,-1.00,7817.71,78.18
402,Entry long,2024-09-26 10:30,S2_LE,2661.501,3.7,9847.5537,-98.48,-1.00,89.09,0.90,-98.48,-1.00,7817.71,78.18
403,Exit long,2024-10-08 23:00,S2_SL,2612.629,3.7,9764.3777,-97.65,-1.00,126.24,1.29,-97.65,-1.00,7720.06,77.20
403,Entry long,2024-09-30 21:00,S2_LE,2639.021,3.7,9764.3777,-97.65,-1.00,126.24,1.29,-97.65,-1.00,7720.06,77.20
404,Exit long,2024-10-16 23:00,S2_LX_TP1,2669.503,3.8,9945.2118,198.9,2.00,259.35,2.61,-58.33,-0.59,7918.96,79.19
404,Entry long,2024-10-09 12:00,S2_LE,2617.161,3.8,9945.2118,198.9,2.00,259.35,2.61,-58.33,-0.59,7918.96,79.19
405,Exit long,2024-10-21 10:30,S2_LX_TP1,2727.885,3.7,9895.2763,197.9,2.00,210.98,2.13,-5.52,-0.06,8116.85,81.17
405,Entry long,2024-10-17 03:30,S2_LE,2674.399,3.7,9895.2763,197.9,2.00,210.98,2.13,-5.52,-0.06,8116.85,81.17
406,Exit long,2024-10-30 15:00,S2_LX_TP1,2785.344,3.6,9830.6316,196.61,2.00,212.65,2.16,-79.57,-0.81,8313.46,83.13
406,Entry long,2024-10-21 11:00,S2_LE,2730.731,3.6,9830.6316,196.61,2.00,212.65,2.16,-79.57,-0.81,8313.46,83.13
407,Exit long,2024-10-31 22:00,S2_SL,2749.731,3.6,9999.0288,-100,-1.00,45.22,0.45,-100,-1.00,8213.46,82.13
407,Entry long,2024-10-30 22:00,S2_LE,2777.508,3.6,9999.0288,-100,-1.00,45.22,0.45,-100,-1.00,8213.46,82.13
408,Exit long,2024-11-06 14:30,S2_SL,2713.172,3.6,9866.0844,-98.67,-1.00,77.94,0.79,-98.67,-1.00,8114.8,81.15
408,Entry long,2024-11-01 00:00,S2_LE,2740.579,3.6,9866.0844,-98.67,-1.00,77.94,0.79,-98.67,-1.00,8114.8,81.15
409,Exit long,2024-11-11 21:30,S2_SL,2636.35,3.7,9853.0297,-98.53,-1.00,176.23,1.79,-98.53,-1.00,8016.26,80.16
409,Entry long,2024-11-07 08:30,S2_LE,2662.981,3.7,9853.0297,-98.53,-1.00,176.23,1.79,-98.53,-1.00,8016.26,80.16
410,Exit long,2024-11-14 00:30,S2_SL,2585.34,3.8,9923.5328,-99.24,-1.00,28.06,0.28,-99.24,-1.00,7917.02,79.17
410,Entry long,2024-11-12 22:00,S2_LE,2611.456,3.8,9923.5328,-99.24,-1.00,28.06,0.28,-99.24,-1.00,7917.02,79.17
411,Exit long,2024-11-14 17:30,S2_SL,2546.685,3.8,9775.1618,-97.76,-1.00,1.9,0.02,-97.76,-1.00,7819.26,78.19
411,Entry long,2024-11-14 09:00,S2_LE,2572.411,3.8,9775.1618,-97.76,-1.00,1.9,0.02,-97.76,-1.00,7819.26,78.19
412,Exit long,2024-11-20 15:00,S2_LX_TP1,2626.174,3.9,9927.8439,314.23,3.17,375.64,3.78,-9.39,-0.09,8133.5,81.33
412,Entry long,2024-11-14 18:30,S2_LE,2545.601,3.9,9927.8439,314.23,3.17,375.64,3.78,-9.39,-0.09,8133.5,81.33
413,Exit long,2024-11-25 11:00,S2_LX_TP1,2684.324,3.8,9971.1278,229.3,2.30,370.23,3.71,-7.53,-0.08,8362.8,83.63
413,Entry long,2024-11-20 19:30,S2_LE,2623.981,3.8,9971.1278,229.3,2.30,370.23,3.71,-7.53,-0.08,8362.8,83.63
414,Exit long,2024-12-11 12:30,S2_LX_TP1,2684.384,3.8,9996.0178,204.64,2.05,280.52,2.81,-68.19,-0.68,8567.44,85.67
414,Entry long,2024-11-26 19:30,S2_LE,2630.531,3.8,9996.0178,204.64,2.05,280.52,2.81,-68.19,-0.68,8567.44,85.67
415,Exit long,2024-12-12 22:00,S2_SL,2684.008,3.6,9760.0356,-97.61,-1.00,33.51,0.34,-97.61,-1.00,8469.84,84.70
415,Entry long,2024-12-12 10:00,S2_LE,2711.121,3.6,9760.0356,-97.61,-1.00,33.51,0.34,-97.61,-1.00,8469.84,84.70
416,Exit long,2024-12-19 03:00,S2_SL,2626.3,3.7,9815.471,-98.16,-1.00,15.73,0.16,-98.16,-1.00,8371.67,83.72
416,Entry long,2024-12-17 13:30,S2_LE,2652.83,3.7,9815.471,-98.16,-1.00,15.73,0.16,-98.16,-1.00,8371.67,83.72
417,Exit long,2025-01-03 11:00,S2_LX_TP1,2661.18,3.8,9914.2038,198.28,2.00,209.11,2.11,-84.31,-0.85,8569.96,85.70
417,Entry long,2024-12-19 14:30,S2_LE,2609.001,3.8,9914.2038,198.28,2.00,209.11,2.11,-84.31,-0.85,8569.96,85.70
418,Exit long,2025-01-06 14:00,S2_SL,2631.152,3.7,9833.6047,-98.34,-1.00,5.84,0.06,-98.34,-1.00,8471.61,84.72
418,Entry long,2025-01-03 19:00,S2_LE,2657.731,3.7,9833.6047,-98.34,-1.00,5.84,0.06,-98.34,-1.00,8471.61,84.72
419,Exit long,2025-01-11 00:00,S2_LX_TP1,2689.332,3.7,9755.4237,195.1,2.00,226.63,2.32,-14.16,-0.15,8666.72,86.67
419,Entry long,2025-01-07 02:00,S2_LE,2636.601,3.7,9755.4237,195.1,2.00,226.63,2.32,-14.16,-0.15,8666.72,86.67
420,Exit long,2025-01-14 00:00,S2_SL,2660.822,3.7,9944.4937,-99.45,-1.00,13.58,0.14,-99.45,-1.00,8567.27,85.67
420,Entry long,2025-01-13 12:00,S2_LE,2687.701,3.7,9944.4937,-99.45,-1.00,13.58,0.14,-99.45,-1.00,8567.27,85.67
421,Exit long,2025-01-21 11:00,S2_LX_TP1,2722.686,3.7,9876.4137,197.52,2.00,213.45,2.16,-0.28,0.00,8764.79,87.65
421,Entry long,2025-01-15 02:30,S2_LE,2669.301,3.7,9876.4137,197.52,2.00,213.45,2.16,-0.28,0.00,8764.79,87.65
422,Exit long,2025-01-27 23:00,S2_SL,2741,3.6,9967.2768,-99.68,-1.00,14.08,0.14,-99.68,-1.00,8665.11,86.65
422,Entry long,2025-01-27 07:30,S2_LE,2768.688,3.6,9967.2768,-99.68,-1.00,14.08,0.14,-99.68,-1.00,8665.11,86.65
423,Exit long,2025-01-31 00:00,S2_LX_TP1,2790.35,3.6,9848.3004,196.96,2.00,226.48,2.30,-12.04,-0.12,8862.07,88.62
423,Entry long,2025-01-28 01:30,S2_LE,2735.639,3.6,9848.3004,196.96,2.00,226.48,2.30,-12.04,-0.12,8862.07,88.62
424,Exit long,2025-02-11 10:30,S2_LX_TP1,2915.218,3.4,9717.3972,194.34,2.00,287.82,2.96,-81.95,-0.84,9056.42,90.56
424,Entry long,2025-02-05 15:30,S2_LE,2858.058,3.4,9717.3972,194.34,2.00,287.82,2.96,-81.95,-0.84,9056.42,90.56
425,Exit long,2025-02-11 20:30,S2_SL,2893.215,3.4,9936.2994,-99.37,-1.00,23.86,0.24,-99.37,-1.00,8957.05,89.57
425,Entry long,2025-02-11 11:30,S2_LE,2922.441,3.4,9936.2994,-99.37,-1.00,23.86,0.24,-99.37,-1.00,8957.05,89.57
426,Exit long,2025-02-20 17:30,S2_LX_TP1,2950.319,3.4,9834.4014,196.68,2.00,212.41,2.16,-53.26,-0.54,9153.73,91.54
426,Entry long,2025-02-12 23:30,S2_LE,2892.471,3.4,9834.4014,196.68,2.00,212.41,2.16,-53.26,-0.54,9153.73,91.54
427,Exit long,2025-02-26 00:00,S2_SL,2897.996,3.4,9952.718,-99.53,-1.00,98.19,0.99,-99.53,-1.00,9054.2,90.54
427,Entry long,2025-02-21 13:30,S2_LE,2927.27,3.4,9952.718,-99.53,-1.00,98.19,0.99,-99.53,-1.00,9054.2,90.54
428,Exit long,2025-02-27 16:00,S2_SL,2884.075,3.4,9904.9106,-99.06,-1.00,25.46,0.26,-99.06,-1.00,8955.15,89.55
428,Entry long,2025-02-27 00:00,S2_LE,2913.209,3.4,9904.9106,-99.06,-1.00,25.46,0.26,-99.06,-1.00,8955.15,89.55
429,Exit long,2025-03-11 01:30,S2_SL,2888.025,3.4,9918.4732,-99.19,-1.00,44.83,0.45,-99.19,-1.00,8855.96,88.56
429,Entry long,2025-03-05 05:00,S2_LE,2917.198,3.4,9918.4732,-99.19,-1.00,44.83,0.45,-99.19,-1.00,8855.96,88.56
430,Exit long,2025-03-13 18:00,S2_LX_TP1,2947.249,3.4,9824.1674,196.48,2.00,201.96,2.06,-8.92,-0.09,9052.44,90.52
430,Entry long,2025-03-11 09:30,S2_LE,2889.461,3.4,9824.1674,196.48,2.00,201.96,2.06,-8.92,-0.09,9052.44,90.52
431,Exit long,2025-03-19 14:00,S2_LX_TP1,3043.68,3.3,9847.2033,196.94,2.00,202.42,2.06,-7.84,-0.08,9249.38,92.49
431,Entry long,2025-03-15 04:00,S2_LE,2984.001,3.3,9847.2033,196.94,2.00,202.42,2.06,-7.84,-0.08,9249.38,92.49
432,Exit long,2025-03-21 13:30,S2_SL,3022.448,3.2,9769.5328,-97.7,-1.00,14.5,0.15,-97.7,-1.00,9151.68,91.52
432,Entry long,2025-03-20 09:00,S2_LE,3052.979,3.2,9769.5328,-97.7,-1.00,14.5,0.15,-97.7,-1.00,9151.68,91.52
433,Exit long,2025-03-28 16:00,S2_LX_TP1,3075.461,3.3,9950.0247,199,2.00,233.91,2.35,-10.01,-0.10,9350.67,93.51
433,Entry long,2025-03-26 13:00,S2_LE,3015.159,3.3,9950.0247,199,2.00,233.91,2.35,-10.01,-0.10,9350.67,93.51
434,Exit long,2025-04-01 10:00,S2_LX_TP1,3135.138,3.2,9835.7312,196.71,2.00,206.48,2.10,-20.96,-0.21,9547.38,95.47
434,Entry long,2025-03-28 17:30,S2_LE,3073.666,3.2,9835.7312,196.71,2.00,206.48,2.10,-20.96,-0.21,9547.38,95.47
435,Exit long,2025-04-03 18:00,S2_SL,3107.658,3.1,9731.055,-97.32,-1.00,88.94,0.91,-97.32,-1.00,9450.07,94.50
435,Entry long,2025-04-03 06:00,S2_LE,3139.05,3.1,9731.055,-97.32,-1.00,88.94,0.91,-97.32,-1.00,9450.07,94.50
436,Exit long,2025-04-07 22:30,S2_SL,3000.853,3.2,9699.7312,-97,-1.00,22.06,0.23,-97,-1.00,9353.07,93.53
436,Entry long,2025-04-07 21:00,S2_LE,3031.166,3.2,9699.7312,-97,-1.00,22.06,0.23,-97,-1.00,9353.07,93.53
437,Exit long,2025-04-09 01:00,S2_SL,2977.335,3.3,9924.4563,-99.25,-1.00,50.44,0.51,-99.25,-1.00,9253.82,92.54
437,Entry long,2025-04-08 17:00,S2_LE,3007.411,3.3,9924.4563,-99.25,-1.00,50.44,0.51,-99.25,-1.00,9253.82,92.54
438,Exit long,2025-04-09 15:00,S2_LX_TP1,3037.968,3.3,9828.7233,196.57,2.00,206.31,2.10,-21.96,-0.22,9450.39,94.50
438,Entry long,2025-04-09 08:00,S2_LE,2978.401,3.3,9828.7233,196.57,2.00,206.31,2.10,-21.96,-0.22,9450.39,94.50
439,Exit long,2025-04-11 07:00,S2_LX_TP1,3184.705,3.2,9991.2352,199.82,2.00,218.87,2.19,-61.11,-0.61,9650.21,96.50
439,Entry long,2025-04-10 14:00,S2_LE,3122.261,3.2,9991.2352,199.82,2.00,218.87,2.19,-61.11,-0.61,9650.21,96.50
440,Exit long,2025-04-11 13:30,S2_SL,3186.849,3.1,9979.0271,-99.8,-1.00,3.35,0.03,-99.8,-1.00,9550.41,95.50
440,Entry long,2025-04-11 11:30,S2_LE,3219.041,3.1,9979.0271,-99.8,-1.00,3.35,0.03,-99.8,-1.00,9550.41,95.50
441,Exit long,2025-04-16 13:30,S2_LX_TP1,3288.872,3.1,9995.5966,199.91,2.00,209.11,2.09,-96.32,-0.96,9750.32,97.50
441,Entry long,2025-04-14 16:30,S2_LE,3224.386,3.1,9995.5966,199.91,2.00,209.11,2.09,-96.32,-0.96,9750.32,97.50
442,Exit long,2025-04-17 22:00,S2_SL,3306.893,2.9,9686.8613,-96.87,-1.00,15.2,0.16,-96.87,-1.00,9653.45,96.53
442,Entry long,2025-04-17 11:00,S2_LE,3340.297,2.9,9686.8613,-96.87,-1.00,15.2,0.16,-96.87,-1.00,9653.45,96.53
443,Exit long,2025-04-22 15:00,S2_LX_TP1,3462.63,2.9,9844.7373,196.89,2.00,305.61,3.10,-25.06,-0.25,9850.34,98.50
443,Entry long,2025-04-21 18:00,S2_LE,3394.737,2.9,9844.7373,196.89,2.00,305.61,3.10,-25.06,-0.25,9850.34,98.50
444,Exit long,2025-04-23 06:00,S2_SL,3354.242,2.9,9839.8479,-112.55,-1.14,49.74,0.51,-112.55,-1.14,9737.79,97.38
444,Entry long,2025-04-23 01:00,S2_LE,3393.051,2.9,9839.8479,-112.55,-1.14,49.74,0.51,-112.55,-1.14,9737.79,97.38
445,Exit long,2025-04-23 21:30,S2_SL,3282.596,3,9947.265,-99.48,-1.00,74.24,0.75,-99.48,-1.00,9638.31,96.38
445,Entry long,2025-04-23 16:30,S2_LE,3315.755,3,9947.265,-99.48,-1.00,74.24,0.75,-99.48,-1.00,9638.31,96.38
446,Exit long,2025-04-25 13:30,S2_SL,3293.67,3,9980.823,-99.81,-1.00,131.56,1.32,-99.81,-1.00,9538.5,95.39
446,Entry long,2025-04-24 12:00,S2_LE,3326.941,3,9980.823,-99.81,-1.00,131.56,1.32,-99.81,-1.00,9538.5,95.39
447,Exit long,2025-05-01 08:00,S2_SL,3264.782,3,9893.283,-98.94,-1.00,165.84,1.68,-98.94,-1.00,9439.56,94.40
447,Entry long,2025-04-25 14:30,S2_LE,3297.761,3,9893.283,-98.94,-1.00,165.84,1.68,-98.94,-1.00,9439.56,94.40
448,Exit long,2025-05-01 17:30,S2_SL,3216.391,3,9746.643,-97.47,-1.00,8.37,0.09,-97.47,-1.00,9342.09,93.42
448,Entry long,2025-05-01 09:30,S2_LE,3248.881,3,9746.643,-97.47,-1.00,8.37,0.09,-97.47,-1.00,9342.09,93.42
449,Exit long,2025-05-07 06:00,S2_LX_TP2,3385.064,3.1,9965.2445,528.45,5.30,694.96,6.97,-6.35,-0.06,9870.55,98.71
449,Entry long,2025-05-02 02:00,S2_LE,3214.595,3.1,9965.2445,528.45,5.30,694.96,6.97,-6.35,-0.06,9870.55,98.71
450,Exit long,2025-05-08 14:00,S2_SL,3345.863,2.9,9801.0169,-98.01,-1.00,101.63,1.04,-98.01,-1.00,9772.53,97.73
450,Entry long,2025-05-07 09:00,S2_LE,3379.661,2.9,9801.0169,-98.01,-1.00,101.63,1.04,-98.01,-1.00,9772.53,97.73
451,Exit long,2025-05-09 00:00,S2_SL,3310.431,2.9,9697.2259,-96.98,-1.00,74.21,0.77,-96.98,-1.00,9675.56,96.76
451,Entry long,2025-05-08 19:30,S2_LE,3343.871,2.9,9697.2259,-96.98,-1.00,74.21,0.77,-96.98,-1.00,9675.56,96.76
452,Exit long,2025-05-09 10:00,S2_SL,3282.864,3,9948.078,-99.49,-1.00,21.16,0.21,-99.49,-1.00,9576.07,95.76
452,Entry long,2025-05-09 08:00,S2_LE,3316.026,3,9948.078,-99.49,-1.00,21.16,0.21,-99.49,-1.00,9576.07,95.76
453,Exit long,2025-05-12 06:00,S2_SL,3297.575,2.9,9681.9429,-118.98,-1.23,4.06,0.04,-118.98,-1.23,9457.1,94.57
453,Entry long,2025-05-10 03:00,S2_LE,3338.601,2.9,9681.9429,-118.98,-1.23,4.06,0.04,-118.98,-1.23,9457.1,94.57
454,Exit long,2025-05-14 20:00,S2_SL,3210.593,3,9729.075,-97.3,-1.00,67.46,0.69,-97.3,-1.00,9359.8,93.60
454,Entry long,2025-05-12 22:30,S2_LE,3243.025,3,9729.075,-97.3,-1.00,67.46,0.69,-97.3,-1.00,9359.8,93.60
455,Exit long,2025-05-15 22:30,S2_LX_TP1,3205.059,3.1,9740.8696,194.81,2.00,201.2,2.07,-10.85,-0.11,9554.61,95.55
455,Entry long,2025-05-15 16:00,S2_LE,3142.216,3.1,9740.8696,194.81,2.00,201.2,2.07,-10.85,-0.11,9554.61,95.55
456,Exit long,2025-05-16 18:30,S2_SL,3188.918,3.1,9985.5061,-99.86,-1.00,95.85,0.96,-99.86,-1.00,9454.75,94.55
456,Entry long,2025-05-16 02:00,S2_LE,3221.131,3.1,9985.5061,-99.86,-1.00,95.85,0.96,-99.86,-1.00,9454.75,94.55
457,Exit long,2025-05-21 04:00,S2_LX_TP1,3292.962,3,9685.188,193.7,2.00,201.97,2.09,-72.57,-0.75,9648.45,96.48
457,Entry long,2025-05-19 11:00,S2_LE,3228.396,3,9685.188,193.7,2.00,201.97,2.09,-72.57,-0.75,9648.45,96.48
458,Exit long,2025-05-29 07:00,S2_SL,3269.554,3,9907.743,-99.08,-1.00,190.05,1.92,-99.08,-1.00,9549.37,95.49
458,Entry long,2025-05-21 13:30,S2_LE,3302.581,3,9907.743,-99.08,-1.00,190.05,1.92,-99.08,-1.00,9549.37,95.49
459,Exit long,2025-06-03 11:30,S2_LX_TP1,3362.994,3,9817.383,271.6,2.77,358.92,3.66,-13.94,-0.14,9820.97,98.21
459,Entry long,2025-05-29 14:00,S2_LE,3272.461,3,9817.383,271.6,2.77,358.92,3.66,-13.94,-0.14,9820.97,98.21
460,Exit long,2025-06-07 03:30,S2_SL,3312.81,2.9,9704.1946,-97.05,-1.00,165.78,1.71,-97.05,-1.00,9723.92,97.24
460,Entry long,2025-06-03 22:30,S2_LE,3346.274,2.9,9704.1946,-97.05,-1.00,165.78,1.71,-97.05,-1.00,9723.92,97.24
461,Exit long,2025-06-12 19:30,S2_LX_TP1,3377.278,3,9933.174,198.66,2.00,232.72,2.34,-53.58,-0.54,9922.58,99.23
461,Entry long,2025-06-07 04:30,S2_LE,3311.058,3,9933.174,198.66,2.00,232.72,2.34,-53.58,-0.54,9922.58,99.23
462,Exit long,2025-06-16 15:00,S2_SL,3412.609,2.9,9996.5349,-99.97,-1.00,12.18,0.12,-99.97,-1.00,9822.62,98.23
462,Entry long,2025-06-16 06:30,S2_LE,3447.081,2.9,9996.5349,-99.97,-1.00,12.18,0.12,-99.97,-1.00,9822.62,98.23
463,Exit long,2025-06-19 14:00,S2_SL,3353.738,2.9,9824.0864,-98.25,-1.00,36.03,0.37,-98.25,-1.00,9724.37,97.24
463,Entry long,2025-06-17 20:30,S2_LE,3387.616,2.9,9824.0864,-98.25,-1.00,36.03,0.37,-98.25,-1.00,9724.37,97.24
464,Exit long,2025-06-24 14:00,S2_SL,3322.855,2.9,9733.6209,-97.34,-1.00,107.7,1.11,-97.34,-1.00,9627.03,96.27
464,Entry long,2025-06-23 15:30,S2_LE,3356.421,2.9,9733.6209,-97.34,-1.00,107.7,1.11,-97.34,-1.00,9627.03,96.27
465,Exit long,2025-06-27 11:00,S2_SL,3300.719,2.9,9668.7769,-96.69,-1.00,47.21,0.49,-96.69,-1.00,9530.34,95.30
465,Entry long,2025-06-25 15:30,S2_LE,3334.061,2.9,9668.7769,-96.69,-1.00,47.21,0.49,-96.69,-1.00,9530.34,95.30
466,Exit long,2025-06-30 06:00,S2_SL,3252.777,3,9856.905,-98.57,-1.00,7.1,0.07,-98.57,-1.00,9431.76,94.32
466,Entry long,2025-06-27 19:00,S2_LE,3285.635,3,9856.905,-98.57,-1.00,7.1,0.07,-98.57,-1.00,9431.76,94.32
467,Exit long,2025-07-07 10:30,S2_SL,3306.065,2.9,9684.4369,-96.85,-1.00,76.09,0.79,-96.85,-1.00,9334.91,93.35
467,Entry long,2025-07-01 16:00,S2_LE,3339.461,2.9,9684.4369,-96.85,-1.00,76.09,0.79,-96.85,-1.00,9334.91,93.35
468,Exit long,2025-07-08 23:00,S2_SL,3292.423,3,9977.043,-99.77,-1.00,3.81,0.04,-99.77,-1.00,9235.14,92.35
468,Entry long,2025-07-08 21:30,S2_LE,3325.681,3,9977.043,-99.77,-1.00,3.81,0.04,-99.77,-1.00,9235.14,92.35
469,Exit long,2025-07-14 15:30,S2_LX_TP1,3372.313,3,9918.573,198.37,2.00,206.31,2.08,-71.3,-0.72,9433.51,94.34
469,Entry long,2025-07-09 09:30,S2_LE,3306.191,3,9918.573,198.37,2.00,206.31,2.08,-71.3,-0.72,9433.51,94.34
470,Exit long,2025-07-17 20:30,S2_SL,3318.489,2.9,9720.8319,-97.21,-1.00,73.86,0.76,-97.21,-1.00,9336.29,93.36
470,Entry long,2025-07-14 22:30,S2_LE,3352.011,2.9,9720.8319,-97.21,-1.00,73.86,0.76,-97.21,-1.00,9336.29,93.36
471,Exit long,2025-07-25 22:30,S2_SL,3332.32,2.9,9761.3449,-97.62,-1.00,211.52,2.17,-97.62,-1.00,9238.67,92.39
471,Entry long,2025-07-21 18:00,S2_LE,3365.981,2.9,9761.3449,-97.62,-1.00,211.52,2.17,-97.62,-1.00,9238.67,92.39
472,Exit long,2025-07-31 02:30,S2_SL,3284.204,3,9952.137,-99.52,-1.00,50.22,0.50,-99.52,-1.00,9139.15,91.39
472,Entry long,2025-07-29 13:30,S2_LE,3317.379,3,9952.137,-99.52,-1.00,50.22,0.50,-99.52,-1.00,9139.15,91.39
473,Exit long,2025-08-15 00:00,S2_SL,3330.755,2.9,9756.7629,-97.57,-1.00,129.45,1.33,-97.57,-1.00,9041.58,90.42
473,Entry long,2025-08-06 20:30,S2_LE,3364.401,2.9,9756.7629,-97.57,-1.00,129.45,1.33,-97.57,-1.00,9041.58,90.42
474,Exit long,2025-08-20 07:30,S2_SL,3312.698,2.9,9703.8669,-97.04,-1.00,35.58,0.37,-97.04,-1.00,8944.53,89.45
474,Entry long,2025-08-15 16:00,S2_LE,3346.161,2.9,9703.8669,-97.04,-1.00,35.58,0.37,-97.04,-1.00,8944.53,89.45
475,Exit long,2025-08-27 06:00,S2_LX_TP1,3393.325,3,9980.373,199.6,2.00,202.59,2.03,-17.24,-0.17,9144.14,91.44
475,Entry long,2025-08-20 18:30,S2_LE,3326.791,3,9980.373,199.6,2.00,202.59,2.03,-17.24,-0.17,9144.14,91.44
476,Exit long,2025-09-02 15:30,S2_LX_TP1,3472.144,2.9,9848.2434,220.97,2.24,326.96,3.32,-33.51,-0.34,9365.11,93.65
476,Entry long,2025-08-28 04:00,S2_LE,3395.946,2.9,9848.2434,220.97,2.24,326.96,3.32,-33.51,-0.34,9365.11,93.65
477,Exit long,2025-09-08 16:30,S2_LX_TP1,3610.769,2.8,9911.9188,198.23,2.00,216.3,2.18,-82.73,-0.83,9563.34,95.63
477,Entry long,2025-09-03 17:00,S2_LE,3539.971,2.8,9911.9188,198.23,2.00,216.3,2.18,-82.73,-0.83,9563.34,95.63
478,Exit long,2025-09-16 15:30,S2_LX_TP1,3689.37,2.7,9765.9837,195.32,2.00,208.38,2.13,-12.51,-0.13,9758.66,97.59
478,Entry long,2025-09-08 19:00,S2_LE,3617.031,2.7,9765.9837,195.32,2.00,208.38,2.13,-12.51,-0.13,9758.66,97.59
479,Exit long,2025-09-18 02:30,S2_SL,3645.847,2.7,9943.2225,-99.44,-1.00,66.95,0.67,-99.44,-1.00,9659.23,96.59
479,Entry long,2025-09-18 01:30,S2_LE,3682.675,2.7,9943.2225,-99.44,-1.00,66.95,0.67,-99.44,-1.00,9659.23,96.59
480,Exit long,2025-09-22 20:00,S2_LX_TP1,3715.35,2.7,9834.7527,196.69,2.00,231.93,2.36,-28.52,-0.29,9855.92,98.56
480,Entry long,2025-09-19 02:30,S2_LE,3642.501,2.7,9834.7527,196.69,2.00,231.93,2.36,-28.52,-0.29,9855.92,98.56
481,Exit long,2025-09-29 20:00,S2_LX_TP1,3823.796,2.6,9746.9346,194.94,2.00,214.68,2.20,-81.83,-0.84,10050.85,100.51
481,Entry long,2025-09-23 08:30,S2_LE,3748.821,2.6,9746.9346,194.94,2.00,214.68,2.20,-81.83,-0.84,10050.85,100.51
482,Exit long,2025-10-06 08:00,S2_LX_TP1,3904.804,2.6,9953.4266,199.06,2.00,240.58,2.42,-91.95,-0.92,10249.92,102.50
482,Entry long,2025-09-29 23:00,S2_LE,3828.241,2.6,9953.4266,199.06,2.00,240.58,2.42,-91.95,-0.92,10249.92,102.50
483,Exit long,2025-10-08 12:30,S2_LX_TP1,4018.483,2.5,9849.2275,196.98,2.00,204.5,2.08,-33.23,-0.34,10446.9,104.47
483,Entry long,2025-10-06 18:30,S2_LE,3939.691,2.5,9849.2275,196.98,2.00,204.5,2.08,-33.23,-0.34,10446.9,104.47
484,Exit long,2025-10-13 07:30,S2_LX_TP1,4043.8,2.5,9911.2775,198.22,2.00,238.85,2.41,-6.05,-0.06,10645.12,106.45
484,Entry long,2025-10-10 15:30,S2_LE,3964.511,2.5,9911.2775,198.22,2.00,238.85,2.41,-6.05,-0.06,10645.12,106.45
485,Exit long,2025-10-14 08:00,S2_LX_TP1,4121.147,2.4,9696.8208,193.93,2.00,220.08,2.27,-11.75,-0.12,10839.05,108.39
485,Entry long,2025-10-13 08:30,S2_LE,4040.342,2.4,9696.8208,193.93,2.00,220.08,2.27,-11.75,-0.12,10839.05,108.39
486,Exit long,2025-10-15 16:30,S2_LX_TP1,4208.782,2.4,9903.0192,198.06,2.00,220.49,2.23,-68.78,-0.69,11037.11,110.37
486,Entry long,2025-10-14 16:00,S2_LE,4126.258,2.4,9903.0192,198.06,2.00,220.49,2.23,-68.78,-0.69,11037.11,110.37
487,Exit long,2025-10-17 06:30,S2_LX_TP1,4367.949,2.3,9849.9823,196.3,1.99,225.83,2.29,-22.19,-0.23,11233.41,112.33
487,Entry long,2025-10-17 01:00,S2_LE,4282.601,2.3,9849.9823,196.3,1.99,225.83,2.29,-22.19,-0.23,11233.41,112.33
488,Exit long,2025-10-21 01:00,S2_LX_TP1,4340.859,2.3,9788.2158,195.76,2.00,229.5,2.34,-11.69,-0.12,11429.17,114.29
488,Entry long,2025-10-20 18:30,S2_LE,4255.746,2.3,9788.2158,195.76,2.00,229.5,2.34,-11.69,-0.12,11429.17,114.29
489,Exit long,2025-10-21 13:30,S2_SL,4323.577,2.2,9607.9522,-96.08,-1.00,11.22,0.12,-96.08,-1.00,11333.09,113.33
489,Entry long,2025-10-21 07:00,S2_LE,4367.251,2.2,9607.9522,-96.08,-1.00,11.22,0.12,-96.08,-1.00,11333.09,113.33
490,Exit long,2025-10-23 14:30,S2_LX_TP1,4124.48,2.4,9704.6616,194.09,2.00,226.34,2.33,-14.91,-0.15,11527.18,115.27
490,Entry long,2025-10-23 00:30,S2_LE,4043.609,2.4,9704.6616,194.09,2.00,226.34,2.33,-14.91,-0.15,11527.18,115.27
491,Exit long,2025-10-24 14:00,S2_SL,4083.196,2.4,9898.6608,-98.99,-1.00,72.84,0.74,-98.99,-1.00,11428.19,114.28
491,Entry long,2025-10-23 18:00,S2_LE,4124.442,2.4,9898.6608,-98.99,-1.00,72.84,0.74,-98.99,-1.00,11428.19,114.28
492,Exit long,2025-10-28 14:30,S2_SL,3946.882,2.5,9966.8775,-99.67,-1.00,82.42,0.83,-99.67,-1.00,11328.51,113.29
492,Entry long,2025-10-27 23:30,S2_LE,3986.751,2.5,9966.8775,-99.67,-1.00,82.42,0.83,-99.67,-1.00,11328.51,113.29
493,Exit long,2025-10-29 18:00,S2_LX_TP1,4017.193,2.5,9846.065,196.92,2.00,228.06,2.32,-59.25,-0.60,11525.43,115.25
493,Entry long,2025-10-28 22:00,S2_LE,3938.426,2.5,9846.065,196.92,2.00,228.06,2.32,-59.25,-0.60,11525.43,115.25
494,Exit long,2025-10-31 07:00,S2_LX_TP1,4024.374,2.5,9863.665,197.27,2.00,251.97,2.55,-76,-0.77,11722.7,117.23
494,Entry long,2025-10-30 04:00,S2_LE,3945.466,2.5,9863.665,197.27,2.00,251.97,2.55,-76,-0.77,11722.7,117.23
495,Exit long,2025-11-04 22:00,S2_SL,3961.9,2.4,9604.6104,-96.05,-1.00,82.37,0.86,-96.05,-1.00,11626.65,116.27
495,Entry long,2025-10-31 13:30,S2_LE,4001.921,2.4,9604.6104,-96.05,-1.00,82.37,0.86,-96.05,-1.00,11626.65,116.27
496,Exit long,2025-11-11 07:00,S2_LX_TP2,4115.027,2.5,9892.1275,395.44,4.00,399.15,4.04,-68.4,-0.69,12022.09,120.22
496,Entry long,2025-11-04 23:00,S2_LE,3956.851,2.5,9892.1275,395.44,4.00,399.15,4.04,-68.4,-0.69,12022.09,120.22
497,Exit long,2025-11-14 02:30,S2_SL,4155.643,2.3,9654.5283,-96.55,-1.00,109.48,1.13,-96.55,-1.00,11925.54,119.26
497,Entry long,2025-11-13 05:30,S2_LE,4197.621,2.3,9654.5283,-96.55,-1.00,109.48,1.13,-96.55,-1.00,11925.54,119.26
498,Exit long,2025-11-18 03:30,S2_SL,4039.979,2.4,9793.8912,-97.94,-1.00,73.11,0.75,-97.94,-1.00,11827.6,118.28
498,Entry long,2025-11-14 23:30,S2_LE,4080.788,2.4,9793.8912,-97.94,-1.00,73.11,0.75,-97.94,-1.00,11827.6,118.28
499,Exit long,2025-11-25 08:00,S2_LX_TP1,4139.43,2.4,9739.8384,194.79,2.00,207.11,2.13,-86.86,-0.89,12022.39,120.22
499,Entry long,2025-11-21 14:00,S2_LE,4058.266,2.4,9739.8384,194.79,2.00,207.11,2.13,-86.86,-0.89,12022.39,120.22
500,Exit long,2025-12-01 10:00,S2_LX_TP1,4248.167,2.4,9995.6904,199.91,2.00,220.03,2.20,-53.87,-0.54,12222.3,122.22
500,Entry long,2025-11-27 03:00,S2_LE,4164.871,2.4,9995.6904,199.91,2.00,220.03,2.20,-53.87,-0.54,12222.3,122.22
501,Exit long,2025-12-02 09:00,S2_SL,4200.461,2.3,9758.6493,-97.59,-1.00,49.84,0.51,-97.59,-1.00,12124.71,121.25
501,Entry long,2025-12-01 11:00,S2_LE,4242.891,2.3,9758.6493,-97.59,-1.00,49.84,0.51,-97.59,-1.00,12124.71,121.25
502,Exit long,2025-12-12 23:30,S2_LX_TP1,4290.079,2.3,9673.7103,193.47,2.00,339.5,3.51,-83.07,-0.86,12318.19,123.18
502,Entry long,2025-12-04 10:30,S2_LE,4205.961,2.3,9673.7103,193.47,2.00,339.5,3.51,-83.07,-0.86,12318.19,123.18
503,Exit long,2025-12-23 21:30,S2_LX_TP2,4477.944,2.3,9848.2527,451.02,4.58,495.75,5.03,-25.63,-0.26,12769.2,127.69
503,Entry long,2025-12-13 01:00,S2_LE,4281.849,2.3,9848.2527,451.02,4.58,495.75,5.03,-25.63,-0.26,12769.2,127.69
504,Exit long,2025-12-29 15:00,S2_SL,4468.548,2.2,9930.1092,-99.3,-1.00,12.39,0.12,-99.3,-1.00,12669.9,126.70
504,Entry long,2025-12-29 13:30,S2_LE,4513.686,2.2,9930.1092,-99.3,-1.00,12.39,0.12,-99.3,-1.00,12669.9,126.70
505,Exit long,2025-12-31 03:30,S2_SL,4344.382,2.2,9654.1852,-96.54,-1.00,8.54,0.09,-96.54,-1.00,12573.36,125.73
505,Entry long,2025-12-30 22:00,S2_LE,4388.266,2.2,9654.1852,-96.54,-1.00,8.54,0.09,-96.54,-1.00,12573.36,125.73
506,Exit long,2026-01-02 23:00,S2_SL,4336.026,2.2,9635.6172,-96.36,-1.00,49.56,0.51,-96.36,-1.00,12477,124.77
506,Entry long,2026-01-02 14:30,S2_LE,4379.826,2.2,9635.6172,-96.36,-1.00,49.56,0.51,-96.36,-1.00,12477,124.77
507,Exit long,2026-01-05 11:00,S2_LX_TP1,4405.048,2.3,9932.9548,198.66,2.00,236.63,2.38,-21.29,-0.21,12675.65,126.76
507,Entry long,2026-01-03 02:30,S2_LE,4318.676,2.3,9932.9548,198.66,2.00,236.63,2.38,-21.29,-0.21,12675.65,126.76
508,Exit long,2026-01-12 07:30,S2_LX_TP1,4537.447,2.2,9786.7242,195.66,2.00,197.71,2.02,-90.36,-0.92,12871.31,128.71
508,Entry long,2026-01-06 00:00,S2_LE,4448.511,2.2,9786.7242,195.66,2.00,197.71,2.02,-90.36,-0.92,12871.31,128.71
509,Exit long,2026-01-19 07:30,S2_LX_TP1,4672.839,2.1,9620.5536,192.41,2.00,230.29,2.39,-94.22,-0.98,13063.72,130.64
509,Entry long,2026-01-13 15:00,S2_LE,4581.216,2.1,9620.5536,192.41,2.00,230.29,2.39,-94.22,-0.98,13063.72,130.64
510,Exit long,2026-01-21 02:30,S2_LX_TP1,4761.247,2.1,9802.5711,196.05,2.00,206.51,2.11,-18.38,-0.19,13259.77,132.60
510,Entry long,2026-01-19 22:30,S2_LE,4667.891,2.1,9802.5711,196.05,2.00,206.51,2.11,-18.38,-0.19,13259.77,132.60
511,Exit long,2026-01-21 23:00,S2_SL,4816.013,2,9729.322,-97.3,-1.00,32.5,0.33,-97.3,-1.00,13162.47,131.62
511,Entry long,2026-01-21 20:30,S2_LE,4864.661,2,9729.322,-97.3,-1.00,32.5,0.33,-97.3,-1.00,13162.47,131.62
512,Exit long,2026-01-22 03:30,S2_SL,4777.899,2,9652.324,-96.53,-1.00,55.74,0.58,-96.53,-1.00,13065.94,130.66
512,Entry long,2026-01-22 02:00,S2_LE,4826.162,2,9652.324,-96.53,-1.00,55.74,0.58,-96.53,-1.00,13065.94,130.66
513,Exit long,2026-01-23 04:30,S2_LX_TP1,4918.666,2,9644.446,192.89,2.00,212.53,2.20,-4.07,-0.04,13258.83,132.59
513,Entry long,2026-01-22 22:00,S2_LE,4822.223,2,9644.446,192.89,2.00,212.53,2.20,-4.07,-0.04,13258.83,132.59
514,Exit long,2026-01-27 05:30,S2_SL,4992.114,1.9,9580.8279,-95.81,-1.00,130.4,1.36,-95.81,-1.00,13163.02,131.63
514,Entry long,2026-01-26 08:30,S2_LE,5042.541,1.9,9580.8279,-95.81,-1.00,130.4,1.36,-95.81,-1.00,13163.02,131.63
515,Exit long,2026-01-28 07:00,S2_LX_TP1,5165.229,1.9,9621.5069,192.43,2.00,240.25,2.50,-34.3,-0.36,13355.45,133.55
515,Entry long,2026-01-27 13:30,S2_LE,5063.951,1.9,9621.5069,192.43,2.00,240.25,2.50,-34.3,-0.36,13355.45,133.55
516,Exit long,2026-01-29 08:00,S2_LX_TP2,5469.432,1.9,9992.2349,399.69,4.00,645.39,6.46,-44.97,-0.45,13755.13,137.55
516,Entry long,2026-01-28 19:30,S2_LE,5259.071,1.9,9992.2349,399.69,4.00,645.39,6.46,-44.97,-0.45,13755.13,137.55
517,Exit long,2026-01-29 23:00,S2_SL,5442.74,1.8,9895.8942,-98.96,-1.00,175.88,1.78,-98.96,-1.00,13656.17,136.56
517,Entry long,2026-01-29 08:30,S2_LE,5497.719,1.8,9895.8942,-98.96,-1.00,175.88,1.78,-98.96,-1.00,13656.17,136.56
518,Exit long,2026-02-03 15:00,S2_LX_TP1,4879.19,2,9567.042,191.34,2.00,220.76,2.31,-64.78,-0.68,13847.51,138.48
518,Entry long,2026-02-03 11:00,S2_LE,4783.521,2,9567.042,191.34,2.00,220.76,2.31,-64.78,-0.68,13847.51,138.48
519,Exit long,2026-02-04 09:30,S2_LX_TP1,5023.127,2,9849.272,196.98,2.00,258.25,2.62,-89.73,-0.91,14044.49,140.44
519,Entry long,2026-02-03 22:30,S2_LE,4924.636,2,9849.272,196.98,2.00,258.25,2.62,-89.73,-0.91,14044.49,140.44
520,Exit long,2026-02-04 19:00,S2_SL,5033.932,1.9,9661.0839,-96.61,-1.00,13.62,0.14,-96.61,-1.00,13947.88,139.48
520,Entry long,2026-02-04 16:00,S2_LE,5084.781,1.9,9661.0839,-96.61,-1.00,13.62,0.14,-96.61,-1.00,13947.88,139.48
521,Exit long,2026-02-05 11:00,S2_SL,4811.58,2,9872.582,-249.42,-2.53,8.68,0.09,-264.14,-2.68,13698.46,136.98
521,Entry long,2026-02-05 10:30,S2_LE,4936.291,2,9872.582,-249.42,-2.53,8.68,0.09,-264.14,-2.68,13698.46,136.98
522,Exit long,2026-02-06 10:30,S2_LX_TP1,4818.194,2.1,9919.8141,198.39,2.00,205.59,2.07,-64.28,-0.65,13896.85,138.97
522,Entry long,2026-02-06 08:30,S2_LE,4723.721,2.1,9919.8141,198.39,2.00,205.59,2.07,-64.28,-0.65,13896.85,138.97
523,Exit long,2026-02-10 01:30,S2_LX_TP1,5052.243,2,9906.362,198.12,2.00,256.06,2.58,-14.28,-0.14,14094.97,140.95
523,Entry long,2026-02-07 05:00,S2_LE,4953.181,2,9906.362,198.12,2.00,256.06,2.58,-14.28,-0.14,14094.97,140.95
524,Exit long,2026-02-13 00:00,S2_SL,4976.967,1.9,9551.7579,-95.52,-1.00,174.64,1.83,-95.52,-1.00,13999.45,139.99
524,Entry long,2026-02-10 12:30,S2_LE,5027.241,1.9,9551.7579,-95.52,-1.00,174.64,1.83,-95.52,-1.00,13999.45,139.99
525,Exit long,2026-02-17 13:00,S2_SL,4909.934,2,9919.062,-99.19,-1.00,1.38,0.01,-99.19,-1.00,13900.26,139.00
525,Entry long,2026-02-17 12:30,S2_LE,4959.531,2,9919.062,-99.19,-1.00,1.38,0.01,-99.19,-1.00,13900.26,139.00
526,Exit long,2026-02-19 02:00,S2_LX_TP1,4986.484,2,9777.422,195.55,2.00,244.38,2.50,-94.68,-0.97,14095.8,140.96
526,Entry long,2026-02-17 14:00,S2_LE,4888.711,2,9777.422,195.55,2.00,244.38,2.50,-94.68,-0.97,14095.8,140.96
527,Exit long,2026-02-23 23:00,S2_LX_TP2,5180.531,2,9962.562,398.5,4.00,444.7,4.46,-42.54,-0.43,14494.3,144.94
527,Entry long,2026-02-19 07:30,S2_LE,4981.281,2,9962.562,398.5,4.00,444.7,4.46,-42.54,-0.43,14494.3,144.94
528,Exit long,2026-02-24 09:00,S2_SL,5155.801,1.9,9894.9739,-98.95,-1.00,79.78,0.81,-98.95,-1.00,14395.35,143.95
528,Entry long,2026-02-24 02:00,S2_LE,5207.881,1.9,9894.9739,-98.95,-1.00,79.78,0.81,-98.95,-1.00,14395.35,143.95
529,Exit long,2026-02-24 21:30,S2_SL,5121.715,1.9,9829.5569,-98.3,-1.00,19.76,0.20,-98.3,-1.00,14297.05,142.97
529,Entry long,2026-02-24 15:00,S2_LE,5173.451,1.9,9829.5569,-98.3,-1.00,19.76,0.20,-98.3,-1.00,14297.05,142.97
530,Exit long,2026-03-02 08:00,S2_LX_TP2,5375.53,1.9,9820.682,392.83,4.00,426.8,4.35,-74.64,-0.76,14689.88,146.90
530,Entry long,2026-02-25 19:30,S2_LE,5168.78,1.9,9820.682,392.83,4.00,426.8,4.35,-74.64,-0.76,14689.88,146.90
531,Exit long,2026-03-02 22:00,S2_SL,5309.805,1.8,9654.1938,-96.54,-1.00,100.58,1.04,-96.54,-1.00,14593.33,145.93
531,Entry long,2026-03-02 12:30,S2_LE,5363.441,1.8,9654.1938,-96.54,-1.00,100.58,1.04,-96.54,-1.00,14593.33,145.93
532,Exit long,2026-03-03 17:00,S2_SL,5256.355,1.8,9557.0118,-95.57,-1.00,126.75,1.33,-95.57,-1.00,14497.76,144.98
532,Entry long,2026-03-03 00:30,S2_LE,5309.451,1.8,9557.0118,-95.57,-1.00,126.75,1.33,-95.57,-1.00,14497.76,144.98
533,Exit long,2026-03-05 02:00,S2_SL,5119.499,1.9,9825.3047,-98.26,-1.00,47.57,0.48,-98.26,-1.00,14399.5,144.00
533,Entry long,2026-03-04 21:00,S2_LE,5171.213,1.9,9825.3047,-98.26,-1.00,47.57,0.48,-98.26,-1.00,14399.5,144.00
534,Exit long,2026-03-05 21:00,S2_SL,5104.479,1.9,9796.4779,-97.97,-1.00,29.6,0.30,-97.97,-1.00,14301.54,143.02
534,Entry long,2026-03-05 18:30,S2_LE,5156.041,1.9,9796.4779,-97.97,-1.00,29.6,0.30,-97.97,-1.00,14301.54,143.02
535,Exit long,2026-03-09 08:00,S2_SL,5035.892,1.9,9664.8459,-96.65,-1.00,211.1,2.18,-96.65,-1.00,14204.89,142.05
535,Entry long,2026-03-06 07:00,S2_LE,5086.761,1.9,9664.8459,-96.65,-1.00,211.1,2.18,-96.65,-1.00,14204.89,142.05
536,Exit long,2026-03-10 21:30,S2_LX_TP1,5201.546,1.9,9689.1564,193.78,2.00,245.47,2.53,-20.78,-0.21,14398.67,143.99
536,Entry long,2026-03-09 23:30,S2_LE,5099.556,1.9,9689.1564,193.78,2.00,245.47,2.53,-20.78,-0.21,14398.67,143.99
537,Exit long,2026-03-12 06:30,S2_SL,5146.633,1.9,9877.3799,-98.78,-1.00,46.74,0.47,-98.78,-1.00,14299.89,143.00
537,Entry long,2026-03-11 04:00,S2_LE,5198.621,1.9,9877.3799,-98.78,-1.00,46.74,0.47,-98.78,-1.00,14299.89,143.00
538,Exit long,2026-03-13 01:30,S2_SL,5105.321,1.9,9798.0929,-97.98,-1.00,66.27,0.68,-97.98,-1.00,14201.91,142.02
538,Entry long,2026-03-12 14:30,S2_LE,5156.891,1.9,9798.0929,-97.98,-1.00,66.27,0.68,-97.98,-1.00,14201.91,142.02
539,Exit long,2026-03-13 15:00,S2_SL,5072.73,1.9,9735.5449,-97.36,-1.00,8.47,0.09,-97.36,-1.00,14104.55,141.05
539,Entry long,2026-03-13 10:00,S2_LE,5123.971,1.9,9735.5449,-97.36,-1.00,8.47,0.09,-97.36,-1.00,14104.55,141.05
540,Exit long,2026-03-16 07:00,S2_SL,4990.104,1.9,9576.9709,-95.77,-1.00,44.47,0.46,-95.77,-1.00,14008.78,140.09
540,Entry long,2026-03-14 00:30,S2_LE,5040.511,1.9,9576.9709,-95.77,-1.00,44.47,0.46,-95.77,-1.00,14008.78,140.09
541,Exit long,2026-03-18 19:00,S2_SL,4947.282,2,9994.512,-99.95,-1.00,94.55,0.95,-99.95,-1.00,13908.83,139.09
541,Entry long,2026-03-16 08:00,S2_LE,4997.256,2,9994.512,-99.95,-1.00,94.55,0.95,-99.95,-1.00,13908.83,139.09
542,Exit long,2026-03-19 19:30,S2_SL,4662.129,2.1,9889.3683,-98.9,-1.00,34.81,0.35,-98.9,-1.00,13809.93,138.10
542,Entry long,2026-03-19 17:00,S2_LE,4709.223,2.1,9889.3683,-98.9,-1.00,34.81,0.35,-98.9,-1.00,13809.93,138.10
543,Exit long,2026-03-23 15:30,S2_SL,4135.775,2.3,9706.9913,-194.71,-2.01,3.95,0.04,-280.96,-2.89,13615.22,136.15
543,Entry long,2026-03-23 15:00,S2_LE,4220.431,2.3,9706.9913,-194.71,-2.01,3.95,0.04,-280.96,-2.89,13615.22,136.15
544,Exit long,2026-03-25 20:30,S2_SL,4526.052,2.1,9600.7191,-96.01,-1.00,29.27,0.30,-96.01,-1.00,13519.21,135.19
544,Entry long,2026-03-25 13:00,S2_LE,4571.771,2.1,9600.7191,-96.01,-1.00,29.27,0.30,-96.01,-1.00,13519.21,135.19
545,Exit long,2026-03-26 03:00,S2_SL,4514.984,2.1,9577.2411,-95.77,-1.00,17.57,0.18,-95.77,-1.00,13423.44,134.23
545,Entry long,2026-03-25 23:30,S2_LE,4560.591,2.1,9577.2411,-95.77,-1.00,17.57,0.18,-95.77,-1.00,13423.44,134.23
546,Exit long,2026-03-30 06:00,S2_LX_TP1,4476.989,2.2,9656.2532,193.12,2.00,365.87,3.79,-85.11,-0.88,13616.56,136.17
546,Entry long,2026-03-27 01:00,S2_LE,4389.206,2.2,9656.2532,193.12,2.00,365.87,3.79,-85.11,-0.88,13616.56,136.17
547,Exit long,2026-03-31 10:00,S2_LX_TP1,4594.712,2.2,9910.1662,198.2,2.00,252.74,2.55,-50.01,-0.50,13814.76,138.15
547,Entry long,2026-03-31 07:30,S2_LE,4504.621,2.2,9910.1662,198.2,2.00,252.74,2.55,-50.01,-0.50,13814.76,138.15
548,Exit long,2026-04-02 13:30,S2_SL,4639.917,2.1,9842.2506,-98.42,-1.00,26.41,0.27,-98.42,-1.00,13716.33,137.16
548,Entry long,2026-04-02 11:00,S2_LE,4686.786,2.1,9842.2506,-98.42,-1.00,26.41,0.27,-98.42,-1.00,13716.33,137.16
549,Exit long,2026-04-07 22:00,S2_SL,4609.142,2.1,9776.9721,-97.77,-1.00,81.56,0.83,-97.77,-1.00,13618.56,136.19
549,Entry long,2026-04-07 01:30,S2_LE,4655.701,2.1,9776.9721,-97.77,-1.00,81.56,0.83,-97.77,-1.00,13618.56,136.19
550,Exit long,2026-04-13 06:00,S2_SL,4683.179,2,9537.124,-170.77,-1.79,65.38,0.69,-170.77,-1.79,13447.79,134.48
550,Entry long,2026-04-09 23:00,S2_LE,4768.562,2,9537.124,-170.77,-1.79,65.38,0.69,-170.77,-1.79,13447.79,134.48
551,Exit long,2026-04-15 10:30,S2_LX_TP1,4826.162,2.1,9936.2193,198.72,2.00,293.97,2.96,-66.41,-0.67,13646.52,136.47
551,Entry long,2026-04-13 14:30,S2_LE,4731.533,2.1,9936.2193,198.72,2.00,293.97,2.96,-66.41,-0.67,13646.52,136.47
552,Exit long,2026-04-20 06:00,S2_SL,4765.305,2,9626.882,-96.27,-1.00,155.05,1.61,-96.27,-1.00,13550.24,135.50
552,Entry long,2026-04-16 17:00,S2_LE,4813.441,2,9626.882,-96.27,-1.00,155.05,1.61,-96.27,-1.00,13550.24,135.50
553,Exit long,2026-04-20 07:30,S2_SL,4737.151,2,9570.006,-95.7,-1.00,11.63,0.12,-95.7,-1.00,13454.54,134.55
553,Entry long,2026-04-20 06:30,S2_LE,4785.003,2,9570.006,-95.7,-1.00,11.63,0.12,-95.7,-1.00,13454.54,134.55
554,Exit long,2026-04-21 22:30,S2_SL,4759.766,2,9615.692,-96.16,-1.00,50.77,0.53,-96.16,-1.00,13358.38,133.58
554,Entry long,2026-04-20 23:30,S2_LE,4807.846,2,9615.692,-96.16,-1.00,50.77,0.53,-96.16,-1.00,13358.38,133.58
555,Exit long,2026-04-23 13:30,S2_SL,4693.956,2.1,9956.8791,-99.57,-1.00,26.14,0.26,-99.57,-1.00,13258.81,132.59
555,Entry long,2026-04-23 08:30,S2_LE,4741.371,2.1,9956.8791,-99.57,-1.00,26.14,0.26,-99.57,-1.00,13258.81,132.59
556,Exit long,2026-04-28 13:00,S2_SL,4653.843,2.1,9871.7913,-98.72,-1.00,88.82,0.90,-98.72,-1.00,13160.09,131.60
556,Entry long,2026-04-23 17:30,S2_LE,4700.853,2.1,9871.7913,-98.72,-1.00,88.82,0.90,-98.72,-1.00,13160.09,131.60
557,Exit long,2026-05-01 16:00,S2_SL,4573.423,2.1,9701.2041,-97.02,-1.00,34.67,0.36,-97.02,-1.00,13063.07,130.63
557,Entry long,2026-04-30 23:00,S2_LE,4619.621,2.1,9701.2041,-97.02,-1.00,34.67,0.36,-97.02,-1.00,13063.07,130.63
558,Exit long,2026-05-04 18:00,S2_SL,4568.897,2.1,9691.6029,-96.92,-1.00,1.07,0.01,-96.92,-1.00,12966.15,129.66
558,Entry long,2026-05-04 12:00,S2_LE,4615.049,2.1,9691.6029,-96.92,-1.00,1.07,0.01,-96.92,-1.00,12966.15,129.66
559,Exit long,2026-05-04 23:00,S2_SL,4514.489,2.1,9576.1911,-95.76,-1.00,48.65,0.51,-95.76,-1.00,12870.39,128.70
559,Entry long,2026-05-04 20:00,S2_LE,4560.091,2.1,9576.1911,-95.76,-1.00,48.65,0.51,-95.76,-1.00,12870.39,128.70
560,Exit long,2026-05-06 08:00,Open,4602.105,2.1,9626.4714,37.95,0.39,42.45,0.44,-80.82,-0.84,12908.34,129.08
560,Entry long,2026-05-05 22:30,S2_LE,4584.034,2.1,9626.4714,37.95,0.39,42.45,0.44,-80.82,-0.84,12908.34,129.08