Trade #,Type,Date and time,Signal,Price USD,Size (qty),Size (value),Net P&L USD,Net P&L %,Favorable excursion USD,Favorable excursion %,Adverse excursion USD,Adverse excursion %,Cumulative P&L USD,Cumulative P&L %
1,Exit long,2019-01-29 16:00,LX_TP1,1307.252,7.8,9996.6438,199.92,2.00,203.03,2.03,-40.72,-0.41,199.92,2.00
1,Entry long,2019-01-04 23:30,S2_Rev,1281.621,7.8,9996.6438,199.92,2.00,203.03,2.03,-40.72,-0.41,199.92,2.00
2,Exit long,2019-02-20 02:00,LX_TP1,1340.167,7.6,9985.5716,199.7,2.00,205.88,2.06,-89.16,-0.89,399.62,4.00
2,Entry long,2019-02-04 12:00,S2_Rev,1313.891,7.6,9985.5716,199.7,2.00,205.88,2.06,-89.16,-0.89,399.62,4.00
3,Exit long,2019-02-28 00:00,LX_SL,1320.588,7.4,9871.0746,-98.72,-1.00,24.95,0.25,-98.72,-1.00,300.9,3.01
3,Entry long,2019-02-21 18:30,S2_Rev,1333.929,7.4,9871.0746,-98.72,-1.00,24.95,0.25,-98.72,-1.00,300.9,3.01
4,Exit long,2019-03-01 16:00,LX_SL,1306.948,7.5,9901.1325,-99.02,-1.00,54.37,0.55,-99.02,-1.00,201.87,2.02
4,Entry long,2019-02-28 04:30,S2_Rev,1320.151,7.5,9901.1325,-99.02,-1.00,54.37,0.55,-99.02,-1.00,201.87,2.02
5,Exit long,2019-03-02 02:00,LX_SL,1296.89,7.6,9955.9316,-99.57,-1.00,16.79,0.17,-99.57,-1.00,102.31,1.02
5,Entry long,2019-03-01 18:30,S2_Rev,1309.991,7.6,9955.9316,-99.57,-1.00,16.79,0.17,-99.57,-1.00,102.31,1.02
6,Exit long,2019-03-05 23:00,LX_SL,1282.614,7.7,9975.8967,-99.77,-1.00,11.39,0.11,-99.77,-1.00,2.54,0.03
6,Entry long,2019-03-04 07:30,S2_Rev,1295.571,7.7,9975.8967,-99.77,-1.00,11.39,0.11,-99.77,-1.00,2.54,0.03
7,Exit long,2019-03-21 18:30,LX_TP1,1316.826,7.7,9940.7539,198.81,2.00,226.4,2.28,-1.59,-0.02,201.34,2.01
7,Entry long,2019-03-12 02:00,S2_Rev,1291.007,7.7,9940.7539,198.81,2.00,226.4,2.28,-1.59,-0.02,201.34,2.01
8,Exit long,2019-03-28 21:30,LX_SL,1292.868,7.6,9925.0604,-99.26,-1.00,141.29,1.42,-99.26,-1.00,102.08,1.02
8,Entry long,2019-03-22 01:00,S2_Rev,1305.929,7.6,9925.0604,-99.26,-1.00,141.29,1.42,-99.26,-1.00,102.08,1.02
9,Exit long,2019-04-16 20:30,LX_SL,1278.268,7.7,9942.0937,-99.43,-1.00,149.53,1.50,-99.43,-1.00,2.65,0.03
9,Entry long,2019-03-29 07:30,S2_Rev,1291.181,7.7,9942.0937,-99.43,-1.00,149.53,1.50,-99.43,-1.00,2.65,0.03
10,Exit long,2019-05-14 08:30,LX_TP1,1302.213,7.8,9958.1118,199.15,2.00,208.41,2.09,-82.53,-0.83,201.8,2.02
10,Entry long,2019-04-16 23:00,S2_Rev,1276.681,7.8,9958.1118,199.15,2.00,208.41,2.09,-82.53,-0.83,201.8,2.02
11,Exit long,2019-05-17 22:00,LX_SL,1279.792,7.7,9953.9517,-99.55,-1.00,4,0.04,-99.55,-1.00,102.25,1.02
11,Entry long,2019-05-16 21:30,S2_Rev,1292.721,7.7,9953.9517,-99.55,-1.00,4,0.04,-99.55,-1.00,102.25,1.02
12,Exit long,2019-05-31 23:00,LX_TP1,1302.269,7.8,9959.0478,198.65,1.99,216.05,2.17,-58.51,-0.59,300.9,3.01
12,Entry long,2019-05-18 03:30,S2_Rev,1276.801,7.8,9959.0478,198.65,1.99,216.05,2.17,-58.51,-0.59,300.9,3.01
13,Exit long,2019-06-14 17:00,LX_TP1,1352.928,7.5,9948.0075,198.95,2.00,239.24,2.40,-51.01,-0.51,499.85,5.00
13,Entry long,2019-06-10 16:30,S2_Rev,1326.401,7.5,9948.0075,198.95,2.00,239.24,2.40,-51.01,-0.51,499.85,5.00
14,Exit long,2019-06-21 04:00,LX_TP2,1388.004,7.4,9876.1954,395.03,4.00,438.87,4.44,-12,-0.12,894.88,8.95
14,Entry long,2019-06-17 18:30,S2_Rev,1334.621,7.4,9876.1954,395.03,4.00,438.87,4.44,-12,-0.12,894.88,8.95
15,Exit long,2019-07-01 06:00,LX_SL,1394.157,7.1,9998.5111,-100,-1.00,116.4,1.16,-100,-1.00,794.89,7.95
15,Entry long,2019-06-26 12:30,S2_Rev,1408.241,7.1,9998.5111,-100,-1.00,116.4,1.16,-100,-1.00,794.89,7.95
16,Exit long,2019-07-01 15:00,LX_SL,1381.97,7.1,9911.1101,-99.12,-1.00,8.3,0.08,-99.12,-1.00,695.76,6.96
16,Entry long,2019-07-01 09:00,S2_Rev,1395.931,7.1,9911.1101,-99.12,-1.00,8.3,0.08,-99.12,-1.00,695.76,6.96
17,Exit long,2019-07-03 19:30,LX_TP1,1421.229,7.2,9990.7848,242.06,2.42,360.66,3.61,-38.22,-0.38,937.83,9.38
17,Entry long,2019-07-01 16:00,S2_Rev,1387.609,7.2,9990.7848,242.06,2.42,360.66,3.61,-38.22,-0.38,937.83,9.38
18,Exit long,2019-07-05 20:30,LX_SL,1399.107,7,9892.687,-98.94,-1.00,76.71,0.78,-98.94,-1.00,838.89,8.39
18,Entry long,2019-07-04 16:30,S2_Rev,1413.241,7,9892.687,-98.94,-1.00,76.71,0.78,-98.94,-1.00,838.89,8.39
19,Exit long,2019-07-11 08:30,LX_TP1,1424.144,7.1,9913.1691,198.25,2.00,211.43,2.13,-75.62,-0.76,1037.14,10.37
19,Entry long,2019-07-05 23:30,S2_Rev,1396.221,7.1,9913.1691,198.25,2.00,211.43,2.13,-75.62,-0.76,1037.14,10.37
20,Exit long,2019-07-19 06:30,LX_TP1,1439.689,7,9880.227,197.6,2.00,290.42,2.94,-82.33,-0.83,1234.74,12.35
20,Entry long,2019-07-11 23:30,S2_Rev,1411.461,7,9880.227,197.6,2.00,290.42,2.94,-82.33,-0.83,1234.74,12.35
21,Exit long,2019-08-01 09:00,LX_SL,1404.998,7,9934.337,-99.35,-1.00,106.11,1.07,-99.35,-1.00,1135.39,11.35
21,Entry long,2019-07-23 10:00,S2_Rev,1419.191,7,9934.337,-99.35,-1.00,106.11,1.07,-99.35,-1.00,1135.39,11.35
22,Exit long,2019-08-02 02:30,LX_TP1,1438.582,7,9872.632,197.44,2.00,215,2.18,-69.97,-0.71,1332.83,13.33
22,Entry long,2019-08-01 09:30,S2_Rev,1410.376,7,9872.632,197.44,2.00,215,2.18,-69.97,-0.71,1332.83,13.33
23,Exit long,2019-08-13 20:30,LX_TP1,1519.8,6.7,9983.0067,199.65,2.00,301.69,3.02,-0.68,-0.01,1532.48,15.32
23,Entry long,2019-08-12 16:00,S2_Rev,1490.001,6.7,9983.0067,199.65,2.00,301.69,3.02,-0.68,-0.01,1532.48,15.32
24,Exit long,2019-08-16 08:00,LX_TP1,1525.501,6.6,9870.9006,197.41,2.00,208.36,2.11,-25.68,-0.26,1729.89,17.30
24,Entry long,2019-08-13 22:30,S2_Rev,1495.591,6.6,9870.9006,197.41,2.00,208.36,2.11,-25.68,-0.26,1729.89,17.30
25,Exit long,2019-08-19 19:30,LX_SL,1494.294,6.6,9961.9674,-99.63,-1.00,52.74,0.53,-99.63,-1.00,1630.26,16.30
25,Entry long,2019-08-16 18:00,S2_Rev,1509.389,6.6,9961.9674,-99.63,-1.00,52.74,0.53,-99.63,-1.00,1630.26,16.30
26,Exit long,2019-08-26 15:00,LX_TP1,1528.467,6.6,9890.0934,197.79,2.00,375.08,3.79,-41.57,-0.42,1828.05,18.28
26,Entry long,2019-08-19 20:30,S2_Rev,1498.499,6.6,9890.0934,197.79,2.00,375.08,3.79,-41.57,-0.42,1828.05,18.28
27,Exit long,2019-09-05 22:00,LX_SL,1509.839,6.5,9913.0915,-99.14,-1.00,208.06,2.10,-99.14,-1.00,1728.91,17.29
27,Entry long,2019-08-30 03:30,S2_Rev,1525.091,6.5,9913.0915,-99.14,-1.00,208.06,2.10,-99.14,-1.00,1728.91,17.29
28,Exit long,2019-09-06 14:30,LX_SL,1505.626,6.5,9885.434,-98.86,-1.00,8.67,0.09,-98.86,-1.00,1630.05,16.30
28,Entry long,2019-09-05 23:30,S2_Rev,1520.836,6.5,9885.434,-98.86,-1.00,8.67,0.09,-98.86,-1.00,1630.05,16.30
29,Exit long,2019-09-10 08:00,LX_SL,1494.84,6.6,9965.6106,-99.67,-1.00,118.53,1.19,-99.67,-1.00,1530.38,15.30
29,Entry long,2019-09-06 15:30,S2_Rev,1509.941,6.6,9965.6106,-99.67,-1.00,118.53,1.19,-99.67,-1.00,1530.38,15.30
30,Exit long,2019-09-25 00:00,LX_TP1,1526.195,6.6,9875.3886,197.5,2.00,216.61,2.19,-87.19,-0.88,1727.88,17.28
30,Entry long,2019-09-10 08:30,S2_Rev,1496.271,6.6,9875.3886,197.5,2.00,216.61,2.19,-87.19,-0.88,1727.88,17.28
31,Exit long,2019-09-27 18:00,LX_SL,1491.365,6.6,9942.4446,-99.44,-1.00,39.4,0.40,-99.44,-1.00,1628.44,16.28
31,Entry long,2019-09-26 08:00,S2_Rev,1506.431,6.6,9942.4446,-99.44,-1.00,39.4,0.40,-99.44,-1.00,1628.44,16.28
32,Exit long,2019-09-30 22:30,LX_SL,1479.624,6.6,9864.1686,-98.65,-1.00,56.04,0.57,-98.65,-1.00,1529.79,15.30
32,Entry long,2019-09-27 19:30,S2_Rev,1494.571,6.6,9864.1686,-98.65,-1.00,56.04,0.57,-98.65,-1.00,1529.79,15.30
33,Exit long,2019-10-03 01:00,LX_TP1,1500.501,6.7,9856.2427,197.11,2.00,213.19,2.16,-81.61,-0.83,1726.91,17.27
33,Entry long,2019-10-01 02:30,S2_Rev,1471.081,6.7,9856.2427,197.11,2.00,213.19,2.16,-81.61,-0.83,1726.91,17.27
34,Exit long,2019-10-11 19:30,LX_SL,1485.895,6.6,9905.9796,-99.07,-1.00,106.27,1.07,-99.07,-1.00,1627.84,16.28
34,Entry long,2019-10-04 21:30,S2_Rev,1500.906,6.6,9905.9796,-99.07,-1.00,106.27,1.07,-99.07,-1.00,1627.84,16.28
35,Exit long,2019-10-25 21:30,LX_TP1,1514.628,6.7,9949.0377,198.97,2.00,221.21,2.22,-74.58,-0.75,1826.81,18.27
35,Entry long,2019-10-11 20:30,S2_Rev,1484.931,6.7,9949.0377,198.97,2.00,221.21,2.22,-74.58,-0.75,1826.81,18.27
36,Exit long,2019-11-07 23:30,LX_SL,1477.723,6.6,9851.4966,-98.52,-1.00,154.43,1.57,-98.52,-1.00,1728.28,17.28
36,Entry long,2019-10-29 01:00,S2_Rev,1492.651,6.6,9851.4966,-98.52,-1.00,154.43,1.57,-98.52,-1.00,1728.28,17.28
37,Exit long,2019-11-11 23:00,LX_SL,1453.003,6.8,9980.2308,-99.81,-1.00,35.82,0.36,-99.81,-1.00,1628.47,16.28
37,Entry long,2019-11-08 04:00,S2_Rev,1467.681,6.8,9980.2308,-99.81,-1.00,35.82,0.36,-99.81,-1.00,1628.47,16.28
38,Exit long,2019-12-23 15:30,LX_TP1,1484.355,6.8,9895.7068,197.91,2.00,215.89,2.18,-66.31,-0.67,1826.38,18.26
38,Entry long,2019-11-12 00:30,S2_Rev,1455.251,6.8,9895.7068,197.91,2.00,215.89,2.18,-66.31,-0.67,1826.38,18.26
39,Exit long,2020-01-08 10:00,LX_TP1,1590.156,6.4,9977.4592,199.54,2.00,335.08,3.36,-7.54,-0.08,2025.92,20.26
39,Entry long,2020-01-07 11:00,S2_Rev,1558.978,6.4,9977.4592,199.54,2.00,335.08,3.36,-7.54,-0.08,2025.92,20.26
40,Exit long,2020-01-09 14:30,LX_SL,1545.449,6.4,9990.7904,-99.92,-1.00,7.6,0.08,-99.92,-1.00,1926,19.26
40,Entry long,2020-01-09 01:30,S2_Rev,1561.061,6.4,9990.7904,-99.92,-1.00,7.6,0.08,-99.92,-1.00,1926,19.26
41,Exit long,2020-01-27 08:00,LX_TP1,1578.213,6.4,9902.5216,198.04,2.00,265.16,2.68,-73.53,-0.74,2124.04,21.24
41,Entry long,2020-01-09 16:30,S2_Rev,1547.269,6.4,9902.5216,198.04,2.00,265.16,2.68,-73.53,-0.74,2124.04,21.24
42,Exit long,2020-02-04 23:00,LX_SL,1553.616,6.3,9886.6593,-98.88,-1.00,154.91,1.57,-98.88,-1.00,2025.16,20.25
42,Entry long,2020-01-29 01:30,S2_Rev,1569.311,6.3,9886.6593,-98.88,-1.00,154.91,1.57,-98.88,-1.00,2025.16,20.25
43,Exit long,2020-02-18 14:00,LX_TP1,1584.927,6.4,9944.6464,198.89,2.00,214.64,2.16,-41.93,-0.42,2224.05,22.24
43,Entry long,2020-02-05 04:30,S2_Rev,1553.851,6.4,9944.6464,198.89,2.00,214.64,2.16,-41.93,-0.42,2224.05,22.24
44,Exit long,2020-02-28 15:00,LX_SL,1623.801,6,9841.23,-98.42,-1.00,120.98,1.23,-98.42,-1.00,2125.63,21.26
44,Entry long,2020-02-25 15:30,S2_Rev,1640.205,6,9841.23,-98.42,-1.00,120.98,1.23,-98.42,-1.00,2125.63,21.26
45,Exit long,2020-03-04 01:30,LX_TP2,1646.34,6.3,9973.0323,398.91,4.00,417.75,4.19,-49.27,-0.49,2524.54,25.25
45,Entry long,2020-02-29 04:00,S2_Rev,1583.021,6.3,9973.0323,398.91,4.00,417.75,4.19,-49.27,-0.49,2524.54,25.25
46,Exit long,2020-03-11 03:30,LX_SL,1642.068,6,9951.936,-99.53,-1.00,54.26,0.55,-99.53,-1.00,2425.01,24.25
46,Entry long,2020-03-10 14:30,S2_Rev,1658.656,6,9951.936,-99.53,-1.00,54.26,0.55,-99.53,-1.00,2425.01,24.25
47,Exit long,2020-03-12 20:00,LX_SL,1627.009,6,9860.67,-98.62,-1.00,41.51,0.42,-98.62,-1.00,2326.39,23.26
47,Entry long,2020-03-12 02:00,S2_Rev,1643.445,6,9860.67,-98.62,-1.00,41.51,0.42,-98.62,-1.00,2326.39,23.26
48,Exit long,2020-03-13 02:30,LX_SL,1577.822,6.2,9881.3182,-98.82,-1.00,100.68,1.02,-98.82,-1.00,2227.57,22.28
48,Entry long,2020-03-13 01:00,S2_Rev,1593.761,6.2,9881.3182,-98.82,-1.00,100.68,1.02,-98.82,-1.00,2227.57,22.28
49,Exit long,2020-03-13 21:00,LX_TP1,1594.025,6.3,9845.4573,196.9,2.00,221.36,2.25,-38.81,-0.39,2424.47,24.24
49,Entry long,2020-03-13 10:30,S2_Rev,1562.771,6.3,9845.4573,196.9,2.00,221.36,2.25,-38.81,-0.39,2424.47,24.24
50,Exit long,2020-03-16 08:00,LX_TP1,1553.168,6.5,9897.6475,197.94,2.00,342.97,3.47,-87.93,-0.89,2622.41,26.22
50,Entry long,2020-03-14 03:30,S2_Rev,1522.715,6.5,9897.6475,197.94,2.00,342.97,3.47,-87.93,-0.89,2622.41,26.22
51,Exit long,2020-03-16 23:30,LX_TP1,1500.012,6.7,9853.0267,197.05,2.00,328.09,3.33,-42.3,-0.43,2819.47,28.19
51,Entry long,2020-03-16 22:00,S2_Rev,1470.601,6.7,9853.0267,197.05,2.00,328.09,3.33,-42.3,-0.43,2819.47,28.19
52,Exit long,2020-03-19 00:00,LX_SL,1484.594,6.6,9897.3006,-98.98,-1.00,153.11,1.55,-98.98,-1.00,2720.49,27.20
52,Entry long,2020-03-18 16:30,S2_Rev,1499.591,6.6,9897.3006,-98.98,-1.00,153.11,1.55,-98.98,-1.00,2720.49,27.20
53,Exit long,2020-04-01 01:00,LX_SL,1590.867,6.2,9963.0156,-99.64,-1.00,42.05,0.42,-99.64,-1.00,2620.85,26.21
53,Entry long,2020-03-31 18:00,S2_Rev,1606.938,6.2,9963.0156,-99.64,-1.00,42.05,0.42,-99.64,-1.00,2620.85,26.21
54,Exit long,2020-04-01 04:00,LX_SL,1574.278,6.2,9859.1222,-98.6,-1.00,12.52,0.13,-98.6,-1.00,2522.25,25.22
54,Entry long,2020-04-01 02:00,S2_Rev,1590.181,6.2,9859.1222,-98.6,-1.00,12.52,0.13,-98.6,-1.00,2522.25,25.22
55,Exit long,2020-04-03 00:30,LX_TP1,1609.876,6.3,9943.3593,198.86,2.00,233.03,2.34,-49.21,-0.49,2721.11,27.21
55,Entry long,2020-04-01 08:00,S2_Rev,1578.311,6.3,9943.3593,198.86,2.00,233.03,2.34,-49.21,-0.49,2721.11,27.21
56,Exit long,2020-04-17 18:00,LX_SL,1686.365,5.8,9879.7258,-98.81,-1.00,8.58,0.09,-98.81,-1.00,2622.3,26.22
56,Entry long,2020-04-17 15:00,S2_Rev,1703.401,5.8,9879.7258,-98.81,-1.00,8.58,0.09,-98.81,-1.00,2622.3,26.22
57,Exit long,2020-04-21 19:30,LX_SL,1662.15,5.9,9905.7519,-99.07,-1.00,12.63,0.13,-125.91,-1.27,2523.23,25.23
57,Entry long,2020-04-21 19:00,S2_Rev,1678.941,5.9,9905.7519,-99.07,-1.00,12.63,0.13,-125.91,-1.27,2523.23,25.23
58,Exit long,2020-04-22 17:30,LX_TP1,1703.848,5.9,9855.6019,197.1,2.00,216.38,2.20,-56.88,-0.58,2720.33,27.20
58,Entry long,2020-04-21 20:30,S2_Rev,1670.441,5.9,9855.6019,197.1,2.00,216.38,2.20,-56.88,-0.58,2720.33,27.20
59,Exit long,2020-04-28 09:30,LX_SL,1699.037,5.8,9953.9658,-99.55,-1.00,73.83,0.74,-99.55,-1.00,2620.78,26.21
59,Entry long,2020-04-25 00:30,S2_Rev,1716.201,5.8,9953.9658,-99.55,-1.00,73.83,0.74,-99.55,-1.00,2620.78,26.21
60,Exit long,2020-05-01 00:00,LX_SL,1684.742,5.8,9870.2138,-98.71,-1.00,117.04,1.19,-98.71,-1.00,2522.07,25.22
60,Entry long,2020-04-28 15:00,S2_Rev,1701.761,5.8,9870.2138,-98.71,-1.00,117.04,1.19,-98.71,-1.00,2522.07,25.22
61,Exit long,2020-05-01 14:00,LX_SL,1671.525,5.9,9961.6249,-99.63,-1.00,11.43,0.11,-99.63,-1.00,2422.44,24.22
61,Entry long,2020-05-01 06:30,S2_Rev,1688.411,5.9,9961.6249,-99.63,-1.00,11.43,0.11,-99.63,-1.00,2422.44,24.22
62,Exit long,2020-05-06 04:00,LX_TP1,1709.999,5.9,9891.1789,197.82,2.00,225.85,2.28,-42.31,-0.43,2620.26,26.20
62,Entry long,2020-05-01 15:00,S2_Rev,1676.471,5.9,9891.1789,197.82,2.00,225.85,2.28,-42.31,-0.43,2620.26,26.20
63,Exit long,2020-05-14 22:00,LX_TP1,1730.506,5.8,9840.1408,196.79,2.00,223.79,2.27,-90.34,-0.92,2817.05,28.17
63,Entry long,2020-05-06 22:00,S2_Rev,1696.576,5.8,9840.1408,196.79,2.00,223.79,2.27,-90.34,-0.92,2817.05,28.17
64,Exit long,2020-05-19 14:30,LX_SL,1725.229,5.7,9933.1449,-99.34,-1.00,7.66,0.08,-99.34,-1.00,2717.71,27.18
64,Entry long,2020-05-18 22:30,S2_Rev,1742.657,5.7,9933.1449,-99.34,-1.00,7.66,0.08,-99.34,-1.00,2717.71,27.18
65,Exit long,2020-05-21 22:30,LX_SL,1719.756,5.7,9901.6353,-99.03,-1.00,27.76,0.28,-99.03,-1.00,2618.69,26.19
65,Entry long,2020-05-21 15:30,S2_Rev,1737.129,5.7,9901.6353,-99.03,-1.00,27.76,0.28,-99.03,-1.00,2618.69,26.19
66,Exit long,2020-05-27 12:00,LX_SL,1707.116,5.7,9828.8577,-98.3,-1.00,89.77,0.91,-98.3,-1.00,2520.39,25.20
66,Entry long,2020-05-22 00:00,S2_Rev,1724.361,5.7,9828.8577,-98.3,-1.00,89.77,0.91,-98.3,-1.00,2520.39,25.20
67,Exit long,2020-05-29 23:00,LX_TP1,1733.783,5.8,9858.7762,197.17,2.00,207.18,2.10,-19.48,-0.20,2717.56,27.18
67,Entry long,2020-05-27 22:00,S2_Rev,1699.789,5.8,9858.7762,197.17,2.00,207.18,2.10,-19.48,-0.20,2717.56,27.18
68,Exit long,2020-06-03 20:30,LX_SL,1710.175,5.7,9846.4707,-98.47,-1.00,26.39,0.27,-98.47,-1.00,2619.08,26.19
68,Entry long,2020-06-03 02:00,S2_Rev,1727.451,5.7,9846.4707,-98.47,-1.00,26.39,0.27,-98.47,-1.00,2619.08,26.19
69,Exit long,2020-06-05 20:30,LX_SL,1683.029,5.8,9860.1798,-98.61,-1.00,127.48,1.29,-98.61,-1.00,2520.47,25.20
69,Entry long,2020-06-04 00:30,S2_Rev,1700.031,5.8,9860.1798,-98.61,-1.00,127.48,1.29,-98.61,-1.00,2520.47,25.20
70,Exit long,2020-06-09 21:00,LX_TP1,1715.879,5.9,9925.1924,198.49,2.00,210.71,2.12,-37.97,-0.38,2718.97,27.19
70,Entry long,2020-06-06 01:00,S2_Rev,1682.236,5.9,9925.1924,198.49,2.00,210.71,2.12,-37.97,-0.38,2718.97,27.19
71,Exit long,2020-06-15 20:30,LX_SL,1705.839,5.8,9993.8118,-99.95,-1.00,6.49,0.06,-99.95,-1.00,2619.02,26.19
71,Entry long,2020-06-15 15:00,S2_Rev,1723.071,5.8,9993.8118,-99.95,-1.00,6.49,0.06,-99.95,-1.00,2619.02,26.19
72,Exit long,2020-06-22 10:30,LX_TP1,1751.937,5.8,9962.0046,199.23,2.00,239.33,2.40,-29.39,-0.30,2818.25,28.18
72,Entry long,2020-06-15 22:30,S2_Rev,1717.587,5.8,9962.0046,199.23,2.00,239.33,2.40,-29.39,-0.30,2818.25,28.18
73,Exit long,2020-07-01 16:00,LX_TP1,1787.463,5.7,9988.7712,199.77,2.00,209.38,2.10,-8.64,-0.09,3018.02,30.18
73,Entry long,2020-06-26 22:30,S2_Rev,1752.416,5.7,9988.7712,199.77,2.00,209.38,2.10,-8.64,-0.09,3018.02,30.18
74,Exit long,2020-07-08 18:00,LX_TP1,1802.146,5.6,9894.1416,197.88,2.00,207.75,2.10,-65.02,-0.66,3215.89,32.16
74,Entry long,2020-07-02 00:00,S2_Rev,1766.811,5.6,9894.1416,197.88,2.00,207.75,2.10,-65.02,-0.66,3215.89,32.16
75,Exit long,2020-07-23 00:30,LX_TP2,1868.428,5.5,9881.1185,395.24,4.00,405.86,4.11,-8.07,-0.08,3611.13,36.11
75,Entry long,2020-07-17 06:00,S2_Rev,1796.567,5.5,9881.1185,395.24,4.00,405.86,4.11,-8.07,-0.08,3611.13,36.11
76,Exit long,2020-07-29 08:30,LX_TP1,1961.572,5.1,9807.8661,196.15,2.00,209.2,2.13,-16.64,-0.17,3807.28,38.07
76,Entry long,2020-07-28 16:30,S2_Rev,1923.111,5.1,9807.8661,196.15,2.00,209.2,2.13,-16.64,-0.17,3807.28,38.07
77,Exit long,2020-08-08 01:00,LX_SL,2018.421,4.9,9990.1739,-99.91,-1.00,10.38,0.10,-99.91,-1.00,3707.37,37.07
77,Entry long,2020-08-07 23:00,S2_Rev,2038.811,4.9,9990.1739,-99.91,-1.00,10.38,0.10,-99.91,-1.00,3707.37,37.07
78,Exit long,2020-08-11 14:00,LX_SL,2001.68,4.9,9907.3149,-99.08,-1.00,137.2,1.38,-99.08,-1.00,3608.29,36.08
78,Entry long,2020-08-08 02:00,S2_Rev,2021.901,4.9,9907.3149,-99.08,-1.00,137.2,1.38,-99.08,-1.00,3608.29,36.08
79,Exit long,2020-08-11 19:00,LX_SL,1982.498,4.9,9812.3725,-98.13,-1.00,8.11,0.08,-98.13,-1.00,3510.15,35.10
79,Entry long,2020-08-11 15:30,S2_Rev,2002.525,4.9,9812.3725,-98.13,-1.00,8.11,0.08,-98.13,-1.00,3510.15,35.10
80,Exit long,2020-08-12 09:30,LX_SL,1901.69,5.2,9988.6852,-99.9,-1.00,45.86,0.46,-99.9,-1.00,3410.26,34.10
80,Entry long,2020-08-12 06:30,S2_Rev,1920.901,5.2,9988.6852,-99.9,-1.00,45.86,0.46,-99.9,-1.00,3410.26,34.10
81,Exit long,2020-08-12 16:30,LX_TP1,1919.405,5.3,9973.3863,199.46,2.00,359.22,3.60,-47.47,-0.48,3609.72,36.10
81,Entry long,2020-08-12 13:00,S2_Rev,1881.771,5.3,9973.3863,199.46,2.00,359.22,3.60,-47.47,-0.48,3609.72,36.10
82,Exit long,2020-08-20 02:00,LX_SL,1943.384,5,9815.08,-98.16,-1.00,57.14,0.58,-98.16,-1.00,3511.56,35.12
82,Entry long,2020-08-20 00:00,S2_Rev,1963.016,5,9815.08,-98.16,-1.00,57.14,0.58,-98.16,-1.00,3511.56,35.12
83,Exit long,2020-08-21 19:30,LX_SL,1919.986,5.1,9890.8431,-98.91,-1.00,84.5,0.85,-98.91,-1.00,3412.64,34.13
83,Entry long,2020-08-20 07:00,S2_Rev,1939.381,5.1,9890.8431,-98.91,-1.00,84.5,0.85,-98.91,-1.00,3412.64,34.13
84,Exit long,2020-08-26 20:30,LX_SL,1905.72,5.1,9817.3521,-98.18,-1.00,189.77,1.93,-98.18,-1.00,3314.46,33.14
84,Entry long,2020-08-21 20:30,S2_Rev,1924.971,5.1,9817.3521,-98.18,-1.00,189.77,1.93,-98.18,-1.00,3314.46,33.14
85,Exit long,2020-08-27 03:30,LX_TP1,1949.81,5.2,9940.216,198.8,2.00,222.14,2.23,-10.82,-0.11,3513.26,35.13
85,Entry long,2020-08-26 21:00,S2_Rev,1911.58,5.2,9940.216,198.8,2.00,222.14,2.23,-10.82,-0.11,3513.26,35.13
86,Exit long,2020-09-03 23:00,LX_SL,1923.609,5.1,9909.5091,-99.1,-1.00,40.74,0.41,-99.1,-1.00,3414.16,34.14
86,Entry long,2020-09-02 23:00,S2_Rev,1943.041,5.1,9909.5091,-99.1,-1.00,40.74,0.41,-99.1,-1.00,3414.16,34.14
87,Exit long,2020-09-08 21:30,LX_SL,1906.68,5.1,9822.2991,-98.23,-1.00,78.69,0.80,-98.23,-1.00,3315.92,33.16
87,Entry long,2020-09-05 00:30,S2_Rev,1925.941,5.1,9822.2991,-98.23,-1.00,78.69,0.80,-98.23,-1.00,3315.92,33.16
88,Exit long,2020-09-21 20:00,LX_SL,1925.153,5.1,9917.4651,-99.18,-1.00,79.25,0.80,-99.18,-1.00,3216.74,32.17
88,Entry long,2020-09-17 13:30,S2_Rev,1944.601,5.1,9917.4651,-99.18,-1.00,79.25,0.80,-99.18,-1.00,3216.74,32.17
89,Exit long,2020-09-23 12:00,LX_SL,1887.83,5.2,9915.8852,-99.17,-1.00,68.22,0.69,-99.17,-1.00,3117.57,31.18
89,Entry long,2020-09-22 01:30,S2_Rev,1906.901,5.2,9915.8852,-99.17,-1.00,68.22,0.69,-99.17,-1.00,3117.57,31.18
90,Exit long,2020-09-24 00:00,LX_SL,1862.605,5.3,9971.5313,-99.72,-1.00,72.07,0.72,-99.72,-1.00,3017.85,30.18
90,Entry long,2020-09-23 15:00,S2_Rev,1881.421,5.3,9971.5313,-99.72,-1.00,72.07,0.72,-99.72,-1.00,3017.85,30.18
91,Exit long,2020-10-01 20:30,LX_TP1,1903.728,5.3,9891.9253,197.83,2.00,227.36,2.30,-98.06,-0.99,3215.68,32.16
91,Entry long,2020-09-24 01:00,S2_Rev,1866.401,5.3,9891.9253,197.83,2.00,227.36,2.30,-98.06,-0.99,3215.68,32.16
92,Exit long,2020-10-07 09:00,LX_SL,1873.226,5.2,9839.1748,-98.4,-1.00,150.75,1.53,-98.4,-1.00,3117.28,31.17
92,Entry long,2020-10-05 16:00,S2_Rev,1892.149,5.2,9839.1748,-98.4,-1.00,150.75,1.53,-98.4,-1.00,3117.28,31.17
93,Exit long,2020-10-09 21:30,LX_TP1,1916.931,5.3,9960.5338,199.2,2.00,232.27,2.33,-5.54,-0.06,3316.48,33.16
93,Entry long,2020-10-07 10:00,S2_Rev,1879.346,5.3,9960.5338,199.2,2.00,232.27,2.33,-5.54,-0.06,3316.48,33.16
94,Exit long,2020-10-13 22:00,LX_SL,1892.731,5.2,9941.6252,-99.42,-1.00,69,0.69,-99.42,-1.00,3217.06,32.17
94,Entry long,2020-10-13 13:00,S2_Rev,1911.851,5.2,9941.6252,-99.42,-1.00,69,0.69,-99.42,-1.00,3217.06,32.17
95,Exit long,2020-10-28 21:30,LX_SL,1875.568,5.2,9851.478,-98.52,-1.00,191.91,1.95,-98.52,-1.00,3118.53,31.19
95,Entry long,2020-10-14 03:00,S2_Rev,1894.515,5.2,9851.478,-98.52,-1.00,191.91,1.95,-98.52,-1.00,3118.53,31.19
96,Exit long,2020-10-29 20:00,LX_SL,1863.556,5.3,9976.6193,-99.77,-1.00,14.04,0.14,-99.77,-1.00,3018.76,30.19
96,Entry long,2020-10-29 00:00,S2_Rev,1882.381,5.3,9976.6193,-99.77,-1.00,14.04,0.14,-99.77,-1.00,3018.76,30.19
97,Exit long,2020-11-04 02:30,LX_TP1,1909.139,5.3,9920.0418,198.39,2.00,206.03,2.08,-40.84,-0.41,3217.15,32.17
97,Entry long,2020-10-29 22:00,S2_Rev,1871.706,5.3,9920.0418,198.39,2.00,206.03,2.08,-40.84,-0.41,3217.15,32.17
98,Exit long,2020-11-23 22:30,LX_SL,1849.488,5.3,9901.3063,-99.02,-1.00,163.66,1.65,-99.02,-1.00,3118.13,31.18
98,Entry long,2020-11-10 05:30,S2_Rev,1868.171,5.3,9901.3063,-99.02,-1.00,163.66,1.65,-99.02,-1.00,3118.13,31.18
99,Exit long,2020-11-24 10:30,LX_SL,1821.59,5.4,9935.9514,-99.37,-1.00,1.18,0.01,-99.37,-1.00,3018.77,30.19
99,Entry long,2020-11-24 04:30,S2_Rev,1839.991,5.4,9935.9514,-99.37,-1.00,1.18,0.01,-99.37,-1.00,3018.77,30.19
100,Exit long,2020-11-24 19:00,LX_SL,1808.69,5.4,9865.5894,-98.66,-1.00,32.39,0.33,-98.66,-1.00,2920.11,29.20
100,Entry long,2020-11-24 11:30,S2_Rev,1826.961,5.4,9865.5894,-98.66,-1.00,32.39,0.33,-98.66,-1.00,2920.11,29.20
101,Exit long,2020-11-27 21:30,LX_SL,1786.94,5.5,9927.4505,-99.28,-1.00,72.79,0.73,-99.28,-1.00,2820.82,28.21
101,Entry long,2020-11-25 02:00,S2_Rev,1804.991,5.5,9927.4505,-99.28,-1.00,72.79,0.73,-99.28,-1.00,2820.82,28.21
102,Exit long,2020-11-30 10:30,LX_SL,1768.021,5.5,9822.3455,-98.23,-1.00,41.24,0.42,-98.23,-1.00,2722.59,27.23
102,Entry long,2020-11-28 00:30,S2_Rev,1785.881,5.5,9822.3455,-98.23,-1.00,41.24,0.42,-98.23,-1.00,2722.59,27.23
103,Exit long,2020-12-01 21:00,LX_TP1,1807.287,5.6,9922.3656,198.44,2.00,215.09,2.17,-41.95,-0.42,2921.04,29.21
103,Entry long,2020-11-30 11:30,S2_Rev,1771.851,5.6,9922.3656,198.44,2.00,215.09,2.17,-41.95,-0.42,2921.04,29.21
104,Exit long,2020-12-08 11:30,LX_TP1,1867.711,5.4,9887.8914,197.75,2.00,207.73,2.10,-24.79,-0.25,3118.78,31.19
104,Entry long,2020-12-07 17:30,S2_Rev,1831.091,5.4,9887.8914,197.75,2.00,207.73,2.10,-24.79,-0.25,3118.78,31.19
105,Exit long,2020-12-09 22:30,LX_SL,1841.736,5.3,9859.8073,-98.61,-1.00,31.16,0.32,-98.61,-1.00,3020.18,30.20
105,Entry long,2020-12-09 13:00,S2_Rev,1860.341,5.3,9859.8073,-98.61,-1.00,31.16,0.32,-98.61,-1.00,3020.18,30.20
106,Exit long,2020-12-11 19:00,LX_SL,1823.262,5.4,9945.072,-99.46,-1.00,51.84,0.52,-99.46,-1.00,2920.72,29.21
106,Entry long,2020-12-09 23:30,S2_Rev,1841.68,5.4,9945.072,-99.46,-1.00,51.84,0.52,-99.46,-1.00,2920.72,29.21
107,Exit long,2020-12-17 13:00,LX_TP1,1867.018,5.4,9884.2194,197.68,2.00,207.08,2.10,-65.57,-0.66,3118.4,31.18
107,Entry long,2020-12-14 17:30,S2_Rev,1830.411,5.4,9884.2194,197.68,2.00,207.08,2.10,-65.57,-0.66,3118.4,31.18
108,Exit long,2021-01-05 18:00,LX_TP2,1945.096,5.3,9912.5158,396.49,4.00,413.5,4.17,-71.48,-0.72,3514.89,35.15
108,Entry long,2020-12-21 19:00,S2_Rev,1870.286,5.3,9912.5158,396.49,4.00,413.5,4.17,-71.48,-0.72,3514.89,35.15
109,Exit long,2021-01-08 16:00,LX_SL,1892.295,5.2,9939.3372,-99.4,-1.00,84.65,0.85,-99.4,-1.00,3415.49,34.15
109,Entry long,2021-01-07 03:00,S2_Rev,1911.411,5.2,9939.3372,-99.4,-1.00,84.65,0.85,-99.4,-1.00,3415.49,34.15
110,Exit long,2021-01-08 22:30,LX_SL,1874.361,5.2,9845.134,-98.46,-1.00,6.53,0.07,-98.46,-1.00,3317.03,33.17
110,Entry long,2021-01-08 19:30,S2_Rev,1893.295,5.2,9845.134,-98.46,-1.00,6.53,0.07,-98.46,-1.00,3317.03,33.17
111,Exit long,2021-01-11 09:00,LX_SL,1829.285,5.4,9977.9256,-99.79,-1.00,48.42,0.49,-99.79,-1.00,3217.24,32.17
111,Entry long,2021-01-09 05:00,S2_Rev,1847.764,5.4,9977.9256,-99.79,-1.00,48.42,0.49,-99.79,-1.00,3217.24,32.17
112,Exit long,2021-01-18 07:30,LX_SL,1811.826,5.4,9882.6966,-98.84,-1.00,182.15,1.84,-98.84,-1.00,3118.41,31.18
112,Entry long,2021-01-11 10:30,S2_Rev,1830.129,5.4,9882.6966,-98.84,-1.00,182.15,1.84,-98.84,-1.00,3118.41,31.18
113,Exit long,2021-01-20 22:30,LX_TP1,1857.216,5.4,9832.3254,196.64,2.00,238.03,2.42,-24.31,-0.25,3315.05,33.15
113,Entry long,2021-01-18 08:30,S2_Rev,1820.801,5.4,9832.3254,196.64,2.00,238.03,2.42,-24.31,-0.25,3315.05,33.15
114,Exit long,2021-02-04 09:30,LX_SL,1825.262,5.4,9955.9854,-99.57,-1.00,172.31,1.73,-99.57,-1.00,3215.48,32.15
114,Entry long,2021-01-22 22:30,S2_Rev,1843.701,5.4,9955.9854,-99.57,-1.00,172.31,1.73,-99.57,-1.00,3215.48,32.15
115,Exit long,2021-02-04 22:00,LX_SL,1802.987,5.4,9834.4854,-98.36,-1.00,32.5,0.33,-98.36,-1.00,3117.12,31.17
115,Entry long,2021-02-04 14:30,S2_Rev,1821.201,5.4,9834.4854,-98.36,-1.00,32.5,0.33,-98.36,-1.00,3117.12,31.17
116,Exit long,2021-02-09 05:00,LX_TP1,1828.452,5.5,9859.3055,197.18,2.00,255.8,2.59,-35.21,-0.36,3314.3,33.14
116,Entry long,2021-02-05 01:00,S2_Rev,1792.601,5.5,9859.3055,197.18,2.00,255.8,2.59,-35.21,-0.36,3314.3,33.14
117,Exit long,2021-02-16 20:30,LX_SL,1807.918,5.4,9861.3774,-98.62,-1.00,24.73,0.25,-98.62,-1.00,3215.68,32.16
117,Entry long,2021-02-12 05:00,S2_Rev,1826.181,5.4,9861.3774,-98.62,-1.00,24.73,0.25,-98.62,-1.00,3215.68,32.16
118,Exit long,2021-02-17 07:00,LX_SL,1791.375,5.5,9952.0905,-99.53,-1.00,26.43,0.27,-99.53,-1.00,3116.16,31.16
118,Entry long,2021-02-16 23:30,S2_Rev,1809.471,5.5,9952.0905,-99.53,-1.00,26.43,0.27,-99.53,-1.00,3116.16,31.16
119,Exit long,2021-02-23 11:00,LX_TP1,1813.466,5.6,9956.2904,199.12,2.00,213.53,2.14,-98.05,-0.98,3315.28,33.15
119,Entry long,2021-02-18 01:00,S2_Rev,1777.909,5.6,9956.2904,199.12,2.00,213.53,2.14,-98.05,-0.98,3315.28,33.15
120,Exit long,2021-02-25 23:00,LX_SL,1773.773,5.5,9854.3005,-98.55,-1.00,76.66,0.78,-98.55,-1.00,3216.73,32.17
120,Entry long,2021-02-24 23:30,S2_Rev,1791.691,5.5,9854.3005,-98.55,-1.00,76.66,0.78,-98.55,-1.00,3216.73,32.17
121,Exit long,2021-02-26 13:30,LX_SL,1757.843,5.6,9943.3656,-99.44,-1.00,41.88,0.42,-99.44,-1.00,3117.28,31.17
121,Entry long,2021-02-26 00:00,S2_Rev,1775.601,5.6,9943.3656,-99.44,-1.00,41.88,0.42,-99.44,-1.00,3117.28,31.17
122,Exit long,2021-03-02 09:30,LX_SL,1712.699,5.7,9861.0057,-98.62,-1.00,170.12,1.73,-98.62,-1.00,3018.66,30.19
122,Entry long,2021-02-27 02:30,S2_Rev,1730.001,5.7,9861.0057,-98.62,-1.00,170.12,1.73,-98.62,-1.00,3018.66,30.19
123,Exit long,2021-03-05 01:30,LX_SL,1697.82,5.8,9946.8318,-99.48,-1.00,148.3,1.49,-99.48,-1.00,2919.18,29.19
123,Entry long,2021-03-02 10:30,S2_Rev,1714.971,5.8,9946.8318,-99.48,-1.00,148.3,1.49,-99.48,-1.00,2919.18,29.19
124,Exit long,2021-03-08 23:30,LX_SL,1680.138,5.8,9843.2438,-98.44,-1.00,99.29,1.01,-98.44,-1.00,2820.74,28.21
124,Entry long,2021-03-05 03:30,S2_Rev,1697.111,5.8,9843.2438,-98.44,-1.00,99.29,1.01,-98.44,-1.00,2820.74,28.21
125,Exit long,2021-03-09 22:30,LX_TP1,1714.303,5.9,9916.0769,198.31,2.00,230.51,2.32,-9.98,-0.10,3019.05,30.19
125,Entry long,2021-03-09 02:00,S2_Rev,1680.691,5.9,9916.0769,198.31,2.00,230.51,2.32,-9.98,-0.10,3019.05,30.19
126,Exit long,2021-03-16 22:30,LX_TP1,1738.483,5.8,9885.5026,197.7,2.00,213.15,2.16,-30.14,-0.30,3216.75,32.17
126,Entry long,2021-03-12 20:30,S2_Rev,1704.397,5.8,9885.5026,197.7,2.00,213.15,2.16,-30.14,-0.30,3216.75,32.17
127,Exit long,2021-03-29 21:30,LX_SL,1707.492,5.7,9831.0237,-98.32,-1.00,127.22,1.29,-98.32,-1.00,3118.43,31.18
127,Entry long,2021-03-18 22:30,S2_Rev,1724.741,5.7,9831.0237,-98.32,-1.00,127.22,1.29,-98.32,-1.00,3118.43,31.18
128,Exit long,2021-03-30 15:30,LX_SL,1696.628,5.8,9939.8486,-99.41,-1.00,11.88,0.12,-99.41,-1.00,3019.02,30.19
128,Entry long,2021-03-30 00:30,S2_Rev,1713.767,5.8,9939.8486,-99.41,-1.00,11.88,0.12,-99.41,-1.00,3019.02,30.19
129,Exit long,2021-03-30 20:30,LX_SL,1681.604,5.8,9851.8278,-98.52,-1.00,0.57,0.01,-98.52,-1.00,2920.5,29.21
129,Entry long,2021-03-30 17:30,S2_Rev,1698.591,5.8,9851.8278,-98.52,-1.00,0.57,0.01,-98.52,-1.00,2920.5,29.21
130,Exit long,2021-04-05 11:30,LX_TP1,1724.099,5.9,9952.3619,219.82,2.21,257.71,2.59,-54.52,-0.55,3140.32,31.40
130,Entry long,2021-03-31 00:00,S2_Rev,1686.841,5.9,9952.3619,219.82,2.21,257.71,2.59,-54.52,-0.55,3140.32,31.40
131,Exit long,2021-04-13 02:00,LX_SL,1727.964,5.7,9948.894,-99.5,-1.00,20.41,0.21,-99.5,-1.00,3040.82,30.41
131,Entry long,2021-04-09 17:00,S2_Rev,1745.42,5.7,9948.894,-99.5,-1.00,20.41,0.21,-99.5,-1.00,3040.82,30.41
132,Exit long,2021-04-16 01:00,LX_TP1,1764.855,5.7,9862.4307,197.24,2.00,225.43,2.29,-43.61,-0.44,3238.07,32.38
132,Entry long,2021-04-13 03:00,S2_Rev,1730.251,5.7,9862.4307,197.24,2.00,225.43,2.29,-43.61,-0.44,3238.07,32.38
133,Exit long,2021-04-29 22:00,LX_SL,1756.376,5.6,9935.0664,-99.36,-1.00,88.65,0.89,-99.36,-1.00,3138.7,31.39
133,Entry long,2021-04-23 23:00,S2_Rev,1774.119,5.6,9935.0664,-99.36,-1.00,88.65,0.89,-99.36,-1.00,3138.7,31.39
134,Exit long,2021-05-07 21:00,LX_TP2,1832.604,5.6,9867.8776,394.7,4.00,454.66,4.61,-10.2,-0.10,3533.41,35.33
134,Entry long,2021-04-29 22:30,S2_Rev,1762.121,5.6,9867.8776,394.7,4.00,454.66,4.61,-10.2,-0.10,3533.41,35.33
135,Exit long,2021-05-13 17:30,LX_SL,1811.026,5.4,9878.3334,-98.79,-1.00,77.54,0.78,-98.79,-1.00,3434.62,34.35
135,Entry long,2021-05-11 22:00,S2_Rev,1829.321,5.4,9878.3334,-98.79,-1.00,77.54,0.78,-98.79,-1.00,3434.62,34.35
136,Exit long,2021-05-26 10:00,LX_TP1,1902.351,5.3,9884.7703,197.69,2.00,208.76,2.11,-20.94,-0.21,3632.31,36.32
136,Entry long,2021-05-19 20:30,S2_Rev,1865.051,5.3,9884.7703,197.69,2.00,208.76,2.11,-20.94,-0.21,3632.31,36.32
137,Exit long,2021-06-03 21:30,LX_SL,1873.901,5.2,9842.7212,-98.44,-1.00,123.23,1.25,-98.44,-1.00,3533.87,35.34
137,Entry long,2021-05-28 21:00,S2_Rev,1892.831,5.2,9842.7212,-98.44,-1.00,123.23,1.25,-98.44,-1.00,3533.87,35.34
138,Exit long,2021-06-14 18:30,LX_SL,1854.19,5.3,9926.4813,-99.27,-1.00,163.45,1.65,-99.27,-1.00,3434.6,34.35
138,Entry long,2021-06-04 03:30,S2_Rev,1872.921,5.3,9926.4813,-99.27,-1.00,163.45,1.65,-99.27,-1.00,3434.6,34.35
139,Exit long,2021-06-17 02:00,LX_SL,1845.773,5.3,9881.4207,-98.82,-1.00,28.63,0.29,-98.82,-1.00,3335.77,33.36
139,Entry long,2021-06-14 22:00,S2_Rev,1864.419,5.3,9881.4207,-98.82,-1.00,28.63,0.29,-98.82,-1.00,3335.77,33.36
140,Exit long,2021-06-17 18:00,LX_SL,1801.134,5.4,9824.3766,-98.25,-1.00,32.04,0.33,-98.25,-1.00,3237.52,32.38
140,Entry long,2021-06-17 09:30,S2_Rev,1819.329,5.4,9824.3766,-98.25,-1.00,32.04,0.33,-98.25,-1.00,3237.52,32.38
141,Exit long,2021-06-19 04:00,LX_SL,1760.705,5.6,9959.5496,-99.6,-1.00,104.83,1.05,-99.6,-1.00,3137.92,31.38
141,Entry long,2021-06-18 02:00,S2_Rev,1778.491,5.6,9959.5496,-99.6,-1.00,104.83,1.05,-99.6,-1.00,3137.92,31.38
142,Exit long,2021-07-06 23:30,LX_TP1,1798.29,5.6,9872.9736,197.45,2.00,291.31,2.95,-71.85,-0.73,3335.37,33.35
142,Entry long,2021-06-19 04:30,S2_Rev,1763.031,5.6,9872.9736,197.45,2.00,291.31,2.95,-71.85,-0.73,3335.37,33.35
143,Exit long,2021-07-15 14:30,LX_TP1,1830.144,5.5,9868.43,197.36,2.00,211.26,2.14,-21.23,-0.22,3532.73,35.33
143,Entry long,2021-07-07 01:00,S2_Rev,1794.26,5.5,9868.43,197.36,2.00,211.26,2.14,-21.23,-0.22,3532.73,35.33
144,Exit long,2021-07-19 14:30,LX_SL,1802.69,5.4,9832.8654,-98.34,-1.00,31.31,0.32,-98.34,-1.00,3434.39,34.34
144,Entry long,2021-07-16 20:30,S2_Rev,1820.901,5.4,9832.8654,-98.34,-1.00,31.31,0.32,-98.34,-1.00,3434.39,34.34
145,Exit long,2021-08-06 20:30,LX_SL,1787.266,5.5,9929.2655,-99.3,-1.00,150.47,1.52,-99.3,-1.00,3335.09,33.35
145,Entry long,2021-07-19 15:30,S2_Rev,1805.321,5.5,9929.2655,-99.3,-1.00,150.47,1.52,-99.3,-1.00,3335.09,33.35
146,Exit long,2021-08-13 21:00,LX_TP1,1762.162,5.7,9847.3827,196.94,2.00,202.23,2.05,-63.33,-0.64,3532.03,35.32
146,Entry long,2021-08-09 09:00,S2_Rev,1727.611,5.7,9847.3827,196.94,2.00,202.23,2.05,-63.33,-0.64,3532.03,35.32
147,Exit long,2021-09-16 17:30,LX_SL,1777.782,5.5,9876.5755,-98.77,-1.00,210.48,2.13,-98.77,-1.00,3433.25,34.33
147,Entry long,2021-08-25 11:00,S2_Rev,1795.741,5.5,9876.5755,-98.77,-1.00,210.48,2.13,-98.77,-1.00,3433.25,34.33
148,Exit long,2021-09-24 04:00,LX_SL,1737.311,5.6,9827.2216,-98.28,-1.00,181.32,1.85,-98.28,-1.00,3334.97,33.35
148,Entry long,2021-09-17 08:30,S2_Rev,1754.861,5.6,9827.2216,-98.28,-1.00,181.32,1.85,-98.28,-1.00,3334.97,33.35
149,Exit long,2021-09-29 22:00,LX_SL,1726.629,5.7,9941.2047,-99.42,-1.00,95.53,0.96,-99.42,-1.00,3235.56,32.36
149,Entry long,2021-09-24 06:30,S2_Rev,1744.071,5.7,9941.2047,-99.42,-1.00,95.53,0.96,-99.42,-1.00,3235.56,32.36
150,Exit long,2021-10-04 23:00,LX_TP1,1766.319,5.7,9870.6159,197.4,2.00,221.52,2.24,-64.34,-0.65,3432.96,34.33
150,Entry long,2021-09-29 23:30,S2_Rev,1731.687,5.7,9870.6159,197.4,2.00,221.52,2.24,-64.34,-0.65,3432.96,34.33
151,Exit long,2021-10-15 09:00,LX_TP1,1792.599,5.7,9967.6299,250.18,2.51,295.22,2.96,-16,-0.16,3683.14,36.83
151,Entry long,2021-10-06 17:30,S2_Rev,1748.707,5.7,9967.6299,250.18,2.51,295.22,2.96,-16,-0.16,3683.14,36.83
152,Exit long,2021-10-15 20:30,LX_SL,1769.813,5.5,9832.3005,-98.33,-1.00,3.24,0.03,-98.33,-1.00,3584.81,35.85
152,Entry long,2021-10-15 16:30,S2_Rev,1787.691,5.5,9832.3005,-98.33,-1.00,3.24,0.03,-98.33,-1.00,3584.81,35.85
153,Exit long,2021-10-22 22:30,LX_TP1,1810.424,5.6,9939.5912,198.78,2.00,210.97,2.12,-88.63,-0.89,3783.6,37.84
153,Entry long,2021-10-15 23:00,S2_Rev,1774.927,5.6,9939.5912,198.78,2.00,210.97,2.12,-88.63,-0.89,3783.6,37.84
154,Exit long,2021-10-29 21:30,LX_SL,1771.822,5.5,9843.4655,-98.44,-1.00,113.9,1.16,-98.44,-1.00,3685.15,36.85
154,Entry long,2021-10-27 00:00,S2_Rev,1789.721,5.5,9843.4655,-98.44,-1.00,113.9,1.16,-98.44,-1.00,3685.15,36.85
155,Exit long,2021-11-03 22:00,LX_SL,1760.19,5.6,9956.6376,-99.57,-1.00,103.31,1.04,-99.57,-1.00,3585.58,35.86
155,Entry long,2021-10-30 00:00,S2_Rev,1777.971,5.6,9956.6376,-99.57,-1.00,103.31,1.04,-99.57,-1.00,3585.58,35.86
156,Exit long,2021-11-05 21:30,LX_TP1,1800.053,5.6,9882.6504,197.65,2.00,217.73,2.20,-20.66,-0.21,3783.22,37.83
156,Entry long,2021-11-04 02:00,S2_Rev,1764.759,5.6,9882.6504,197.65,2.00,217.73,2.20,-20.66,-0.21,3783.22,37.83
157,Exit long,2021-11-22 22:00,LX_SL,1829.874,5.4,9981.1386,-99.82,-1.00,155.44,1.56,-99.82,-1.00,3683.41,36.83
157,Entry long,2021-11-12 19:30,S2_Rev,1848.359,5.4,9981.1386,-99.82,-1.00,155.44,1.56,-99.82,-1.00,3683.41,36.83
158,Exit long,2021-11-23 20:30,LX_SL,1791.391,5.5,9952.1785,-99.53,-1.00,16.08,0.16,-99.53,-1.00,3583.88,35.84
158,Entry long,2021-11-23 07:30,S2_Rev,1809.487,5.5,9952.1785,-99.53,-1.00,16.08,0.16,-99.53,-1.00,3583.88,35.84
159,Exit long,2021-12-01 00:00,LX_SL,1772.084,5.5,9844.9175,-98.46,-1.00,140.88,1.43,-98.46,-1.00,3485.42,34.85
159,Entry long,2021-11-23 22:30,S2_Rev,1789.985,5.5,9844.9175,-98.46,-1.00,140.88,1.43,-98.46,-1.00,3485.42,34.85
160,Exit long,2021-12-16 03:00,LX_SL,1756.55,5.6,9936.0464,-99.37,-1.00,113.83,1.15,-99.37,-1.00,3386.06,33.86
160,Entry long,2021-12-01 02:00,S2_Rev,1774.294,5.6,9936.0464,-99.37,-1.00,113.83,1.15,-99.37,-1.00,3386.06,33.86
161,Exit long,2022-01-20 17:30,LX_TP1,1837.099,5.5,9889.7755,214.27,2.17,252.77,2.56,-87.13,-0.88,3600.32,36.00
161,Entry long,2021-12-18 05:30,S2_Rev,1798.141,5.5,9889.7755,214.27,2.17,252.77,2.56,-87.13,-0.88,3600.32,36.00
162,Exit long,2022-01-27 03:30,LX_SL,1815.6,5.4,9903.2814,-99.04,-1.00,107.4,1.08,-99.04,-1.00,3501.28,35.01
162,Entry long,2022-01-21 18:00,S2_Rev,1833.941,5.4,9903.2814,-99.04,-1.00,107.4,1.08,-99.04,-1.00,3501.28,35.01
163,Exit long,2022-01-27 21:30,LX_SL,1803.611,5.4,9837.8874,-98.39,-1.00,0.86,0.01,-98.39,-1.00,3402.9,34.03
163,Entry long,2022-01-27 08:00,S2_Rev,1821.831,5.4,9837.8874,-98.39,-1.00,0.86,0.01,-98.39,-1.00,3402.9,34.03
164,Exit long,2022-01-28 18:30,LX_SL,1787.415,5.5,9930.0905,-99.31,-1.00,11.87,0.12,-99.31,-1.00,3303.59,33.04
164,Entry long,2022-01-27 23:00,S2_Rev,1805.471,5.5,9930.0905,-99.31,-1.00,11.87,0.12,-99.31,-1.00,3303.59,33.04
165,Exit long,2022-02-08 23:30,LX_TP1,1824.015,5.5,9835.3805,196.7,2.00,220.71,2.24,-45.38,-0.46,3500.29,35.00
165,Entry long,2022-01-28 20:30,S2_Rev,1788.251,5.5,9835.3805,196.7,2.00,220.71,2.24,-45.38,-0.46,3500.29,35.00
166,Exit long,2022-02-17 22:00,LX_TP1,1894.711,5.3,9845.0733,196.9,2.00,213,2.16,-72.93,-0.74,3697.18,36.97
166,Entry long,2022-02-15 18:00,S2_Rev,1857.561,5.3,9845.0733,196.9,2.00,213,2.16,-72.93,-0.74,3697.18,36.97
167,Exit long,2022-03-02 01:30,LX_TP1,1931.869,5.2,9848.7532,196.97,2.00,215.79,2.19,-59.75,-0.61,3894.15,38.94
167,Entry long,2022-02-25 04:30,S2_Rev,1893.991,5.2,9848.7532,196.97,2.00,215.79,2.19,-59.75,-0.61,3894.15,38.94
168,Exit long,2022-03-09 21:00,LX_SL,1996.245,4.9,9880.4139,-98.81,-1.00,24.59,0.25,-98.81,-1.00,3795.34,37.95
168,Entry long,2022-03-09 20:30,S2_Rev,2016.411,4.9,9880.4139,-98.81,-1.00,24.59,0.25,-98.81,-1.00,3795.34,37.95
169,Exit long,2022-03-10 09:00,LX_SL,1973.852,5,9968.955,-99.69,-1.00,59,0.59,-99.69,-1.00,3695.64,36.96
169,Entry long,2022-03-09 23:30,S2_Rev,1993.791,5,9968.955,-99.69,-1.00,59,0.59,-99.69,-1.00,3695.64,36.96
170,Exit long,2022-03-14 19:00,LX_SL,1954.754,5,9872.505,-98.73,-1.00,173.35,1.76,-98.73,-1.00,3596.91,35.97
170,Entry long,2022-03-10 10:00,S2_Rev,1974.501,5,9872.505,-98.73,-1.00,173.35,1.76,-98.73,-1.00,3596.91,35.97
171,Exit long,2022-03-15 08:00,LX_SL,1945.686,5,9826.705,-98.27,-1.00,13.05,0.13,-98.27,-1.00,3498.63,34.99
171,Entry long,2022-03-14 20:00,S2_Rev,1965.341,5,9826.705,-98.27,-1.00,13.05,0.13,-98.27,-1.00,3498.63,34.99
172,Exit long,2022-03-15 18:30,LX_SL,1923.569,5.1,9909.3051,-99.1,-1.00,12.9,0.13,-99.1,-1.00,3399.53,34.00
172,Entry long,2022-03-15 10:30,S2_Rev,1943.001,5.1,9909.3051,-99.1,-1.00,12.9,0.13,-99.1,-1.00,3399.53,34.00
173,Exit long,2022-03-17 02:00,LX_SL,1896.77,5.2,9962.8412,-99.64,-1.00,78.46,0.79,-99.64,-1.00,3299.89,33.00
173,Entry long,2022-03-15 23:00,S2_Rev,1915.931,5.2,9962.8412,-99.64,-1.00,78.46,0.79,-99.64,-1.00,3299.89,33.00
174,Exit long,2022-03-24 23:30,LX_TP1,1959.835,5.2,9991.3216,199.82,2.00,230.53,2.31,-58.28,-0.58,3499.71,35.00
174,Entry long,2022-03-21 06:00,S2_Rev,1921.408,5.2,9991.3216,199.82,2.00,230.53,2.31,-58.28,-0.58,3499.71,35.00
175,Exit long,2022-03-29 16:30,LX_SL,1912.877,5.1,9854.2251,-98.55,-1.00,68.69,0.70,-98.55,-1.00,3401.16,34.01
175,Entry long,2022-03-28 18:00,S2_Rev,1932.201,5.1,9854.2251,-98.55,-1.00,68.69,0.70,-98.55,-1.00,3401.16,34.01
176,Exit long,2022-03-29 20:30,LX_SL,1893.745,5.2,9946.95,-99.48,-1.00,17.5,0.18,-99.48,-1.00,3301.68,33.02
176,Entry long,2022-03-29 18:00,S2_Rev,1912.875,5.2,9946.95,-99.48,-1.00,17.5,0.18,-99.48,-1.00,3301.68,33.02
177,Exit long,2022-04-01 01:30,LX_TP1,1945.517,5.2,9918.3292,198.36,2.00,220.58,2.22,-12.85,-0.13,3500.04,35.00
177,Entry long,2022-03-29 22:00,S2_Rev,1907.371,5.2,9918.3292,198.36,2.00,220.58,2.22,-12.85,-0.13,3500.04,35.00
178,Exit long,2022-04-20 03:30,LX_SL,1943.99,5,9818.14,-98.19,-1.00,11.76,0.12,-98.19,-1.00,3401.85,34.02
178,Entry long,2022-04-19 22:00,S2_Rev,1963.628,5,9818.14,-98.19,-1.00,11.76,0.12,-98.19,-1.00,3401.85,34.02
179,Exit long,2022-04-22 20:00,LX_SL,1930.074,5.1,9942.8121,-99.43,-1.00,44.57,0.45,-99.43,-1.00,3302.42,33.02
179,Entry long,2022-04-20 04:30,S2_Rev,1949.571,5.1,9942.8121,-99.43,-1.00,44.57,0.45,-99.43,-1.00,3302.42,33.02
180,Exit long,2022-04-25 12:30,LX_SL,1917.557,5.1,9878.3328,-98.79,-1.00,48,0.49,-98.79,-1.00,3203.63,32.04
180,Entry long,2022-04-22 21:00,S2_Rev,1936.928,5.1,9878.3328,-98.79,-1.00,48,0.49,-98.79,-1.00,3203.63,32.04
181,Exit long,2022-04-25 20:00,LX_SL,1898.631,5.2,9972.6172,-99.74,-1.00,17.57,0.18,-99.74,-1.00,3103.89,31.04
181,Entry long,2022-04-25 15:00,S2_Rev,1917.811,5.2,9972.6172,-99.74,-1.00,17.57,0.18,-99.74,-1.00,3103.89,31.04
182,Exit long,2022-04-28 11:00,LX_SL,1878.652,5.2,9867.676,-98.69,-1.00,70.51,0.71,-98.69,-1.00,3005.2,30.05
182,Entry long,2022-04-26 01:00,S2_Rev,1897.63,5.2,9867.676,-98.69,-1.00,70.51,0.71,-98.69,-1.00,3005.2,30.05
183,Exit long,2022-04-29 16:00,LX_TP1,1915.774,5.3,9954.5183,199.08,2.00,210.25,2.11,-34.51,-0.35,3204.29,32.04
183,Entry long,2022-04-28 13:00,S2_Rev,1878.211,5.3,9954.5183,199.08,2.00,210.25,2.11,-34.51,-0.35,3204.29,32.04
184,Exit long,2022-05-02 20:00,LX_SL,1873.09,5.2,9838.4624,-98.39,-1.00,2.85,0.03,-98.39,-1.00,3105.89,31.06
184,Entry long,2022-05-02 09:30,S2_Rev,1892.012,5.2,9838.4624,-98.39,-1.00,2.85,0.03,-98.39,-1.00,3105.89,31.06
185,Exit long,2022-05-03 16:30,LX_SL,1851.349,5.3,9911.2703,-99.12,-1.00,0.79,0.01,-99.12,-1.00,3006.77,30.07
185,Entry long,2022-05-03 00:00,S2_Rev,1870.051,5.3,9911.2703,-99.12,-1.00,0.79,0.01,-99.12,-1.00,3006.77,30.07
186,Exit long,2022-05-10 22:30,LX_SL,1848.181,5.3,9894.3103,-98.95,-1.00,24.52,0.25,-98.95,-1.00,2907.82,29.08
186,Entry long,2022-05-09 20:30,S2_Rev,1866.851,5.3,9894.3103,-98.95,-1.00,24.52,0.25,-98.95,-1.00,2907.82,29.08
187,Exit long,2022-05-13 00:30,LX_SL,1826.401,5.4,9962.1954,-99.63,-1.00,76.03,0.76,-99.63,-1.00,2808.19,28.08
187,Entry long,2022-05-11 01:00,S2_Rev,1844.851,5.4,9962.1954,-99.63,-1.00,76.03,0.76,-99.63,-1.00,2808.19,28.08
188,Exit long,2022-05-13 21:00,LX_SL,1805.245,5.4,9846.7974,-98.47,-1.00,29.32,0.30,-98.47,-1.00,2709.72,27.10
188,Entry long,2022-05-13 08:30,S2_Rev,1823.481,5.4,9846.7974,-98.47,-1.00,29.32,0.30,-98.47,-1.00,2709.72,27.10
189,Exit long,2022-05-16 15:30,LX_SL,1797.887,5.5,9988.2695,-99.89,-1.00,13.21,0.13,-99.89,-1.00,2609.83,26.10
189,Entry long,2022-05-13 22:30,S2_Rev,1816.049,5.5,9988.2695,-99.89,-1.00,13.21,0.13,-99.89,-1.00,2609.83,26.10
190,Exit long,2022-05-17 20:00,LX_TP1,1833.562,5.5,9886.8605,197.73,2.00,211.96,2.14,-11.06,-0.11,2807.56,28.08
190,Entry long,2022-05-16 16:30,S2_Rev,1797.611,5.5,9886.8605,197.73,2.00,211.96,2.14,-11.06,-0.11,2807.56,28.08
191,Exit long,2022-05-19 23:00,LX_TP1,1844.802,5.5,9947.4705,198.94,2.00,210.78,2.12,-9.52,-0.10,3006.5,30.06
191,Entry long,2022-05-18 12:30,S2_Rev,1808.631,5.5,9947.4705,198.94,2.00,210.78,2.12,-9.52,-0.10,3006.5,30.06
192,Exit long,2022-06-01 17:00,LX_SL,1827.998,5.4,9970.9056,-99.72,-1.00,94.8,0.95,-99.72,-1.00,2906.78,29.07
192,Entry long,2022-05-26 00:30,S2_Rev,1846.464,5.4,9970.9056,-99.72,-1.00,94.8,0.95,-99.72,-1.00,2906.78,29.07
193,Exit long,2022-06-06 23:00,LX_SL,1842.3,5.3,9862.8283,-98.64,-1.00,23.47,0.24,-98.64,-1.00,2808.14,28.08
193,Entry long,2022-06-03 21:30,S2_Rev,1860.911,5.3,9862.8283,-98.64,-1.00,23.47,0.24,-98.64,-1.00,2808.14,28.08
194,Exit long,2022-06-13 22:30,LX_SL,1823.146,5.4,9944.4402,-99.45,-1.00,204.59,2.06,-99.45,-1.00,2708.69,27.09
194,Entry long,2022-06-07 07:00,S2_Rev,1841.563,5.4,9944.4402,-99.45,-1.00,204.59,2.06,-99.45,-1.00,2708.69,27.09
195,Exit long,2022-06-30 19:30,LX_SL,1802.896,5.4,9833.9886,-98.35,-1.00,198.51,2.02,-98.35,-1.00,2610.34,26.10
195,Entry long,2022-06-14 07:00,S2_Rev,1821.109,5.4,9833.9886,-98.35,-1.00,198.51,2.02,-98.35,-1.00,2610.34,26.10
196,Exit long,2022-07-01 06:00,LX_SL,1804.354,5.4,9841.9374,-98.43,-1.00,13.6,0.14,-98.43,-1.00,2511.91,25.12
196,Entry long,2022-06-30 21:00,S2_Rev,1822.581,5.4,9841.9374,-98.43,-1.00,13.6,0.14,-98.43,-1.00,2511.91,25.12
197,Exit long,2022-07-05 22:00,LX_SL,1779.94,5.5,9888.5655,-98.9,-1.00,89.97,0.91,-98.9,-1.00,2413.02,24.13
197,Entry long,2022-07-01 15:00,S2_Rev,1797.921,5.5,9888.5655,-98.9,-1.00,89.97,0.91,-98.9,-1.00,2413.02,24.13
198,Exit long,2022-07-06 22:30,LX_SL,1750.25,5.6,9900.4136,-99.01,-1.00,27.49,0.28,-99.01,-1.00,2314.01,23.14
198,Entry long,2022-07-06 06:30,S2_Rev,1767.931,5.6,9900.4136,-99.01,-1.00,27.49,0.28,-99.01,-1.00,2314.01,23.14
199,Exit long,2022-07-13 20:30,LX_SL,1721.501,5.7,9911.6787,-99.12,-1.00,77.34,0.78,-99.12,-1.00,2214.88,22.15
199,Entry long,2022-07-07 03:00,S2_Rev,1738.891,5.7,9911.6787,-99.12,-1.00,77.34,0.78,-99.12,-1.00,2214.88,22.15
200,Exit long,2022-07-14 21:30,LX_SL,1700.582,5.8,9963.0138,-99.64,-1.00,160.25,1.61,-99.64,-1.00,2115.24,21.15
200,Entry long,2022-07-13 21:30,S2_Rev,1717.761,5.8,9963.0138,-99.64,-1.00,160.25,1.61,-99.64,-1.00,2115.24,21.15
201,Exit long,2022-07-21 09:00,LX_SL,1690.127,5.8,9901.7658,-99.03,-1.00,96.56,0.98,-99.03,-1.00,2016.22,20.16
201,Entry long,2022-07-14 23:00,S2_Rev,1707.201,5.8,9901.7658,-99.03,-1.00,96.56,0.98,-99.03,-1.00,2016.22,20.16
202,Exit long,2022-07-22 20:00,LX_TP1,1726.268,5.9,9985.2839,199.7,2.00,223.01,2.23,-72.1,-0.72,2215.91,22.16
202,Entry long,2022-07-21 13:00,S2_Rev,1692.421,5.9,9985.2839,199.7,2.00,223.01,2.23,-72.1,-0.72,2215.91,22.16
203,Exit long,2022-08-18 23:30,LX_SL,1757.101,5.6,9939.1656,-99.4,-1.00,185.24,1.86,-99.4,-1.00,2116.51,21.17
203,Entry long,2022-08-05 22:00,S2_Rev,1774.851,5.6,9939.1656,-99.4,-1.00,185.24,1.86,-99.4,-1.00,2116.51,21.17
204,Exit long,2022-08-22 15:00,LX_SL,1739.947,5.6,9842.1344,-98.43,-1.00,20.87,0.21,-98.43,-1.00,2018.08,20.18
204,Entry long,2022-08-19 01:30,S2_Rev,1757.524,5.6,9842.1344,-98.43,-1.00,20.87,0.21,-98.43,-1.00,2018.08,20.18
205,Exit long,2022-08-29 15:30,LX_SL,1720.01,5.7,9903.0945,-99.04,-1.00,160.14,1.62,-99.04,-1.00,1919.04,19.19
205,Entry long,2022-08-22 18:00,S2_Rev,1737.385,5.7,9903.0945,-99.04,-1.00,160.14,1.62,-99.04,-1.00,1919.04,19.19
206,Exit long,2022-09-01 08:00,LX_SL,1705.381,5.8,9991.1322,-99.92,-1.00,132.88,1.33,-99.92,-1.00,1819.12,18.19
206,Entry long,2022-08-29 17:30,S2_Rev,1722.609,5.8,9991.1322,-99.92,-1.00,132.88,1.33,-99.92,-1.00,1819.12,18.19
207,Exit long,2022-09-15 12:30,LX_SL,1687.91,5.8,9888.7738,-98.9,-1.00,174.81,1.77,-98.9,-1.00,1720.23,17.20
207,Entry long,2022-09-01 10:30,S2_Rev,1704.961,5.8,9888.7738,-98.9,-1.00,174.81,1.77,-98.9,-1.00,1720.23,17.20
208,Exit long,2022-09-15 22:30,LX_SL,1672.189,5.9,9965.5779,-99.66,-1.00,18.99,0.19,-99.66,-1.00,1620.56,16.21
208,Entry long,2022-09-15 13:30,S2_Rev,1689.081,5.9,9965.5779,-99.66,-1.00,18.99,0.19,-99.66,-1.00,1620.56,16.21
209,Exit long,2022-09-16 15:30,LX_SL,1654.299,5.9,9858.9649,-98.6,-1.00,2.18,0.02,-98.6,-1.00,1521.96,15.22
209,Entry long,2022-09-15 23:30,S2_Rev,1671.011,5.9,9858.9649,-98.6,-1.00,2.18,0.02,-98.6,-1.00,1521.96,15.22
210,Exit long,2022-09-23 18:30,LX_SL,1642.37,6,9953.766,-99.55,-1.00,174.53,1.75,-99.55,-1.00,1422.42,14.22
210,Entry long,2022-09-16 17:00,S2_Rev,1658.961,6,9953.766,-99.55,-1.00,174.53,1.75,-99.55,-1.00,1422.42,14.22
211,Exit long,2022-09-26 08:30,LX_SL,1636.054,6,9915.486,-99.16,-1.00,4.01,0.04,-99.16,-1.00,1323.25,13.23
211,Entry long,2022-09-23 21:30,S2_Rev,1652.581,6,9915.486,-99.16,-1.00,4.01,0.04,-99.16,-1.00,1323.25,13.23
212,Exit long,2022-09-27 01:30,LX_SL,1623.599,6,9840.006,-98.41,-1.00,58.67,0.60,-98.41,-1.00,1224.84,12.25
212,Entry long,2022-09-26 09:30,S2_Rev,1640.001,6,9840.006,-98.41,-1.00,58.67,0.60,-98.41,-1.00,1224.84,12.25
213,Exit long,2022-09-29 01:30,LX_TP1,1660.07,6.1,9927.8781,198.55,2.00,214.96,2.17,-82.48,-0.83,1423.39,14.23
213,Entry long,2022-09-27 03:00,S2_Rev,1627.521,6.1,9927.8781,198.55,2.00,214.96,2.17,-82.48,-0.83,1423.39,14.23
214,Exit long,2022-10-10 21:30,LX_SL,1671.872,5.9,9963.6899,-99.65,-1.00,4.83,0.05,-99.65,-1.00,1323.75,13.24
214,Entry long,2022-10-10 12:00,S2_Rev,1688.761,5.9,9963.6899,-99.65,-1.00,4.83,0.05,-99.65,-1.00,1323.75,13.24
215,Exit long,2022-10-11 18:00,LX_SL,1660.133,5.9,9893.7336,-98.95,-1.00,10.12,0.10,-98.95,-1.00,1224.8,12.25
215,Entry long,2022-10-10 22:00,S2_Rev,1676.904,5.9,9893.7336,-98.95,-1.00,10.12,0.10,-98.95,-1.00,1224.8,12.25
216,Exit long,2022-10-15 00:00,LX_SL,1642.591,6,9955.104,-99.56,-1.00,80.2,0.81,-99.56,-1.00,1125.24,11.25
216,Entry long,2022-10-13 23:30,S2_Rev,1659.184,6,9955.104,-99.56,-1.00,80.2,0.81,-99.56,-1.00,1125.24,11.25
217,Exit long,2022-10-20 00:00,LX_SL,1628.173,6,9867.726,-98.69,-1.00,1.55,0.02,-98.69,-1.00,1026.55,10.27
217,Entry long,2022-10-19 16:00,S2_Rev,1644.621,6,9867.726,-98.69,-1.00,1.55,0.02,-98.69,-1.00,1026.55,10.27
218,Exit long,2022-10-24 06:30,LX_TP1,1658.924,6.1,9921.0278,198.41,2.00,228.27,2.30,-58.55,-0.59,1224.96,12.25
218,Entry long,2022-10-20 11:00,S2_Rev,1626.398,6.1,9921.0278,198.41,2.00,228.27,2.30,-58.55,-0.59,1224.96,12.25
219,Exit long,2022-11-03 16:00,LX_SL,1625.114,6,9849.186,-98.5,-1.00,200.45,2.04,-98.5,-1.00,1126.46,11.26
219,Entry long,2022-10-25 19:00,S2_Rev,1641.531,6,9849.186,-98.5,-1.00,200.45,2.04,-98.5,-1.00,1126.46,11.26
220,Exit long,2022-11-07 14:30,LX_TP1,1669.199,6.1,9926.0481,256.07,2.58,336.41,3.39,-71.5,-0.72,1382.52,13.83
220,Entry long,2022-11-03 17:00,S2_Rev,1627.221,6.1,9926.0481,256.07,2.58,336.41,3.39,-71.5,-0.72,1382.52,13.83
221,Exit long,2022-11-09 18:00,LX_TP1,1705.899,5.9,9850.5869,214.22,2.17,279.06,2.83,-34.17,-0.35,1596.74,15.97
221,Entry long,2022-11-08 14:30,S2_Rev,1669.591,5.9,9850.5869,214.22,2.17,279.06,2.83,-34.17,-0.35,1596.74,15.97
222,Exit long,2022-11-19 03:00,LX_SL,1747.476,5.6,9884.7224,-98.86,-1.00,33.27,0.34,-98.86,-1.00,1497.88,14.98
222,Entry long,2022-11-17 14:30,S2_Rev,1765.129,5.6,9884.7224,-98.86,-1.00,33.27,0.34,-98.86,-1.00,1497.88,14.98
223,Exit long,2022-12-01 09:30,LX_TP1,1774.922,5.7,9918.6897,198.37,2.00,227.54,2.29,-84.88,-0.86,1696.25,16.96
223,Entry long,2022-11-21 18:30,S2_Rev,1740.121,5.7,9918.6897,198.37,2.00,227.54,2.29,-84.88,-0.86,1696.25,16.96
224,Exit long,2022-12-06 02:00,LX_SL,1767.803,5.6,9999.7016,-100,-1.00,136.52,1.37,-100,-1.00,1596.24,15.96
224,Entry long,2022-12-03 00:00,S2_Rev,1785.661,5.6,9999.7016,-100,-1.00,136.52,1.37,-100,-1.00,1596.24,15.96
225,Exit long,2022-12-14 01:00,LX_TP1,1805.206,5.6,9910.9416,198.21,2.00,306.09,3.09,-20.78,-0.21,1794.46,17.94
225,Entry long,2022-12-06 07:30,S2_Rev,1769.811,5.6,9910.9416,198.21,2.00,306.09,3.09,-20.78,-0.21,1794.46,17.94
226,Exit long,2022-12-15 16:30,LX_SL,1774.99,5.5,9861.0655,-98.62,-1.00,19.35,0.20,-98.62,-1.00,1695.84,16.96
226,Entry long,2022-12-15 14:00,S2_Rev,1792.921,5.5,9861.0655,-98.62,-1.00,19.35,0.20,-98.62,-1.00,1695.84,16.96
227,Exit long,2022-12-20 23:30,LX_TP1,1814.58,5.6,9962.4056,199.24,2.00,235.81,2.37,-31.93,-0.32,1895.08,18.95
227,Entry long,2022-12-15 19:30,S2_Rev,1779.001,5.6,9962.4056,199.24,2.00,235.81,2.37,-31.93,-0.32,1895.08,18.95
228,Exit long,2023-01-03 08:30,LX_TP1,1830.033,5.5,9867.8305,197.35,2.00,215.26,2.18,-23.38,-0.24,2092.43,20.92
228,Entry long,2022-12-23 04:30,S2_Rev,1794.151,5.5,9867.8305,197.35,2.00,215.26,2.18,-23.38,-0.24,2092.43,20.92
229,Exit long,2023-01-07 03:00,LX_TP1,1868.099,5.4,9889.9434,197.79,2.00,207.14,2.09,-14.96,-0.15,2290.22,22.90
229,Entry long,2023-01-06 00:30,S2_Rev,1831.471,5.4,9889.9434,197.79,2.00,207.14,2.09,-14.96,-0.15,2290.22,22.90
230,Exit long,2023-01-26 09:00,LX_TP1,1944.354,5.2,9912.4012,198.24,2.00,223.23,2.25,-56.32,-0.57,2488.46,24.88
230,Entry long,2023-01-17 19:00,S2_Rev,1906.231,5.2,9912.4012,198.24,2.00,223.23,2.25,-56.32,-0.57,2488.46,24.88
231,Exit long,2023-01-31 16:00,LX_SL,1907.63,5.1,9827.1951,-98.28,-1.00,41.61,0.42,-98.28,-1.00,2390.18,23.90
231,Entry long,2023-01-27 01:30,S2_Rev,1926.901,5.1,9827.1951,-98.28,-1.00,41.61,0.42,-98.28,-1.00,2390.18,23.90
232,Exit long,2023-02-02 21:00,LX_TP1,1950.899,5.2,9916.7224,227.95,2.30,273.93,2.76,-5,-0.05,2618.13,26.18
232,Entry long,2023-01-31 21:00,S2_Rev,1907.062,5.2,9916.7224,227.95,2.30,273.93,2.76,-5,-0.05,2618.13,26.18
233,Exit long,2023-02-03 21:30,LX_SL,1898.513,5.2,9971.9932,-99.73,-1.00,4.67,0.05,-99.73,-1.00,2518.41,25.18
233,Entry long,2023-02-03 03:00,S2_Rev,1917.691,5.2,9971.9932,-99.73,-1.00,4.67,0.05,-99.73,-1.00,2518.41,25.18
234,Exit long,2023-02-14 01:00,LX_SL,1849.399,5.3,9900.8293,-99.01,-1.00,117.28,1.18,-99.01,-1.00,2419.39,24.19
234,Entry long,2023-02-06 07:30,S2_Rev,1868.081,5.3,9900.8293,-99.01,-1.00,117.28,1.18,-99.01,-1.00,2419.39,24.19
235,Exit long,2023-02-15 16:00,LX_SL,1833.836,5.3,9817.5133,-98.18,-1.00,96.3,0.98,-98.18,-1.00,2321.21,23.21
235,Entry long,2023-02-14 01:30,S2_Rev,1852.361,5.3,9817.5133,-98.18,-1.00,96.3,0.98,-98.18,-1.00,2321.21,23.21
236,Exit long,2023-02-24 19:30,LX_SL,1817.273,5.4,9912.4074,-99.13,-1.00,63.82,0.64,-99.13,-1.00,2222.07,22.22
236,Entry long,2023-02-15 20:30,S2_Rev,1835.631,5.4,9912.4074,-99.13,-1.00,63.82,0.64,-99.13,-1.00,2222.07,22.22
237,Exit long,2023-03-04 03:00,LX_TP1,1849.851,5.5,9974.6955,199.49,2.00,205.31,2.06,-49.95,-0.50,2421.56,24.22
237,Entry long,2023-02-24 23:30,S2_Rev,1813.581,5.5,9974.6955,199.49,2.00,205.31,2.06,-49.95,-0.50,2421.56,24.22
238,Exit long,2023-03-13 11:00,LX_TP2,1884.521,5.5,9966.2255,398.64,4.00,452.26,4.54,-5.18,-0.05,2820.2,28.20
238,Entry long,2023-03-08 14:00,S2_Rev,1812.041,5.5,9966.2255,398.64,4.00,452.26,4.54,-5.18,-0.05,2820.2,28.20
239,Exit long,2023-03-17 19:30,LX_TP1,1934.185,5.2,9860.5572,197.2,2.00,213.45,2.16,-1.88,-0.02,3017.4,30.17
239,Entry long,2023-03-15 18:00,S2_Rev,1896.261,5.2,9860.5572,197.2,2.00,213.45,2.16,-1.88,-0.02,3017.4,30.17
240,Exit long,2023-03-23 14:30,LX_TP1,1980.993,5.1,9904.9701,198.09,2.00,210.88,2.13,-42.08,-0.42,3215.5,32.15
240,Entry long,2023-03-22 06:30,S2_Rev,1942.151,5.1,9904.9701,198.09,2.00,210.88,2.13,-42.08,-0.42,3215.5,32.15
241,Exit long,2023-04-05 22:00,LX_TP1,2019.799,5.1,9983.8926,317.08,3.18,379.97,3.81,-71.02,-0.71,3532.58,35.33
241,Entry long,2023-03-27 20:30,S2_Rev,1957.626,5.1,9983.8926,317.08,3.18,379.97,3.81,-71.02,-0.71,3532.58,35.33
242,Exit long,2023-04-10 06:00,LX_SL,1991.685,4.9,9857.8445,-98.59,-1.00,44.71,0.45,-98.59,-1.00,3433.99,34.34
242,Entry long,2023-04-06 11:30,S2_Rev,2011.805,4.9,9857.8445,-98.59,-1.00,44.71,0.45,-98.59,-1.00,3433.99,34.34
243,Exit long,2023-04-14 16:00,LX_TP1,2036.199,5,9960.38,220.62,2.21,283.57,2.85,-54.38,-0.55,3654.61,36.55
243,Entry long,2023-04-10 13:00,S2_Rev,1992.076,5,9960.38,220.62,2.21,283.57,2.85,-54.38,-0.55,3654.61,36.55
244,Exit long,2023-04-17 22:30,LX_SL,1983.771,4.9,9818.6739,-98.2,-1.00,54.92,0.56,-98.2,-1.00,3556.41,35.56
244,Entry long,2023-04-15 02:00,S2_Rev,2003.811,4.9,9818.6739,-98.2,-1.00,54.92,0.56,-98.2,-1.00,3556.41,35.56
245,Exit long,2023-04-19 18:00,LX_SL,1971.797,5,9958.58,-99.59,-1.00,100.57,1.01,-99.59,-1.00,3456.82,34.57
245,Entry long,2023-04-17 23:30,S2_Rev,1991.716,5,9958.58,-99.59,-1.00,100.57,1.01,-99.59,-1.00,3456.82,34.57
246,Exit long,2023-05-03 04:00,LX_TP1,2016.545,5,9885.03,197.7,2.00,211.77,2.14,-28.53,-0.29,3654.51,36.55
246,Entry long,2023-04-19 20:30,S2_Rev,1977.006,5,9885.03,197.7,2.00,211.77,2.14,-28.53,-0.29,3654.51,36.55
247,Exit long,2023-05-16 23:30,LX_SL,1994.988,4.9,9874.1909,-98.75,-1.00,161.74,1.64,-98.75,-1.00,3555.76,35.56
247,Entry long,2023-05-06 00:00,S2_Rev,2015.141,4.9,9874.1909,-98.75,-1.00,161.74,1.64,-98.75,-1.00,3555.76,35.56
248,Exit long,2023-05-18 20:30,LX_SL,1970.783,5,9953.455,-99.54,-1.00,11.6,0.12,-99.54,-1.00,3456.22,34.56
248,Entry long,2023-05-17 03:00,S2_Rev,1990.691,5,9953.455,-99.54,-1.00,11.6,0.12,-99.54,-1.00,3456.22,34.56
249,Exit long,2023-05-26 08:30,LX_SL,1937.668,5.1,9981.9342,-99.83,-1.00,142.94,1.43,-99.83,-1.00,3356.4,33.56
249,Entry long,2023-05-19 04:00,S2_Rev,1957.242,5.1,9981.9342,-99.83,-1.00,142.94,1.43,-99.83,-1.00,3356.4,33.56
250,Exit long,2023-06-02 09:30,LX_TP1,1973.847,5.1,9869.2446,197.38,2.00,244.57,2.48,-3.29,-0.03,3553.77,35.54
250,Entry long,2023-05-30 14:30,S2_Rev,1935.146,5.1,9869.2446,197.38,2.00,244.57,2.48,-3.29,-0.03,3553.77,35.54
251,Exit long,2023-06-15 20:00,LX_SL,1927.579,5.1,9929.9601,-99.31,-1.00,133,1.34,-99.31,-1.00,3454.46,34.54
251,Entry long,2023-06-05 12:00,S2_Rev,1947.051,5.1,9929.9601,-99.31,-1.00,133,1.34,-99.31,-1.00,3454.46,34.54
252,Exit long,2023-06-22 22:30,LX_SL,1915.748,5.1,9869.0151,-98.7,-1.00,22.28,0.23,-98.7,-1.00,3355.76,33.56
252,Entry long,2023-06-21 00:00,S2_Rev,1935.101,5.1,9869.0151,-98.7,-1.00,22.28,0.23,-98.7,-1.00,3355.76,33.56
253,Exit long,2023-06-29 20:30,LX_SL,1897.285,5.2,9965.5452,-99.66,-1.00,108.57,1.09,-99.66,-1.00,3256.1,32.56
253,Entry long,2023-06-23 02:00,S2_Rev,1916.451,5.2,9965.5452,-99.66,-1.00,108.57,1.09,-99.66,-1.00,3256.1,32.56
254,Exit long,2023-07-11 18:00,LX_TP1,1937.587,5.2,9877.9044,197.55,2.00,201.96,2.04,-2.58,-0.03,3453.65,34.54
254,Entry long,2023-06-29 22:00,S2_Rev,1899.597,5.2,9877.9044,197.55,2.00,201.96,2.04,-2.58,-0.03,3453.65,34.54
255,Exit long,2023-07-27 21:30,LX_SL,1944.102,5,9818.705,-98.19,-1.00,92.05,0.94,-98.19,-1.00,3355.45,33.55
255,Entry long,2023-07-21 17:30,S2_Rev,1963.741,5,9818.705,-98.19,-1.00,92.05,0.94,-98.19,-1.00,3355.45,33.55
256,Exit long,2023-08-04 20:30,LX_SL,1928.975,5.1,9937.1511,-99.38,-1.00,121.85,1.23,-99.38,-1.00,3256.07,32.56
256,Entry long,2023-07-28 02:00,S2_Rev,1948.461,5.1,9937.1511,-99.38,-1.00,121.85,1.23,-99.38,-1.00,3256.07,32.56
257,Exit long,2023-08-14 21:00,LX_SL,1905.596,5.1,9816.7146,-98.17,-1.00,27.05,0.28,-98.17,-1.00,3157.9,31.58
257,Entry long,2023-08-09 21:00,S2_Rev,1924.846,5.1,9816.7146,-98.17,-1.00,27.05,0.28,-98.17,-1.00,3157.9,31.58
258,Exit long,2023-08-29 22:30,LX_TP1,1932.39,5.2,9851.4052,197.02,2.00,209.87,2.13,-52.01,-0.53,3354.92,33.55
258,Entry long,2023-08-17 06:30,S2_Rev,1894.501,5.2,9851.4052,197.02,2.00,209.87,2.13,-52.01,-0.53,3354.92,33.55
259,Exit long,2023-09-12 19:00,LX_SL,1914.059,5.1,9860.3094,-98.61,-1.00,7.07,0.07,-98.61,-1.00,3256.31,32.56
259,Entry long,2023-09-05 17:00,S2_Rev,1933.394,5.1,9860.3094,-98.61,-1.00,7.07,0.07,-98.61,-1.00,3256.31,32.56
260,Exit long,2023-09-27 19:00,LX_SL,1892.85,5.2,9942.2492,-99.43,-1.00,184.18,1.85,-99.43,-1.00,3156.88,31.57
260,Entry long,2023-09-12 22:30,S2_Rev,1911.971,5.2,9942.2492,-99.43,-1.00,184.18,1.85,-99.43,-1.00,3156.88,31.57
261,Exit long,2023-09-28 23:00,LX_SL,1858.244,5.3,9948.1848,-99.49,-1.00,13.59,0.14,-99.49,-1.00,3057.39,30.57
261,Entry long,2023-09-28 06:30,S2_Rev,1877.016,5.3,9948.1848,-99.49,-1.00,13.59,0.14,-99.49,-1.00,3057.39,30.57
262,Exit long,2023-09-30 02:30,LX_SL,1846.077,5.3,9883.0478,-98.84,-1.00,79.95,0.81,-98.84,-1.00,2958.55,29.59
262,Entry long,2023-09-29 00:00,S2_Rev,1864.726,5.3,9883.0478,-98.84,-1.00,79.95,0.81,-98.84,-1.00,2958.55,29.59
263,Exit long,2023-10-02 22:00,LX_SL,1829.816,5.4,9980.8254,-99.82,-1.00,3.61,0.04,-99.82,-1.00,2858.73,28.59
263,Entry long,2023-10-02 08:00,S2_Rev,1848.301,5.4,9980.8254,-99.82,-1.00,3.61,0.04,-99.82,-1.00,2858.73,28.59
264,Exit long,2023-10-05 20:30,LX_SL,1814.736,5.4,9898.5672,-98.99,-1.00,8.54,0.09,-98.99,-1.00,2759.74,27.60
264,Entry long,2023-10-02 23:30,S2_Rev,1833.068,5.4,9898.5672,-98.99,-1.00,8.54,0.09,-98.99,-1.00,2759.74,27.60
265,Exit long,2023-10-13 21:00,LX_TP1,1907.379,5.3,9910.8993,198.21,2.00,260.49,2.63,-13.15,-0.13,2957.95,29.58
265,Entry long,2023-10-13 02:30,S2_Rev,1869.981,5.3,9910.8993,198.21,2.00,260.49,2.63,-13.15,-0.13,2957.95,29.58
266,Exit long,2023-10-28 02:30,LX_TP1,2002.902,5,9818.155,196.36,2.00,225,2.29,-24.65,-0.25,3154.31,31.54
266,Entry long,2023-10-24 20:00,S2_Rev,1963.631,5,9818.155,196.36,2.00,225,2.29,-24.65,-0.25,3154.31,31.54
267,Exit long,2023-11-07 17:00,LX_SL,1964.609,5,9922.275,-99.23,-1.00,98.08,0.99,-99.23,-1.00,3055.08,30.55
267,Entry long,2023-11-01 03:00,S2_Rev,1984.455,5,9922.275,-99.23,-1.00,98.08,0.99,-99.23,-1.00,3055.08,30.55
268,Exit long,2023-11-09 16:00,LX_SL,1946.795,5,9832.305,-98.33,-1.00,22.95,0.23,-98.33,-1.00,2956.75,29.57
268,Entry long,2023-11-07 22:00,S2_Rev,1966.461,5,9832.305,-98.33,-1.00,22.95,0.23,-98.33,-1.00,2956.75,29.57
269,Exit long,2023-11-17 12:00,LX_TP1,1985.756,5.1,9928.7871,198.57,2.00,209.91,2.11,-96.23,-0.97,3155.31,31.55
269,Entry long,2023-11-10 22:30,S2_Rev,1946.821,5.1,9928.7871,198.57,2.00,209.91,2.11,-96.23,-0.97,3155.31,31.55
270,Exit long,2023-11-27 09:30,LX_TP1,2016.974,5,9887.135,197.74,2.00,203.62,2.06,-60.63,-0.61,3353.05,33.53
270,Entry long,2023-11-20 09:00,S2_Rev,1977.427,5,9887.135,197.74,2.00,203.62,2.06,-60.63,-0.61,3353.05,33.53
271,Exit long,2023-12-04 23:30,LX_SL,2029.618,4.8,9840.5808,-98.41,-1.00,15.54,0.16,-117.24,-1.19,3254.63,32.55
271,Entry long,2023-12-04 23:00,S2_Rev,2050.121,4.8,9840.5808,-98.41,-1.00,15.54,0.16,-117.24,-1.19,3254.63,32.55
272,Exit long,2023-12-05 23:30,LX_SL,2010.564,4.9,9951.2826,-99.52,-1.00,50.79,0.51,-99.52,-1.00,3155.12,31.55
272,Entry long,2023-12-05 04:00,S2_Rev,2030.874,4.9,9951.2826,-99.52,-1.00,50.79,0.51,-99.52,-1.00,3155.12,31.55
273,Exit long,2023-12-11 15:30,LX_SL,1993.432,4.9,9866.4881,-98.67,-1.00,3.7,0.04,-98.67,-1.00,3056.44,30.56
273,Entry long,2023-12-08 23:30,S2_Rev,2013.569,4.9,9866.4881,-98.67,-1.00,3.7,0.04,-98.67,-1.00,3056.44,30.56
274,Exit long,2023-12-12 01:30,LX_SL,1976.96,5,9984.655,-99.85,-1.00,4.2,0.04,-99.85,-1.00,2956.59,29.57
274,Entry long,2023-12-11 16:30,S2_Rev,1996.931,5,9984.655,-99.85,-1.00,4.2,0.04,-99.85,-1.00,2956.59,29.57
275,Exit long,2023-12-14 21:30,LX_TP1,2028.999,5,9907.485,237.51,2.40,294.21,2.97,-44.48,-0.45,3194.1,31.94
275,Entry long,2023-12-12 03:00,S2_Rev,1981.497,5,9907.485,237.51,2.40,294.21,2.97,-44.48,-0.45,3194.1,31.94
276,Exit long,2023-12-22 19:30,LX_TP1,2061.024,4.9,9901.0037,198.01,2.00,207.5,2.10,-24.07,-0.24,3392.11,33.92
276,Entry long,2023-12-16 04:30,S2_Rev,2020.613,4.9,9901.0037,198.01,2.00,207.5,2.10,-24.07,-0.24,3392.11,33.92
277,Exit long,2024-01-03 20:00,LX_SL,2045.748,4.8,9918.7872,-99.2,-1.00,59.93,0.60,-99.2,-1.00,3292.92,32.93
277,Entry long,2023-12-29 07:30,S2_Rev,2066.414,4.8,9918.7872,-99.2,-1.00,59.93,0.60,-99.2,-1.00,3292.92,32.93
278,Exit long,2024-01-12 00:30,LX_SL,2015.115,4.9,9973.8079,-99.74,-1.00,139.69,1.40,-99.74,-1.00,3193.17,31.93
278,Entry long,2024-01-04 03:00,S2_Rev,2035.471,4.9,9973.8079,-99.74,-1.00,139.69,1.40,-99.74,-1.00,3193.17,31.93
279,Exit long,2024-01-12 22:30,LX_TP1,2057.34,4.9,9883.3049,197.66,2.00,206.92,2.09,-0.49,-0.01,3390.83,33.91
279,Entry long,2024-01-12 03:00,S2_Rev,2017.001,4.9,9883.3049,197.66,2.00,206.92,2.09,-0.49,-0.01,3390.83,33.91
280,Exit long,2024-01-17 14:30,LX_SL,2017.208,4.9,9984.1665,-99.85,-1.00,25.06,0.25,-99.85,-1.00,3290.99,32.91
280,Entry long,2024-01-16 22:00,S2_Rev,2037.585,4.9,9984.1665,-99.85,-1.00,25.06,0.25,-99.85,-1.00,3290.99,32.91
281,Exit long,2024-02-02 01:30,LX_TP1,2059.614,4.9,9894.2319,197.88,2.00,227.21,2.30,-86.39,-0.87,3488.86,34.89
281,Entry long,2024-01-17 15:00,S2_Rev,2019.231,4.9,9894.2319,197.88,2.00,227.21,2.30,-86.39,-0.87,3488.86,34.89
282,Exit long,2024-02-05 21:30,LX_SL,2014.603,4.9,9971.2746,-99.72,-1.00,35.6,0.36,-99.72,-1.00,3389.14,33.89
282,Entry long,2024-02-03 00:00,S2_Rev,2034.954,4.9,9971.2746,-99.72,-1.00,35.6,0.36,-99.72,-1.00,3389.14,33.89
283,Exit long,2024-02-13 22:30,LX_SL,1997.172,4.9,9885.0003,-98.86,-1.00,133.29,1.35,-98.86,-1.00,3290.29,32.90
283,Entry long,2024-02-05 22:30,S2_Rev,2017.347,4.9,9885.0003,-98.86,-1.00,133.29,1.35,-98.86,-1.00,3290.29,32.90
284,Exit long,2024-02-22 16:30,LX_TP1,2032.598,5,9963.725,199.27,2.00,210.58,2.11,-43.28,-0.43,3489.55,34.90
284,Entry long,2024-02-14 10:00,S2_Rev,1992.745,5,9963.725,199.27,2.00,210.58,2.11,-43.28,-0.43,3489.55,34.90
285,Exit long,2024-03-05 09:00,LX_TP2,2112.999,4.9,9914.2925,439.4,4.43,473.17,4.77,-36.11,-0.36,3928.95,39.29
285,Entry long,2024-02-23 00:00,S2_Rev,2023.325,4.9,9914.2925,439.4,4.43,473.17,4.77,-36.11,-0.36,3928.95,39.29
286,Exit long,2024-03-21 06:30,LX_TP1,2206.239,4.6,9949.7126,198.99,2.00,275.67,2.77,-79.49,-0.80,4127.94,41.28
286,Entry long,2024-03-13 00:00,S2_Rev,2162.981,4.6,9949.7126,198.99,2.00,275.67,2.77,-79.49,-0.80,4127.94,41.28
287,Exit long,2024-03-29 01:00,LX_TP1,2218.065,4.5,9785.5875,195.71,2.00,229.23,2.34,-80.44,-0.82,4323.64,43.24
287,Entry long,2024-03-22 00:00,S2_Rev,2174.575,4.5,9785.5875,195.71,2.00,229.23,2.34,-80.44,-0.82,4323.64,43.24
288,Exit long,2024-04-12 23:30,LX_TP1,2382.662,4.2,9802.3464,204.83,2.09,411.13,4.19,-34.86,-0.36,4528.48,45.28
288,Entry long,2024-04-10 22:00,S2_Rev,2333.892,4.2,9802.3464,204.83,2.09,411.13,4.19,-34.86,-0.36,4528.48,45.28
289,Exit long,2024-04-15 22:00,LX_SL,2329.416,4.2,9882.3774,-98.83,-1.00,83.26,0.84,-98.83,-1.00,4429.65,44.30
289,Entry long,2024-04-15 06:00,S2_Rev,2352.947,4.2,9882.3774,-98.83,-1.00,83.26,0.84,-98.83,-1.00,4429.65,44.30
290,Exit long,2024-04-17 01:00,LX_TP1,2396.378,4.2,9867.4464,197.34,2.00,205.08,2.08,-29.05,-0.29,4626.99,46.27
290,Entry long,2024-04-15 23:00,S2_Rev,2349.392,4.2,9867.4464,197.34,2.00,205.08,2.08,-29.05,-0.29,4626.99,46.27
291,Exit long,2024-04-22 19:00,LX_SL,2341.044,4.2,9931.7064,-99.32,-1.00,223.43,2.25,-99.32,-1.00,4527.67,45.28
291,Entry long,2024-04-18 06:30,S2_Rev,2364.692,4.2,9931.7064,-99.32,-1.00,223.43,2.25,-99.32,-1.00,4527.67,45.28
292,Exit long,2024-04-23 09:30,LX_SL,2323.173,4.2,9855.8922,-98.57,-1.00,15.79,0.16,-98.57,-1.00,4429.1,44.29
292,Entry long,2024-04-22 20:30,S2_Rev,2346.641,4.2,9855.8922,-98.57,-1.00,15.79,0.16,-98.57,-1.00,4429.1,44.29
293,Exit long,2024-05-01 03:30,LX_SL,2289.018,4.3,9942.2063,-99.43,-1.00,173.76,1.75,-99.43,-1.00,4329.67,43.30
293,Entry long,2024-04-23 10:30,S2_Rev,2312.141,4.3,9942.2063,-99.43,-1.00,173.76,1.75,-99.43,-1.00,4329.67,43.30
294,Exit long,2024-05-10 03:00,LX_TP1,2336.565,4.3,9850.2293,197,2.00,206.62,2.10,-58.79,-0.60,4526.67,45.27
294,Entry long,2024-05-01 06:30,S2_Rev,2290.751,4.3,9850.2293,197,2.00,206.62,2.10,-58.79,-0.60,4526.67,45.27
295,Exit long,2024-05-17 21:30,LX_TP1,2396.95,4.2,9869.7984,197.39,2.00,231.79,2.35,-75.46,-0.76,4724.06,47.24
295,Entry long,2024-05-13 15:30,S2_Rev,2349.952,4.2,9869.7984,197.39,2.00,231.79,2.35,-75.46,-0.76,4724.06,47.24
296,Exit long,2024-05-23 13:30,LX_SL,2365.921,4.1,9798.2661,-97.99,-1.00,21.6,0.22,-97.99,-1.00,4626.08,46.26
296,Entry long,2024-05-22 23:30,S2_Rev,2389.821,4.1,9798.2661,-97.99,-1.00,21.6,0.22,-97.99,-1.00,4626.08,46.26
297,Exit long,2024-05-23 22:30,LX_SL,2342.946,4.2,9939.7788,-99.41,-1.00,14.05,0.14,-99.41,-1.00,4526.67,45.27
297,Entry long,2024-05-23 14:30,S2_Rev,2366.614,4.2,9939.7788,-99.41,-1.00,14.05,0.14,-99.41,-1.00,4526.67,45.27
298,Exit long,2024-05-30 13:30,LX_SL,2322.557,4.2,9853.2798,-98.54,-1.00,76.02,0.77,-98.54,-1.00,4428.13,44.28
298,Entry long,2024-05-24 00:00,S2_Rev,2346.019,4.2,9853.2798,-98.54,-1.00,76.02,0.77,-98.54,-1.00,4428.13,44.28
299,Exit long,2024-06-06 23:30,LX_TP1,2374.629,4.2,9778.1292,195.31,2.00,196.7,2.01,-57.65,-0.59,4623.44,46.23
299,Entry long,2024-05-30 14:30,S2_Rev,2328.126,4.2,9778.1292,195.31,2.00,196.7,2.01,-57.65,-0.59,4623.44,46.23
300,Exit long,2024-06-08 03:30,LX_SL,2288.058,4.3,9938.0353,-99.39,-1.00,14.49,0.15,-99.39,-1.00,4524.06,45.24
300,Entry long,2024-06-08 00:30,S2_Rev,2311.171,4.3,9938.0353,-99.39,-1.00,14.49,0.15,-99.39,-1.00,4524.06,45.24
301,Exit long,2024-06-20 14:30,LX_TP1,2343.21,4.3,9878.2438,197.56,2.00,208.27,2.11,-42.85,-0.43,4721.61,47.22
301,Entry long,2024-06-10 07:00,S2_Rev,2297.266,4.3,9878.2438,197.56,2.00,208.27,2.11,-42.85,-0.43,4721.61,47.22
302,Exit long,2024-06-26 21:00,LX_SL,2297.615,4.3,9979.5475,-99.8,-1.00,70.07,0.70,-99.8,-1.00,4621.81,46.22
302,Entry long,2024-06-24 09:00,S2_Rev,2320.825,4.3,9979.5475,-99.8,-1.00,70.07,0.70,-99.8,-1.00,4621.81,46.22
303,Exit long,2024-07-11 21:00,LX_TP1,2405.812,4.2,9906.2922,198.12,2.00,214.78,2.17,-40.07,-0.40,4819.93,48.20
303,Entry long,2024-07-09 01:00,S2_Rev,2358.641,4.2,9906.2922,198.12,2.00,214.78,2.17,-40.07,-0.40,4819.93,48.20
304,Exit long,2024-07-19 14:00,LX_SL,2419.777,4,9776.884,-97.78,-1.00,13,0.13,-97.78,-1.00,4722.15,47.22
304,Entry long,2024-07-19 06:00,S2_Rev,2444.221,4,9776.884,-97.78,-1.00,13,0.13,-97.78,-1.00,4722.15,47.22
305,Exit long,2024-07-19 21:00,LX_SL,2395.691,4.1,9921.5531,-99.22,-1.00,9.63,0.10,-99.22,-1.00,4622.93,46.23
305,Entry long,2024-07-19 15:00,S2_Rev,2419.891,4.1,9921.5531,-99.22,-1.00,9.63,0.10,-99.22,-1.00,4622.93,46.23
306,Exit long,2024-07-25 09:30,LX_SL,2379.752,4.1,9855.5431,-98.56,-1.00,115.7,1.17,-98.56,-1.00,4524.37,45.24
306,Entry long,2024-07-19 22:00,S2_Rev,2403.791,4.1,9855.5431,-98.56,-1.00,115.7,1.17,-98.56,-1.00,4524.37,45.24
307,Exit long,2024-07-31 22:00,LX_TP1,2423.826,4.2,9980.4642,199.61,2.00,221.5,2.22,-98.7,-0.99,4723.98,47.24
307,Entry long,2024-07-25 14:00,S2_Rev,2376.301,4.2,9980.4642,199.61,2.00,221.5,2.22,-98.7,-0.99,4723.98,47.24
308,Exit long,2024-08-05 18:30,LX_SL,2408.828,4.1,9975.9601,-99.77,-1.00,105.3,1.06,-99.77,-1.00,4624.21,46.24
308,Entry long,2024-08-03 00:00,S2_Rev,2433.161,4.1,9975.9601,-99.77,-1.00,105.3,1.06,-99.77,-1.00,4624.21,46.24
309,Exit long,2024-08-10 01:00,LX_TP1,2433.648,4.1,9782.3171,195.64,2.00,205.12,2.10,-28.96,-0.30,4819.85,48.20
309,Entry long,2024-08-05 21:30,S2_Rev,2385.931,4.1,9782.3171,195.64,2.00,205.12,2.10,-28.96,-0.30,4819.85,48.20
310,Exit long,2024-08-15 21:00,LX_SL,2432.915,4,9829.964,-98.3,-1.00,50.16,0.51,-98.3,-1.00,4721.55,47.22
310,Entry long,2024-08-14 22:00,S2_Rev,2457.491,4,9829.964,-98.3,-1.00,50.16,0.51,-98.3,-1.00,4721.55,47.22
311,Exit long,2024-09-14 00:30,LX_TP2,2581.134,4,9927.444,397.09,4.00,413.68,4.17,-41.44,-0.42,5118.64,51.19
311,Entry long,2024-08-23 00:00,S2_Rev,2481.861,4,9927.444,397.09,4.00,413.68,4.17,-41.44,-0.42,5118.64,51.19
312,Exit long,2024-10-01 02:00,LX_SL,2627.323,3.7,9819.2931,-98.2,-1.00,44.87,0.46,-98.2,-1.00,5020.44,50.20
312,Entry long,2024-09-27 23:30,S2_Rev,2653.863,3.7,9819.2931,-98.2,-1.00,44.87,0.46,-98.2,-1.00,5020.44,50.20
313,Exit long,2024-10-08 23:00,LX_SL,2618.637,3.7,9786.8293,-97.87,-1.00,92.69,0.95,-97.87,-1.00,4922.57,49.23
313,Entry long,2024-10-03 17:00,S2_Rev,2645.089,3.7,9786.8293,-97.87,-1.00,92.69,0.95,-97.87,-1.00,4922.57,49.23
314,Exit long,2024-10-16 14:00,LX_TP1,2668.671,3.8,9942.1148,198.84,2.00,206.13,2.07,-55.24,-0.56,5121.41,51.21
314,Entry long,2024-10-09 01:30,S2_Rev,2616.346,3.8,9942.1148,198.84,2.00,206.13,2.07,-55.24,-0.56,5121.41,51.21
315,Exit long,2024-10-30 10:30,LX_TP1,2776.088,3.6,9797.9616,195.96,2.00,217.74,2.22,-35.24,-0.36,5317.36,53.17
315,Entry long,2024-10-24 00:00,S2_Rev,2721.656,3.6,9797.9616,195.96,2.00,217.74,2.22,-35.24,-0.36,5317.36,53.17
316,Exit long,2024-11-06 14:00,LX_SL,2719.419,3.6,9888.8004,-98.89,-1.00,55.23,0.56,-98.89,-1.00,5218.47,52.18
316,Entry long,2024-11-01 03:00,S2_Rev,2746.889,3.6,9888.8004,-98.89,-1.00,55.23,0.56,-98.89,-1.00,5218.47,52.18
317,Exit long,2024-11-06 19:30,LX_SL,2698.269,3.6,9811.8936,-98.13,-1.00,29.61,0.30,-98.13,-1.00,5120.34,51.20
317,Entry long,2024-11-06 15:30,S2_Rev,2725.526,3.6,9811.8936,-98.13,-1.00,29.61,0.30,-98.13,-1.00,5120.34,51.20
318,Exit long,2024-11-06 21:30,LX_SL,2673.282,3.7,9991.0582,-99.91,-1.00,10.74,0.11,-99.91,-1.00,5020.43,50.20
318,Entry long,2024-11-06 20:30,S2_Rev,2700.286,3.7,9991.0582,-99.91,-1.00,10.74,0.11,-99.91,-1.00,5020.43,50.20
319,Exit long,2024-11-07 09:00,LX_SL,2649.022,3.7,9900.3897,-99.01,-1.00,9.02,0.09,-99.01,-1.00,4921.42,49.21
319,Entry long,2024-11-07 00:00,S2_Rev,2675.781,3.7,9900.3897,-99.01,-1.00,9.02,0.09,-99.01,-1.00,4921.42,49.21
320,Exit long,2024-11-08 04:30,LX_TP1,2706.656,3.7,9818.2682,196.36,2.00,210.99,2.15,-9.4,-0.10,5117.78,51.18
320,Entry long,2024-11-07 10:30,S2_Rev,2653.586,3.7,9818.2682,196.36,2.00,210.99,2.15,-9.4,-0.10,5117.78,51.18
321,Exit long,2024-11-11 21:30,LX_SL,2643.497,3.7,9879.7437,-98.8,-1.00,19.01,0.19,-98.8,-1.00,5018.98,50.19
321,Entry long,2024-11-11 12:00,S2_Rev,2670.201,3.7,9879.7437,-98.8,-1.00,19.01,0.19,-98.8,-1.00,5018.98,50.19
322,Exit long,2024-11-12 15:30,LX_SL,2595.927,3.8,9964.17,-99.65,-1.00,18.96,0.19,-99.65,-1.00,4919.33,49.19
322,Entry long,2024-11-12 04:30,S2_Rev,2622.15,3.8,9964.17,-99.65,-1.00,18.96,0.19,-99.65,-1.00,4919.33,49.19
323,Exit long,2024-11-14 07:30,LX_SL,2570.652,3.8,9867.156,-98.68,-1.00,84.44,0.86,-98.68,-1.00,4820.65,48.21
323,Entry long,2024-11-12 19:00,S2_Rev,2596.62,3.8,9867.156,-98.68,-1.00,84.44,0.86,-98.68,-1.00,4820.65,48.21
324,Exit long,2024-11-19 00:00,LX_TP1,2612.689,3.9,9989.6979,199.79,2.00,202.48,2.03,-96.71,-0.97,5020.44,50.20
324,Entry long,2024-11-14 11:30,S2_Rev,2561.461,3.9,9989.6979,199.79,2.00,202.48,2.03,-96.71,-0.97,5020.44,50.20
325,Exit long,2024-11-25 22:00,LX_SL,2643.557,3.7,9879.9657,-98.8,-1.00,68.41,0.69,-98.8,-1.00,4921.63,49.22
325,Entry long,2024-11-25 16:30,S2_Rev,2670.261,3.7,9879.9657,-98.8,-1.00,68.41,0.69,-98.8,-1.00,4921.63,49.22
326,Exit long,2024-12-11 12:30,LX_TP1,2684.384,3.8,9977.4168,223.24,2.24,299.12,3.00,-78.09,-0.78,5144.88,51.45
326,Entry long,2024-11-26 04:00,S2_Rev,2625.636,3.8,9977.4168,223.24,2.24,299.12,3.00,-78.09,-0.78,5144.88,51.45
327,Exit long,2024-12-13 22:00,LX_SL,2659.356,3.7,9939.014,-99.4,-1.00,24.2,0.24,-99.4,-1.00,5045.48,50.45
327,Entry long,2024-12-13 02:00,S2_Rev,2686.22,3.7,9939.014,-99.4,-1.00,24.2,0.24,-99.4,-1.00,5045.48,50.45
328,Exit long,2024-12-17 22:00,LX_SL,2633.157,3.7,9841.0972,-98.42,-1.00,17.7,0.18,-98.42,-1.00,4947.06,49.47
328,Entry long,2024-12-14 00:00,S2_Rev,2659.756,3.7,9841.0972,-98.42,-1.00,17.7,0.18,-98.42,-1.00,4947.06,49.47
329,Exit long,2025-01-03 00:30,LX_TP1,2656.355,3.8,9896.2298,197.92,2.00,204.17,2.06,-66.33,-0.67,5144.98,51.45
329,Entry long,2024-12-19 09:30,S2_Rev,2604.271,3.8,9896.2298,197.92,2.00,204.17,2.06,-66.33,-0.67,5144.98,51.45
330,Exit long,2025-01-06 22:00,LX_SL,2617.456,3.7,9782.4152,-97.83,-1.00,20.55,0.21,-97.83,-1.00,5047.15,50.47
330,Entry long,2025-01-04 00:00,S2_Rev,2643.896,3.7,9782.4152,-97.83,-1.00,20.55,0.21,-97.83,-1.00,5047.15,50.47
331,Exit long,2025-01-21 11:00,LX_TP1,2724.412,3.7,9882.6778,197.65,2.00,207.19,2.10,-53.2,-0.54,5244.8,52.45
331,Entry long,2025-01-13 21:00,S2_Rev,2670.994,3.7,9882.6778,197.65,2.00,207.19,2.10,-53.2,-0.54,5244.8,52.45
332,Exit long,2025-01-28 00:30,LX_SL,2733.488,3.6,9939.9636,-99.41,-1.00,39.38,0.40,-99.41,-1.00,5145.39,51.45
332,Entry long,2025-01-27 11:30,S2_Rev,2761.101,3.6,9939.9636,-99.41,-1.00,39.38,0.40,-99.41,-1.00,5145.39,51.45
333,Exit long,2025-01-31 00:00,LX_TP1,2791.423,3.6,9852.0876,197.04,2.00,222.69,2.26,-8.23,-0.08,5342.43,53.42
333,Entry long,2025-01-28 02:30,S2_Rev,2736.691,3.6,9852.0876,197.04,2.00,222.69,2.26,-8.23,-0.08,5342.43,53.42
334,Exit long,2025-02-04 21:30,LX_TP1,2834.812,3.5,9727.3015,194.54,2.00,202.62,2.08,-8.48,-0.09,5536.97,55.37
334,Entry long,2025-02-03 12:30,S2_Rev,2779.229,3.5,9727.3015,194.54,2.00,202.62,2.08,-8.48,-0.09,5536.97,55.37
335,Exit long,2025-02-10 18:00,LX_TP1,2901.685,3.5,9956.7685,199.13,2.00,204.68,2.06,-3.31,-0.03,5736.1,57.36
335,Entry long,2025-02-06 23:30,S2_Rev,2844.791,3.5,9956.7685,199.13,2.00,204.68,2.06,-3.31,-0.03,5736.1,57.36
336,Exit long,2025-02-19 19:30,LX_TP1,2940.088,3.4,9800.2994,196,2.00,219.47,2.24,-3.34,-0.03,5932.1,59.32
336,Entry long,2025-02-17 08:30,S2_Rev,2882.441,3.4,9800.2994,196,2.00,219.47,2.24,-3.34,-0.03,5932.1,59.32
337,Exit long,2025-02-27 17:00,LX_SL,2878.434,3.4,9885.5374,-98.86,-1.00,76.82,0.78,-98.86,-1.00,5833.24,58.33
337,Entry long,2025-02-26 02:00,S2_Rev,2907.511,3.4,9885.5374,-98.86,-1.00,76.82,0.78,-98.86,-1.00,5833.24,58.33
338,Exit long,2025-02-28 12:00,LX_SL,2861.971,3.4,9828.9954,-98.29,-1.00,14.13,0.14,-98.29,-1.00,5734.94,57.35
338,Entry long,2025-02-27 17:30,S2_Rev,2890.881,3.4,9828.9954,-98.29,-1.00,14.13,0.14,-98.29,-1.00,5734.94,57.35
339,Exit long,2025-02-28 22:30,LX_SL,2834.665,3.4,9735.2166,-97.36,-1.00,12.86,0.13,-97.36,-1.00,5637.59,56.38
339,Entry long,2025-02-28 13:00,S2_Rev,2863.299,3.4,9735.2166,-97.36,-1.00,12.86,0.13,-97.36,-1.00,5637.59,56.38
340,Exit long,2025-03-04 15:30,LX_TP1,2899.227,3.5,9948.3335,198.96,2.00,207.3,2.08,-15.47,-0.16,5836.55,58.37
340,Entry long,2025-02-28 23:30,S2_Rev,2842.381,3.5,9948.3335,198.96,2.00,207.3,2.08,-15.47,-0.16,5836.55,58.37
341,Exit long,2025-03-14 23:00,LX_TP1,2980.739,3.4,9858.0994,276.41,2.80,358.7,3.64,-66.1,-0.67,6112.96,61.13
341,Entry long,2025-03-06 18:30,S2_Rev,2899.441,3.4,9858.0994,276.41,2.80,358.7,3.64,-66.1,-0.67,6112.96,61.13
342,Exit long,2025-03-31 06:30,LX_TP1,3088.565,3.3,9992.4198,199.84,2.00,230.32,2.30,-94.84,-0.95,6312.81,63.13
342,Entry long,2025-03-21 14:00,S2_Rev,3028.006,3.3,9992.4198,199.84,2.00,230.32,2.30,-94.84,-0.95,6312.81,63.13
343,Exit long,2025-04-03 20:00,LX_SL,3082.749,3.2,9964.4448,-99.65,-1.00,172.32,1.73,-99.65,-1.00,6213.16,62.13
343,Entry long,2025-04-02 01:30,S2_Rev,3113.889,3.2,9964.4448,-99.65,-1.00,172.32,1.73,-99.65,-1.00,6213.16,62.13
344,Exit long,2025-04-04 22:00,LX_SL,3054.6,3.2,9873.4592,-98.74,-1.00,164.4,1.67,-98.74,-1.00,6114.42,61.14
344,Entry long,2025-04-03 22:00,S2_Rev,3085.456,3.2,9873.4592,-98.74,-1.00,164.4,1.67,-98.74,-1.00,6114.42,61.14
345,Exit long,2025-04-07 06:00,LX_SL,3000.13,3.2,9697.3952,-96.98,-1.00,33.84,0.35,-96.98,-1.00,6017.44,60.17
345,Entry long,2025-04-05 00:30,S2_Rev,3030.436,3.2,9697.3952,-96.98,-1.00,33.84,0.35,-96.98,-1.00,6017.44,60.17
346,Exit long,2025-04-08 01:00,LX_SL,2969.708,3.3,9899.0331,-99,-1.00,184.78,1.87,-99,-1.00,5918.44,59.18
346,Entry long,2025-04-07 08:00,S2_Rev,2999.707,3.3,9899.0331,-99,-1.00,184.78,1.87,-99,-1.00,5918.44,59.18
347,Exit long,2025-04-09 14:30,LX_TP1,3029.344,3.3,9800.8251,196.01,2.00,209.16,2.13,-20.14,-0.21,6114.45,61.14
347,Entry long,2025-04-08 02:00,S2_Rev,2969.947,3.3,9800.8251,196.01,2.00,209.16,2.13,-20.14,-0.21,6114.45,61.14
348,Exit long,2025-04-22 06:30,LX_TP2,3430.044,3,9894.363,395.77,4.00,413.55,4.18,-14.72,-0.15,6510.22,65.10
348,Entry long,2025-04-17 23:30,S2_Rev,3298.121,3,9894.363,395.77,4.00,413.55,4.18,-14.72,-0.15,6510.22,65.10
349,Exit long,2025-04-23 14:30,LX_SL,3306.233,2.9,9684.9299,-96.85,-1.00,136.33,1.41,-96.85,-1.00,6413.37,64.13
349,Entry long,2025-04-23 07:30,S2_Rev,3339.631,2.9,9684.9299,-96.85,-1.00,136.33,1.41,-96.85,-1.00,6413.37,64.13
350,Exit long,2025-04-25 21:00,LX_SL,3271.405,3,9913.353,-99.14,-1.00,30.45,0.31,-99.14,-1.00,6314.23,63.14
350,Entry long,2025-04-25 15:00,S2_Rev,3304.451,3,9913.353,-99.14,-1.00,30.45,0.31,-99.14,-1.00,6314.23,63.14
351,Exit long,2025-04-29 02:30,LX_TP1,3346.777,3,9843.465,196.87,2.00,206.63,2.10,-40.17,-0.41,6511.1,65.11
351,Entry long,2025-04-25 22:00,S2_Rev,3281.155,3,9843.465,196.87,2.00,206.63,2.10,-40.17,-0.41,6511.1,65.11
352,Exit long,2025-05-01 08:00,LX_SL,3247.615,3,9841.263,-98.42,-1.00,118.29,1.20,-98.42,-1.00,6412.68,64.13
352,Entry long,2025-04-30 19:30,S2_Rev,3280.421,3,9841.263,-98.42,-1.00,118.29,1.20,-98.42,-1.00,6412.68,64.13
353,Exit long,2025-05-01 19:30,LX_SL,3205.659,3,9714.123,-97.15,-1.00,15.39,0.16,-97.15,-1.00,6315.53,63.16
353,Entry long,2025-05-01 14:00,S2_Rev,3238.041,3,9714.123,-97.15,-1.00,15.39,0.16,-97.15,-1.00,6315.53,63.16
354,Exit long,2025-05-07 06:00,LX_TP2,3385.064,3.1,9980.0501,513.65,5.15,680.15,6.82,-45.59,-0.46,6829.18,68.29
354,Entry long,2025-05-01 20:30,S2_Rev,3219.371,3.1,9980.0501,513.65,5.15,680.15,6.82,-45.59,-0.46,6829.18,68.29
355,Exit long,2025-05-09 00:00,LX_SL,3304.877,2.9,9680.9569,-96.81,-1.00,90.48,0.93,-96.81,-1.00,6732.37,67.32
355,Entry long,2025-05-08 15:30,S2_Rev,3338.261,2.9,9680.9569,-96.81,-1.00,90.48,0.93,-96.81,-1.00,6732.37,67.32
356,Exit long,2025-05-09 10:00,LX_SL,3275.127,3,9924.633,-99.25,-1.00,47.17,0.48,-99.25,-1.00,6633.11,66.33
356,Entry long,2025-05-09 02:00,S2_Rev,3308.211,3,9924.633,-99.25,-1.00,47.17,0.48,-99.25,-1.00,6633.11,66.33
357,Exit long,2025-05-12 15:00,LX_SL,3252.803,3,9856.983,-98.57,-1.00,12.96,0.13,-98.57,-1.00,6534.54,65.35
357,Entry long,2025-05-12 07:30,S2_Rev,3285.661,3,9856.983,-98.57,-1.00,12.96,0.13,-98.57,-1.00,6534.54,65.35
358,Exit long,2025-05-14 20:30,LX_SL,3188.69,3.1,9984.7931,-99.85,-1.00,138.29,1.38,-99.85,-1.00,6434.69,64.35
358,Entry long,2025-05-12 19:30,S2_Rev,3220.901,3.1,9984.7931,-99.85,-1.00,138.29,1.38,-99.85,-1.00,6434.69,64.35
359,Exit long,2025-05-15 10:30,LX_SL,3156.352,3.1,9883.5316,-98.84,-1.00,13.93,0.14,-98.84,-1.00,6335.85,63.36
359,Entry long,2025-05-15 01:00,S2_Rev,3188.236,3.1,9883.5316,-98.84,-1.00,13.93,0.14,-98.84,-1.00,6335.85,63.36
360,Exit long,2025-05-15 22:30,LX_TP1,3203.269,3.1,9735.4291,194.7,2.00,206.64,2.12,-31.79,-0.33,6530.55,65.31
360,Entry long,2025-05-15 14:30,S2_Rev,3140.461,3.1,9735.4291,194.7,2.00,206.64,2.12,-31.79,-0.33,6530.55,65.31
361,Exit long,2025-05-19 07:00,LX_TP1,3237.592,3.1,9839.7441,196.79,2.00,206.53,2.10,-26.4,-0.27,6727.34,67.27
361,Entry long,2025-05-16 20:30,S2_Rev,3174.111,3.1,9839.7441,196.79,2.00,206.53,2.10,-26.4,-0.27,6727.34,67.27
362,Exit long,2025-05-20 22:30,LX_TP1,3276.811,3.1,9958.9391,199.18,2.00,227.13,2.28,-18,-0.18,6926.52,69.27
362,Entry long,2025-05-20 11:30,S2_Rev,3212.561,3.1,9958.9391,199.18,2.00,227.13,2.28,-18,-0.18,6926.52,69.27
363,Exit long,2025-05-24 00:00,LX_TP1,3360.628,3,9884.205,197.68,2.00,209.84,2.12,-47.84,-0.48,7124.2,71.24
363,Entry long,2025-05-22 19:30,S2_Rev,3294.735,3,9884.205,197.68,2.00,209.84,2.12,-47.84,-0.48,7124.2,71.24
364,Exit long,2025-05-29 07:00,LX_SL,3273.963,3,9921.105,-99.22,-1.00,55.43,0.56,-99.22,-1.00,7024.98,70.25
364,Entry long,2025-05-27 16:30,S2_Rev,3307.035,3,9921.105,-99.22,-1.00,55.43,0.56,-99.22,-1.00,7024.98,70.25
365,Exit long,2025-06-03 11:30,LX_TP1,3362.994,3,9790.593,298.39,3.05,385.71,3.94,-8.74,-0.09,7323.37,73.23
365,Entry long,2025-05-29 10:00,S2_Rev,3263.531,3,9790.593,298.39,3.05,385.71,3.94,-8.74,-0.09,7323.37,73.23
366,Exit long,2025-06-07 02:00,LX_SL,3314.45,2.9,9708.9999,-97.09,-1.00,80.36,0.83,-97.09,-1.00,7226.27,72.26
366,Entry long,2025-06-06 00:30,S2_Rev,3347.931,2.9,9708.9999,-97.09,-1.00,80.36,0.83,-97.09,-1.00,7226.27,72.26
367,Exit long,2025-06-12 21:00,LX_TP1,3384.4,3,9954.123,199.08,2.00,227.46,2.29,-74.53,-0.75,7425.35,74.25
367,Entry long,2025-06-09 06:30,S2_Rev,3318.041,3,9954.123,199.08,2.00,227.46,2.29,-74.53,-0.75,7425.35,74.25
368,Exit long,2025-06-19 03:30,LX_SL,3362.923,2.9,9850.9897,-98.51,-1.00,25.95,0.26,-98.51,-1.00,7326.84,73.27
368,Entry long,2025-06-16 23:00,S2_Rev,3396.893,2.9,9850.9897,-98.51,-1.00,25.95,0.26,-98.51,-1.00,7326.84,73.27
369,Exit long,2025-06-24 14:00,LX_SL,3323.816,2.9,9736.4339,-97.37,-1.00,118.78,1.22,-97.37,-1.00,7229.47,72.29
369,Entry long,2025-06-19 15:00,S2_Rev,3357.391,2.9,9736.4339,-97.37,-1.00,118.78,1.22,-97.37,-1.00,7229.47,72.29
370,Exit long,2025-06-24 21:30,LX_SL,3296.306,3,9988.812,-99.89,-1.00,8.45,0.08,-99.89,-1.00,7129.58,71.30
370,Entry long,2025-06-24 16:00,S2_Rev,3329.604,3,9988.812,-99.89,-1.00,8.45,0.08,-99.89,-1.00,7129.58,71.30
371,Exit long,2025-06-27 19:30,LX_SL,3279.058,3,9936.543,-99.37,-1.00,114.48,1.15,-99.37,-1.00,7030.21,70.30
371,Entry long,2025-06-24 23:30,S2_Rev,3312.181,3,9936.543,-99.37,-1.00,114.48,1.15,-99.37,-1.00,7030.21,70.30
372,Exit long,2025-07-01 23:00,LX_TP1,3339.867,3,9823.143,196.46,2.00,250.92,2.55,-83.49,-0.85,7226.67,72.27
372,Entry long,2025-06-27 22:00,S2_Rev,3274.381,3,9823.143,196.46,2.00,250.92,2.55,-83.49,-0.85,7226.67,72.27
373,Exit long,2025-07-07 18:30,LX_SL,3298.877,3,9996.603,-99.97,-1.00,38.67,0.39,-99.97,-1.00,7126.69,71.27
373,Entry long,2025-07-03 21:30,S2_Rev,3332.201,3,9996.603,-99.97,-1.00,38.67,0.39,-99.97,-1.00,7126.69,71.27
374,Exit long,2025-07-14 15:30,LX_TP1,3374.068,3,9923.733,198.47,2.00,201.15,2.03,-76.46,-0.77,7325.16,73.25
374,Entry long,2025-07-09 01:30,S2_Rev,3307.911,3,9923.733,198.47,2.00,201.15,2.03,-76.46,-0.77,7325.16,73.25
375,Exit long,2025-07-21 23:00,LX_TP1,3395.807,3,9987.672,199.75,2.00,216.71,2.17,-58.95,-0.59,7524.91,75.25
375,Entry long,2025-07-16 01:00,S2_Rev,3329.224,3,9987.672,199.75,2.00,216.71,2.17,-58.95,-0.59,7524.91,75.25
376,Exit long,2025-07-24 20:00,LX_SL,3359.25,2.9,9840.2307,-98.41,-1.00,8.31,0.08,-98.41,-1.00,7426.51,74.27
376,Entry long,2025-07-24 02:00,S2_Rev,3393.183,2.9,9840.2307,-98.41,-1.00,8.31,0.08,-98.41,-1.00,7426.51,74.27
377,Exit long,2025-07-25 23:30,LX_SL,3325.677,2.9,9741.8859,-97.42,-1.00,52.72,0.54,-97.42,-1.00,7329.09,73.29
377,Entry long,2025-07-24 21:30,S2_Rev,3359.271,2.9,9741.8859,-97.42,-1.00,52.72,0.54,-97.42,-1.00,7329.09,73.29
378,Exit long,2025-07-30 21:30,LX_SL,3300.798,2.9,9669.0089,-96.69,-1.00,32.51,0.34,-96.69,-1.00,7232.39,72.32
378,Entry long,2025-07-26 01:30,S2_Rev,3334.141,2.9,9669.0089,-96.69,-1.00,32.51,0.34,-96.69,-1.00,7232.39,72.32
379,Exit long,2025-08-04 20:00,LX_TP1,3364.041,3,9894.243,197.88,2.00,220.26,2.23,-90.43,-0.91,7430.27,74.30
379,Entry long,2025-07-31 01:00,S2_Rev,3298.081,3,9894.243,197.88,2.00,220.26,2.23,-90.43,-0.91,7430.27,74.30
380,Exit long,2025-08-18 07:00,LX_SL,3326.919,2.9,9745.5254,-97.46,-1.00,140.69,1.44,-97.46,-1.00,7332.81,73.33
380,Entry long,2025-08-05 20:30,S2_Rev,3360.526,2.9,9745.5254,-97.46,-1.00,140.69,1.44,-97.46,-1.00,7332.81,73.33
381,Exit long,2025-08-27 00:00,LX_TP1,3385.191,3,9956.448,199.13,2.00,211.75,2.13,-22.68,-0.23,7531.94,75.32
381,Entry long,2025-08-20 02:30,S2_Rev,3318.816,3,9956.448,199.13,2.00,211.75,2.13,-22.68,-0.23,7531.94,75.32
382,Exit long,2025-09-09 22:30,LX_TP1,3636.374,2.8,9886.6348,295.21,2.99,402.75,4.07,-19.69,-0.20,7827.15,78.27
382,Entry long,2025-09-04 12:30,S2_Rev,3530.941,2.8,9886.6348,295.21,2.99,402.75,4.07,-19.69,-0.20,7827.15,78.27
383,Exit long,2025-09-23 17:30,LX_TP2,3779.786,2.7,9812.9097,392.51,4.00,423.01,4.31,-18.75,-0.19,8219.66,82.20
383,Entry long,2025-09-15 10:00,S2_Rev,3634.411,2.7,9812.9097,392.51,4.00,423.01,4.31,-18.75,-0.19,8219.66,82.20
384,Exit long,2025-09-29 13:00,LX_TP1,3804.661,2.6,9698.1586,193.96,2.00,205.06,2.11,-21.24,-0.22,8413.62,84.14
384,Entry long,2025-09-25 04:00,S2_Rev,3730.061,2.6,9698.1586,193.96,2.00,205.06,2.11,-21.24,-0.22,8413.62,84.14
385,Exit long,2025-10-01 19:30,LX_TP1,3880.233,2.6,9890.7926,197.81,2.00,237.07,2.40,-3.12,-0.03,8611.43,86.11
385,Entry long,2025-09-30 18:30,S2_Rev,3804.151,2.6,9890.7926,197.81,2.00,237.07,2.40,-3.12,-0.03,8611.43,86.11
386,Exit long,2025-10-07 15:00,LX_TP1,3953.547,2.6,9978.6206,300.6,3.01,362.75,3.64,-7.11,-0.07,8912.04,89.12
386,Entry long,2025-10-03 00:30,S2_Rev,3837.931,2.6,9978.6206,300.6,3.01,362.75,3.64,-7.11,-0.07,8912.04,89.12
387,Exit long,2025-10-10 00:30,LX_SL,3987.026,2.4,9665.5224,-96.66,-1.00,73.7,0.76,-96.66,-1.00,8815.38,88.15
387,Entry long,2025-10-09 08:30,S2_Rev,4027.301,2.4,9665.5224,-96.66,-1.00,73.7,0.76,-96.66,-1.00,8815.38,88.15
388,Exit long,2025-10-13 07:30,LX_TP1,4042.219,2.5,9907.4025,198.15,2.00,242.72,2.45,-40.93,-0.41,9013.52,90.14
388,Entry long,2025-10-10 02:30,S2_Rev,3962.961,2.5,9907.4025,198.15,2.00,242.72,2.45,-40.93,-0.41,9013.52,90.14
389,Exit long,2025-10-18 00:30,LX_SL,4206.148,2.3,9771.8628,-97.72,-1.00,24.71,0.25,-97.72,-1.00,8915.8,89.16
389,Entry long,2025-10-17 23:00,S2_Rev,4248.636,2.3,9771.8628,-97.72,-1.00,24.71,0.25,-97.72,-1.00,8915.8,89.16
390,Exit long,2025-10-20 21:30,LX_TP1,4305.06,2.3,9707.4927,194.15,2.00,245.1,2.52,-19.36,-0.20,9109.94,91.10
390,Entry long,2025-10-18 02:00,S2_Rev,4220.649,2.3,9707.4927,194.15,2.00,245.1,2.52,-19.36,-0.20,9109.94,91.10
391,Exit long,2025-10-21 20:00,LX_SL,4231.17,2.3,9829.9953,-98.3,-1.00,9.22,0.09,-98.3,-1.00,9011.64,90.12
391,Entry long,2025-10-21 17:00,S2_Rev,4273.911,2.3,9829.9953,-98.3,-1.00,9.22,0.09,-98.3,-1.00,9011.64,90.12
392,Exit long,2025-10-22 08:00,LX_SL,4081.413,2.4,9894.3384,-98.95,-1.00,24.29,0.25,-98.95,-1.00,8912.69,89.13
392,Entry long,2025-10-22 04:30,S2_Rev,4122.641,2.4,9894.3384,-98.95,-1.00,24.29,0.25,-98.95,-1.00,8912.69,89.13
393,Exit long,2025-10-22 18:30,LX_SL,4034.16,2.4,9779.7864,-97.8,-1.00,207.38,2.12,-97.8,-1.00,8814.89,88.15
393,Entry long,2025-10-22 09:00,S2_Rev,4074.911,2.4,9779.7864,-97.8,-1.00,207.38,2.12,-97.8,-1.00,8814.89,88.15
394,Exit long,2025-10-23 15:30,LX_TP1,4107.772,2.4,9665.3496,193.3,2.00,265.65,2.75,-39.44,-0.41,9008.19,90.08
394,Entry long,2025-10-22 20:00,S2_Rev,4027.229,2.4,9665.3496,193.3,2.00,265.65,2.75,-39.44,-0.41,9008.19,90.08
395,Exit long,2025-10-27 16:30,LX_SL,4024.656,2.4,9756.7464,-97.57,-1.00,176.88,1.81,-97.57,-1.00,8910.62,89.11
395,Entry long,2025-10-24 17:00,S2_Rev,4065.311,2.4,9756.7464,-97.57,-1.00,176.88,1.81,-97.57,-1.00,8910.62,89.11
396,Exit long,2025-10-27 22:00,LX_SL,3994.313,2.4,9683.1864,-96.84,-1.00,37.49,0.39,-96.84,-1.00,8813.79,88.14
396,Entry long,2025-10-27 20:30,S2_Rev,4034.661,2.4,9683.1864,-96.84,-1.00,37.49,0.39,-96.84,-1.00,8813.79,88.14
397,Exit long,2025-10-28 13:30,LX_SL,3959.133,2.5,9997.815,-99.98,-1.00,51.49,0.51,-99.98,-1.00,8713.8,87.14
397,Entry long,2025-10-28 01:00,S2_Rev,3999.126,2.5,9997.815,-99.98,-1.00,51.49,0.51,-99.98,-1.00,8713.8,87.14
398,Exit long,2025-10-29 21:30,LX_TP1,4004.987,2.5,9816.1475,196.32,2.00,259.43,2.64,-52.81,-0.54,8910.12,89.10
398,Entry long,2025-10-28 19:00,S2_Rev,3926.459,2.5,9816.1475,196.32,2.00,259.43,2.64,-52.81,-0.54,8910.12,89.10
399,Exit long,2025-10-31 07:00,LX_TP1,4027.437,2.5,9871.1725,197.42,2.00,244.46,2.48,-83.51,-0.85,9107.54,91.08
399,Entry long,2025-10-30 04:30,S2_Rev,3948.469,2.5,9871.1725,197.42,2.00,244.46,2.48,-83.51,-0.85,9107.54,91.08
400,Exit long,2025-11-11 07:00,LX_TP2,4115.027,2.5,9891.9775,395.59,4.00,399.3,4.04,-68.25,-0.69,9503.13,95.03
400,Entry long,2025-11-05 00:00,S2_Rev,3956.791,2.5,9891.9775,395.59,4.00,399.3,4.04,-68.25,-0.69,9503.13,95.03
401,Exit long,2025-11-13 07:30,LX_TP1,4188.762,2.4,9855.9144,197.11,2.00,252.06,2.56,-19.73,-0.20,9700.25,97.00
401,Entry long,2025-11-12 00:00,S2_Rev,4106.631,2.4,9855.9144,197.11,2.00,252.06,2.56,-19.73,-0.20,9700.25,97.00
402,Exit long,2025-11-14 20:00,LX_SL,4121.963,2.4,9992.6424,-99.93,-1.00,114.5,1.15,-99.93,-1.00,9600.32,96.00
402,Entry long,2025-11-14 04:00,S2_Rev,4163.601,2.4,9992.6424,-99.93,-1.00,114.5,1.15,-99.93,-1.00,9600.32,96.00
403,Exit long,2025-11-18 03:30,LX_SL,4041.679,2.4,9798.0144,-97.98,-1.00,68.99,0.70,-97.98,-1.00,9502.33,95.02
403,Entry long,2025-11-14 23:00,S2_Rev,4082.506,2.4,9798.0144,-97.98,-1.00,68.99,0.70,-97.98,-1.00,9502.33,95.02
404,Exit long,2025-11-19 18:30,LX_TP1,4107.601,2.4,9664.9464,193.3,2.00,220.8,2.28,-70.57,-0.73,9695.63,96.96
404,Entry long,2025-11-18 04:30,S2_Rev,4027.061,2.4,9664.9464,193.3,2.00,220.8,2.28,-70.57,-0.73,9695.63,96.96
405,Exit long,2025-12-12 02:30,LX_TP1,4280.827,2.3,9652.8493,193.05,2.00,204.9,2.12,-76.9,-0.80,9888.68,98.89
405,Entry long,2025-12-02 19:30,S2_Rev,4196.891,2.3,9652.8493,193.05,2.00,204.9,2.12,-76.9,-0.80,9888.68,98.89
406,Exit long,2025-12-23 14:00,LX_TP2,4474.074,2.3,9894.5908,395.78,4.00,422.24,4.27,-71,-0.72,10284.46,102.84
406,Entry long,2025-12-16 01:30,S2_Rev,4301.996,2.3,9894.5908,395.78,4.00,422.24,4.27,-71,-0.72,10284.46,102.84
407,Exit long,2025-12-29 21:30,LX_SL,4429.725,2.2,9843.8362,-98.44,-1.00,30.86,0.31,-98.44,-1.00,10186.02,101.86
407,Entry long,2025-12-29 16:00,S2_Rev,4474.471,2.2,9843.8362,-98.44,-1.00,30.86,0.31,-98.44,-1.00,10186.02,101.86
408,Exit long,2025-12-31 13:30,LX_SL,4296.966,2.3,9982.8533,-99.83,-1.00,147.29,1.48,-99.83,-1.00,10086.19,100.86
408,Entry long,2025-12-30 04:30,S2_Rev,4340.371,2.3,9982.8533,-99.83,-1.00,147.29,1.48,-99.83,-1.00,10086.19,100.86
409,Exit long,2026-01-02 19:30,LX_TP1,4392.885,2.3,9905.5273,198.11,2.00,212.89,2.15,-9.55,-0.10,10284.3,102.84
409,Entry long,2025-12-31 14:30,S2_Rev,4306.751,2.3,9905.5273,198.11,2.00,212.89,2.15,-9.55,-0.10,10284.3,102.84
410,Exit long,2026-01-05 19:00,LX_TP1,4415.411,2.3,9956.3228,199.12,2.00,255.45,2.57,-44.66,-0.45,10483.42,104.83
410,Entry long,2026-01-03 01:30,S2_Rev,4328.836,2.3,9956.3228,199.12,2.00,255.45,2.57,-44.66,-0.45,10483.42,104.83
411,Exit long,2026-01-30 05:30,LX_TP1,5395.091,1.8,9520.7508,190.41,2.00,247,2.59,-111.09,-1.17,10673.83,106.74
411,Entry long,2026-01-30 00:30,S2_Rev,5289.306,1.8,9520.7508,190.41,2.00,247,2.59,-111.09,-1.17,10673.83,106.74
412,Exit long,2026-01-30 21:30,LX_SL,5008.063,1.9,9611.4369,-96.12,-1.00,165.45,1.72,-96.12,-1.00,10577.71,105.78
412,Entry long,2026-01-30 18:30,S2_Rev,5058.651,1.9,9611.4369,-96.12,-1.00,165.45,1.72,-96.12,-1.00,10577.71,105.78
413,Exit long,2026-01-31 04:30,LX_SL,4831.764,2,9761.142,-97.61,-1.00,135.41,1.39,-97.61,-1.00,10480.1,104.80
413,Entry long,2026-01-31 03:00,S2_Rev,4880.571,2,9761.142,-97.61,-1.00,135.41,1.39,-97.61,-1.00,10480.1,104.80
414,Exit long,2026-02-02 21:00,LX_TP2,4742.217,2.1,9575.6325,383.02,4.00,530.66,5.54,-73.97,-0.77,10863.12,108.63
414,Entry long,2026-02-02 15:30,S2_Rev,4559.825,2.1,9575.6325,383.02,4.00,530.66,5.54,-73.97,-0.77,10863.12,108.63
415,Exit long,2026-02-05 07:30,LX_TP1,5015.487,2,9834.292,196.68,2.00,213.15,2.17,-89.95,-0.91,11059.81,110.60
415,Entry long,2026-02-05 01:30,S2_Rev,4917.146,2,9834.292,196.68,2.00,213.15,2.17,-89.95,-0.91,11059.81,110.60
416,Exit long,2026-02-05 21:00,LX_SL,4810.224,2,9717.628,-97.18,-1.00,169.83,1.75,-97.18,-1.00,10962.62,109.63
416,Entry long,2026-02-05 11:30,S2_Rev,4858.814,2,9717.628,-97.18,-1.00,169.83,1.75,-97.18,-1.00,10962.62,109.63
417,Exit long,2026-02-06 09:30,LX_SL,4711.789,2,9524.792,-101.21,-1.06,1.85,0.02,-138.57,-1.45,10861.41,108.61
417,Entry long,2026-02-06 09:00,S2_Rev,4762.396,2,9524.792,-101.21,-1.06,1.85,0.02,-138.57,-1.45,10861.41,108.61
418,Exit long,2026-02-13 07:00,LX_SL,4905.265,2,9909.63,-99.1,-1.00,56.35,0.57,-99.1,-1.00,10762.31,107.62
418,Entry long,2026-02-13 01:00,S2_Rev,4954.815,2,9909.63,-99.1,-1.00,56.35,0.57,-99.1,-1.00,10762.31,107.62
419,Exit long,2026-02-17 13:00,LX_SL,4907.162,2,9913.462,-99.14,-1.00,29.54,0.30,-99.14,-1.00,10663.17,106.63
419,Entry long,2026-02-17 09:30,S2_Rev,4956.731,2,9913.462,-99.14,-1.00,29.54,0.30,-99.14,-1.00,10663.17,106.63
420,Exit long,2026-02-17 22:00,LX_SL,4861.197,2,9820.604,-98.21,-1.00,68.1,0.69,-98.21,-1.00,10564.96,105.65
420,Entry long,2026-02-17 15:00,S2_Rev,4910.302,2,9820.604,-98.21,-1.00,68.1,0.69,-98.21,-1.00,10564.96,105.65
421,Exit long,2026-02-27 21:30,LX_TP1,5231.081,1.9,9744.1728,194.88,2.00,212.85,2.18,-20.62,-0.21,10759.84,107.60
421,Entry long,2026-02-24 23:00,S2_Rev,5128.512,1.9,9744.1728,194.88,2.00,212.85,2.18,-20.62,-0.21,10759.84,107.60
422,Exit long,2026-03-03 17:00,LX_SL,5251.544,1.8,9548.2638,-95.48,-1.00,135.5,1.42,-95.48,-1.00,10664.36,106.64
422,Entry long,2026-03-03 01:30,S2_Rev,5304.591,1.8,9548.2638,-95.48,-1.00,135.5,1.42,-95.48,-1.00,10664.36,106.64
423,Exit long,2026-03-03 19:00,LX_SL,5222.189,1.8,9494.892,-94.95,-1.00,23.63,0.25,-94.95,-1.00,10569.41,105.69
423,Entry long,2026-03-03 18:00,S2_Rev,5274.94,1.8,9494.892,-94.95,-1.00,23.63,0.25,-94.95,-1.00,10569.41,105.69
424,Exit long,2026-03-03 21:00,LX_SL,5152.296,1.9,9888.2479,-98.89,-1.00,42.5,0.43,-98.89,-1.00,10470.52,104.71
424,Entry long,2026-03-03 20:30,S2_Rev,5204.341,1.9,9888.2479,-98.89,-1.00,42.5,0.43,-98.89,-1.00,10470.52,104.71
425,Exit long,2026-03-09 07:30,LX_SL,5044.694,1.9,9681.7388,-96.82,-1.00,209.92,2.17,-96.82,-1.00,10373.7,103.74
425,Entry long,2026-03-04 00:00,S2_Rev,5095.652,1.9,9681.7388,-96.82,-1.00,209.92,2.17,-96.82,-1.00,10373.7,103.74
426,Exit long,2026-03-10 10:00,LX_TP1,5173.123,1.9,9636.2129,192.72,2.00,218.98,2.27,-32.02,-0.33,10566.42,105.66
426,Entry long,2026-03-09 09:30,S2_Rev,5071.691,1.9,9636.2129,192.72,2.00,218.98,2.27,-32.02,-0.33,10566.42,105.66
427,Exit long,2026-03-13 22:30,LX_SL,5041.109,1.9,9674.8589,-96.75,-1.00,69.16,0.71,-96.75,-1.00,10469.67,104.70
427,Entry long,2026-03-13 06:30,S2_Rev,5092.031,1.9,9674.8589,-96.75,-1.00,69.16,0.71,-96.75,-1.00,10469.67,104.70
428,Exit long,2026-03-14 03:30,LX_SL,5012.063,1.9,9619.1129,-96.19,-1.00,10.62,0.11,-96.19,-1.00,10373.48,103.73
428,Entry long,2026-03-13 23:30,S2_Rev,5062.691,1.9,9619.1129,-96.19,-1.00,10.62,0.11,-96.19,-1.00,10373.48,103.73
429,Exit long,2026-03-18 19:00,LX_SL,4947.282,2,9994.512,-99.95,-1.00,94.55,0.95,-99.95,-1.00,10273.53,102.74
429,Entry long,2026-03-16 08:00,S2_Rev,4997.256,2,9994.512,-99.95,-1.00,94.55,0.95,-99.95,-1.00,10273.53,102.74
430,Exit long,2026-03-19 04:00,LX_SL,4833.556,2,9764.762,-97.65,-1.00,33.89,0.35,-97.65,-1.00,10175.88,101.76
430,Entry long,2026-03-19 00:30,S2_Rev,4882.381,2,9764.762,-97.65,-1.00,33.89,0.35,-97.65,-1.00,10175.88,101.76
431,Exit long,2026-03-19 14:30,LX_SL,4786.221,2,9669.136,-96.69,-1.00,65.24,0.67,-96.69,-1.00,10079.19,100.79
431,Entry long,2026-03-19 07:00,S2_Rev,4834.568,2,9669.136,-96.69,-1.00,65.24,0.67,-96.69,-1.00,10079.19,100.79
432,Exit long,2026-03-20 11:00,LX_TP1,4694.534,2.1,9665.2206,193.3,2.00,212.28,2.20,-13.97,-0.14,10272.49,102.72
432,Entry long,2026-03-20 01:30,S2_Rev,4602.486,2.1,9665.2206,193.3,2.00,212.28,2.20,-13.97,-0.14,10272.49,102.72
433,Exit long,2026-03-21 02:00,LX_SL,4538.951,2.1,9628.0821,-96.28,-1.00,33.25,0.35,-96.28,-1.00,10176.2,101.76
433,Entry long,2026-03-21 00:30,S2_Rev,4584.801,2.1,9628.0821,-96.28,-1.00,33.25,0.35,-96.28,-1.00,10176.2,101.76
434,Exit long,2026-03-23 07:30,LX_SL,4479.215,2.2,9953.8142,-99.54,-1.00,5.06,0.05,-99.54,-1.00,10076.66,100.77
434,Entry long,2026-03-23 06:30,S2_Rev,4524.461,2.2,9953.8142,-99.54,-1.00,5.06,0.05,-99.54,-1.00,10076.66,100.77
435,Exit long,2026-03-23 10:30,LX_SL,4377.28,2.2,9727.2912,-97.28,-1.00,71.46,0.73,-97.28,-1.00,9979.39,99.79
435,Entry long,2026-03-23 09:30,S2_Rev,4421.496,2.2,9727.2912,-97.28,-1.00,71.46,0.73,-97.28,-1.00,9979.39,99.79
436,Exit long,2026-03-23 13:30,LX_SL,4324.839,2.2,9610.7572,-96.11,-1.00,29.2,0.30,-96.11,-1.00,9883.27,98.83
436,Entry long,2026-03-23 12:30,S2_Rev,4368.526,2.2,9610.7572,-96.11,-1.00,29.2,0.30,-96.11,-1.00,9883.27,98.83
437,Exit long,2026-03-23 19:30,LX_TP2,4395.851,2.3,9721.5963,388.86,4.00,543.96,5.60,-18.26,-0.19,10272.13,102.72
437,Entry long,2026-03-23 16:30,S2_Rev,4226.781,2.3,9721.5963,388.86,4.00,543.96,5.60,-18.26,-0.19,10272.13,102.72
438,Exit long,2026-03-27 00:00,LX_SL,4411.014,2.2,9802.2562,-98.03,-1.00,52.7,0.54,-98.03,-1.00,10174.11,101.74
438,Entry long,2026-03-26 15:00,S2_Rev,4455.571,2.2,9802.2562,-98.03,-1.00,52.7,0.54,-98.03,-1.00,10174.11,101.74
439,Exit long,2026-03-30 06:00,LX_TP1,4482.14,2.2,9667.3632,193.34,2.00,354.76,3.67,-96.22,-1.00,10367.45,103.67
439,Entry long,2026-03-27 03:00,S2_Rev,4394.256,2.2,9667.3632,193.34,2.00,354.76,3.67,-96.22,-1.00,10367.45,103.67
440,Exit long,2026-04-02 13:30,LX_SL,4625.777,2.1,9812.2584,-98.13,-1.00,16.94,0.17,-98.13,-1.00,10269.33,102.69
440,Entry long,2026-04-02 13:00,S2_Rev,4672.504,2.1,9812.2584,-98.13,-1.00,16.94,0.17,-98.13,-1.00,10269.33,102.69
441,Exit long,2026-04-08 06:30,LX_TP1,4713.126,2.1,9703.4973,194.07,2.00,276,2.84,-84.78,-0.87,10463.39,104.63
441,Entry long,2026-04-02 15:30,S2_Rev,4620.713,2.1,9703.4973,194.07,2.00,276,2.84,-84.78,-0.87,10463.39,104.63
442,Exit long,2026-04-14 09:00,LX_TP1,4764.578,2.1,9809.4276,196.19,2.00,221.96,2.26,-14.78,-0.15,10659.58,106.60
442,Entry long,2026-04-13 08:00,S2_Rev,4671.156,2.1,9809.4276,196.19,2.00,221.96,2.26,-14.78,-0.15,10659.58,106.60
443,Exit long,2026-04-21 22:30,LX_SL,4723.982,2,9543.402,-95.44,-1.00,123.06,1.29,-95.44,-1.00,10564.14,105.64
443,Entry long,2026-04-20 09:00,S2_Rev,4771.701,2,9543.402,-95.44,-1.00,123.06,1.29,-95.44,-1.00,10564.14,105.64
444,Exit long,2026-04-24 12:00,LX_SL,4661.504,2.1,9888.0411,-98.88,-1.00,133.8,1.35,-98.88,-1.00,10465.26,104.65
444,Entry long,2026-04-22 03:00,S2_Rev,4708.591,2.1,9888.0411,-98.88,-1.00,133.8,1.35,-98.88,-1.00,10465.26,104.65
445,Exit long,2026-04-28 13:30,LX_SL,4627.596,2.1,9816.1161,-98.16,-1.00,138.56,1.41,-98.16,-1.00,10367.09,103.67
445,Entry long,2026-04-24 13:00,S2_Rev,4674.341,2.1,9816.1161,-98.16,-1.00,138.56,1.41,-98.16,-1.00,10367.09,103.67
446,Exit long,2026-04-29 20:30,LX_SL,4547.703,2.1,9646.6461,-96.47,-1.00,35.29,0.37,-96.47,-1.00,10270.63,102.71
446,Entry long,2026-04-28 21:00,S2_Rev,4593.641,2.1,9646.6461,-96.47,-1.00,35.29,0.37,-96.47,-1.00,10270.63,102.71
447,Exit long,2026-04-30 17:30,LX_TP1,4623.665,2.2,9972.6132,199.45,2.00,217.46,2.18,-33.92,-0.34,10470.08,104.70
447,Entry long,2026-04-29 22:30,S2_Rev,4533.006,2.2,9972.6132,199.45,2.00,217.46,2.18,-33.92,-0.34,10470.08,104.70
448,Exit long,2026-05-04 18:00,LX_SL,4526.072,2.1,9600.7611,-96.01,-1.00,185.83,1.94,-96.01,-1.00,10374.07,103.74
448,Entry long,2026-05-01 18:30,S2_Rev,4571.791,2.1,9600.7611,-96.01,-1.00,185.83,1.94,-96.01,-1.00,10374.07,103.74
449,Exit long,2026-05-04 23:00,LX_SL,4517.023,2.1,9581.5671,-95.82,-1.00,43.28,0.45,-95.82,-1.00,10278.25,102.78
449,Entry long,2026-05-04 19:00,S2_Rev,4562.651,2.1,9581.5671,-95.82,-1.00,43.28,0.45,-95.82,-1.00,10278.25,102.78
450,Exit long,2026-05-06 08:00,Open,4602.105,2.2,9953.4732,171.16,1.72,175.88,1.77,-32.42,-0.33,10449.4,104.49
450,Entry long,2026-05-05 01:30,S2_Rev,4524.306,2.2,9953.4732,171.16,1.72,175.88,1.77,-32.42,-0.33,10449.4,104.49