Trade #,Type,Date and time,Signal,Price USD,Size (qty),Size (value),Net P&L USD,Net P&L %,Favorable excursion USD,Favorable excursion %,Adverse excursion USD,Adverse excursion %,Cumulative P&L USD,Cumulative P&L %
1,Exit long,2019-01-03 10:30,S1_LX_TP1,1288.647,7.7,9873.2249,49.36,0.50,61.59,0.62,-30.31,-0.31,49.36,0.49
1,Entry long,2019-01-01 04:30,S1_LE,1282.237,7.7,9873.2249,49.36,0.50,61.59,0.62,-30.31,-0.31,49.36,0.49
2,Exit long,2019-01-04 11:00,S1_LX_TP1,1295.847,7.7,9928.3877,49.63,0.50,70.35,0.71,-10.79,-0.11,98.99,0.99
2,Entry long,2019-01-04 00:00,S1_LE,1289.401,7.7,9928.3877,49.63,0.50,70.35,0.71,-10.79,-0.11,98.99,0.99
3,Exit long,2019-01-07 14:00,S1_LX_TP1,1291.234,7.7,9893.0447,49.46,0.50,54.74,0.55,-1.62,-0.02,148.45,1.48
3,Entry long,2019-01-07 09:00,S1_LE,1284.811,7.7,9893.0447,49.46,0.50,54.74,0.55,-1.62,-0.02,148.45,1.48
4,Exit long,2019-01-09 23:30,S1_LX_TP1,1289.933,7.7,9883.0809,49.4,0.50,63.67,0.64,-33.24,-0.34,197.85,1.98
4,Entry long,2019-01-08 20:30,S1_LE,1283.517,7.7,9883.0809,49.4,0.50,63.67,0.64,-33.24,-0.34,197.85,1.98
5,Exit long,2019-01-18 17:00,S1_SL,1284.226,7.7,9938.2437,-49.7,-0.50,39.96,0.40,-49.7,-0.50,148.15,1.48
5,Entry long,2019-01-14 09:30,S1_LE,1290.681,7.7,9938.2437,-49.7,-0.50,39.96,0.40,-49.7,-0.50,148.15,1.48
6,Exit long,2019-01-28 20:00,S1_LX_TP1,1299.099,7.7,9876.1047,126.96,1.29,167.85,1.70,-47.82,-0.48,275.11,2.75
6,Entry long,2019-01-21 08:00,S1_LE,1282.611,7.7,9876.1047,126.96,1.29,167.85,1.70,-47.82,-0.48,275.11,2.75
7,Exit long,2019-01-29 18:30,S1_LX_TP1,1308.379,7.6,9894.2196,49.46,0.50,56.38,0.57,-1.3,-0.01,324.57,3.25
7,Entry long,2019-01-28 23:30,S1_LE,1301.871,7.6,9894.2196,49.46,0.50,56.38,0.57,-1.3,-0.01,324.57,3.25
8,Exit long,2019-01-31 20:30,S1_LX_TP1,1323.544,7.5,9877.2075,49.37,0.50,58.04,0.59,-1.96,-0.02,373.94,3.74
8,Entry long,2019-01-31 03:30,S1_LE,1316.961,7.5,9877.2075,49.37,0.50,58.04,0.59,-1.96,-0.02,373.94,3.74
9,Exit long,2019-02-04 12:00,S1_SL,1312.643,7.5,9894.3075,-49.48,-0.50,32.47,0.33,-49.48,-0.50,324.45,3.24
9,Entry long,2019-02-01 17:30,S1_LE,1319.241,7.5,9894.3075,-49.48,-0.50,32.47,0.33,-49.48,-0.50,324.45,3.24
10,Exit long,2019-02-07 03:00,S1_SL,1307.29,7.6,9985.3436,-49.94,-0.50,23.1,0.23,-49.94,-0.50,274.51,2.75
10,Entry long,2019-02-04 23:30,S1_LE,1313.861,7.6,9985.3436,-49.94,-0.50,23.1,0.23,-49.94,-0.50,274.51,2.75
11,Exit long,2019-02-08 20:00,S1_LX_TP1,1311.896,7.6,9920.8196,49.59,0.50,57.45,0.58,-1.3,-0.01,324.1,3.24
11,Entry long,2019-02-07 17:30,S1_LE,1305.371,7.6,9920.8196,49.59,0.50,57.45,0.58,-1.3,-0.01,324.1,3.24
12,Exit long,2019-02-13 23:30,S1_LX_TP1,1315.474,7.6,9947.8756,49.73,0.50,70.22,0.71,-20,-0.20,373.83,3.74
12,Entry long,2019-02-12 00:30,S1_LE,1308.931,7.6,9947.8756,49.73,0.50,70.22,0.71,-20,-0.20,373.83,3.74
13,Exit long,2019-02-15 20:00,S1_LX_TP1,1317.673,7.6,9964.5044,49.81,0.50,62.18,0.62,-30.54,-0.31,423.64,4.24
13,Entry long,2019-02-14 22:00,S1_LE,1311.119,7.6,9964.5044,49.81,0.50,62.18,0.62,-30.54,-0.31,423.64,4.24
14,Exit long,2019-02-21 03:00,S1_LX_TP1,1341.099,7.5,9943.5825,114.66,1.15,157.04,1.58,-3.83,-0.04,538.3,5.38
14,Entry long,2019-02-19 16:00,S1_LE,1325.811,7.5,9943.5825,114.66,1.15,157.04,1.58,-3.83,-0.04,538.3,5.38
15,Exit long,2019-02-21 17:00,S1_SL,1333.319,7.4,9916.1554,-49.59,-0.50,6.11,0.06,-49.59,-0.50,488.71,4.89
15,Entry long,2019-02-21 13:00,S1_LE,1340.021,7.4,9916.1554,-49.59,-0.50,6.11,0.06,-49.59,-0.50,488.71,4.89
16,Exit long,2019-02-28 00:30,S1_SL,1319.539,7.5,9946.2825,-49.74,-0.50,52.19,0.52,-49.74,-0.50,438.97,4.39
16,Entry long,2019-02-22 11:30,S1_LE,1326.171,7.5,9946.2825,-49.74,-0.50,52.19,0.52,-49.74,-0.50,438.97,4.39
17,Exit long,2019-02-28 23:00,S1_SL,1315.19,7.5,9913.5075,-49.58,-0.50,41.99,0.42,-49.58,-0.50,389.38,3.89
17,Entry long,2019-02-28 15:30,S1_LE,1321.801,7.5,9913.5075,-49.58,-0.50,41.99,0.42,-49.58,-0.50,389.38,3.89
18,Exit long,2019-03-01 16:00,S1_SL,1307.688,7.6,9988.3836,-49.95,-0.50,1.28,0.01,-49.95,-0.50,339.43,3.39
18,Entry long,2019-03-01 10:00,S1_LE,1314.261,7.6,9988.3836,-49.95,-0.50,1.28,0.01,-49.95,-0.50,339.43,3.39
19,Exit long,2019-03-04 16:30,S1_SL,1290.017,7.7,9983.0577,-49.93,-0.50,3.15,0.03,-49.93,-0.50,289.5,2.90
19,Entry long,2019-03-04 11:00,S1_LE,1296.501,7.7,9983.0577,-49.93,-0.50,3.15,0.03,-49.93,-0.50,289.5,2.90
20,Exit long,2019-03-05 23:00,S1_SL,1283.029,7.7,9928.9806,-49.66,-0.50,2.25,0.02,-49.66,-0.50,239.85,2.40
20,Entry long,2019-03-05 01:00,S1_LE,1289.478,7.7,9928.9806,-49.66,-0.50,2.25,0.02,-49.66,-0.50,239.85,2.40
21,Exit long,2019-03-08 14:30,S1_LX_TP1,1292.517,7.7,9902.8776,49.5,0.50,56.46,0.57,-43.07,-0.43,289.35,2.89
21,Entry long,2019-03-06 03:00,S1_LE,1286.088,7.7,9902.8776,49.5,0.50,56.46,0.57,-43.07,-0.43,289.35,2.89
22,Exit long,2019-03-11 22:30,S1_SL,1291.699,7.7,9996.0707,-49.99,-0.50,7.23,0.07,-49.99,-0.50,239.36,2.39
22,Entry long,2019-03-11 14:00,S1_LE,1298.191,7.7,9996.0707,-49.99,-0.50,7.23,0.07,-49.99,-0.50,239.36,2.39
23,Exit long,2019-03-13 02:30,S1_LX_TP1,1299.826,7.7,9958.8797,49.78,0.50,51.89,0.52,-12.02,-0.12,289.14,2.89
23,Entry long,2019-03-12 06:30,S1_LE,1293.361,7.7,9958.8797,49.78,0.50,51.89,0.52,-12.02,-0.12,289.14,2.89
24,Exit long,2019-03-15 16:00,S1_LX_TP1,1303.069,7.7,9983.7276,49.9,0.50,55.69,0.56,-22.24,-0.22,339.04,3.39
24,Entry long,2019-03-15 06:30,S1_LE,1296.588,7.7,9983.7276,49.9,0.50,55.69,0.56,-22.24,-0.22,339.04,3.39
25,Exit long,2019-03-21 21:30,S1_LX_TP1,1314.099,7.6,9906.638,80.51,0.81,128.48,1.30,-38.04,-0.38,419.56,4.20
25,Entry long,2019-03-18 15:00,S1_LE,1303.505,7.6,9906.638,80.51,0.81,128.48,1.30,-38.04,-0.38,419.56,4.20
26,Exit long,2019-03-25 15:30,S1_LX_TP1,1316.565,7.6,9956.1216,49.77,0.50,54.6,0.55,-22.92,-0.23,469.33,4.69
26,Entry long,2019-03-22 10:00,S1_LE,1310.016,7.6,9956.1216,49.77,0.50,54.6,0.55,-22.92,-0.23,469.33,4.69
27,Exit long,2019-03-27 21:30,S1_SL,1309.061,7.6,9998.8716,-50.01,-0.50,27.81,0.28,-50.01,-0.50,419.32,4.19
27,Entry long,2019-03-27 02:00,S1_LE,1315.641,7.6,9998.8716,-50.01,-0.50,27.81,0.28,-50.01,-0.50,419.32,4.19
28,Exit long,2019-03-28 19:30,S1_SL,1303.658,7.6,9957.6036,-49.8,-0.50,16.26,0.16,-49.8,-0.50,369.52,3.70
28,Entry long,2019-03-28 11:00,S1_LE,1310.211,7.6,9957.6036,-49.8,-0.50,16.26,0.16,-49.8,-0.50,369.52,3.70
29,Exit long,2019-03-29 22:00,S1_LX_TP1,1298.907,7.7,9951.8342,49.75,0.50,56.78,0.57,-45.01,-0.45,419.27,4.19
29,Entry long,2019-03-29 08:30,S1_LE,1292.446,7.7,9951.8342,49.75,0.50,56.78,0.57,-45.01,-0.45,419.27,4.19
30,Exit long,2019-04-02 03:30,S1_SL,1286.982,7.7,9959.5727,-49.81,-0.50,27.56,0.28,-49.81,-0.50,369.46,3.69
30,Entry long,2019-04-01 11:30,S1_LE,1293.451,7.7,9959.5727,-49.81,-0.50,27.56,0.28,-49.81,-0.50,369.46,3.69
31,Exit long,2019-04-04 21:00,S1_SL,1281.46,7.7,9916.8377,-49.6,-0.50,51.58,0.52,-49.6,-0.50,319.86,3.20
31,Entry long,2019-04-02 14:30,S1_LE,1287.901,7.7,9916.8377,-49.6,-0.50,51.58,0.52,-49.6,-0.50,319.86,3.20
32,Exit long,2019-04-08 10:30,S1_LX_TP1,1296.419,7.7,9932.7767,49.65,0.50,52.28,0.53,-44.44,-0.45,369.51,3.70
32,Entry long,2019-04-05 01:30,S1_LE,1289.971,7.7,9932.7767,49.65,0.50,52.28,0.53,-44.44,-0.45,369.51,3.70
33,Exit long,2019-04-10 00:00,S1_LX_TP1,1305.585,7.6,9873.0916,49.35,0.50,54.03,0.55,-18.17,-0.18,418.87,4.19
33,Entry long,2019-04-09 09:00,S1_LE,1299.091,7.6,9873.0916,49.35,0.50,54.03,0.55,-18.17,-0.18,418.87,4.19
34,Exit long,2019-04-11 20:00,S1_SL,1297.708,7.6,9912.1556,-49.57,-0.50,48.4,0.49,-49.57,-0.50,369.29,3.69
34,Entry long,2019-04-10 14:30,S1_LE,1304.231,7.6,9912.1556,-49.57,-0.50,48.4,0.49,-49.57,-0.50,369.29,3.69
35,Exit long,2019-04-15 09:30,S1_SL,1286.783,7.7,9958.0327,-49.8,-0.50,19.63,0.20,-49.8,-0.50,319.49,3.19
35,Entry long,2019-04-12 09:00,S1_LE,1293.251,7.7,9958.0327,-49.8,-0.50,19.63,0.20,-49.8,-0.50,319.49,3.19
36,Exit long,2019-04-16 20:00,S1_SL,1281.349,7.7,9915.9753,-49.59,-0.50,18.18,0.18,-49.59,-0.50,269.9,2.70
36,Entry long,2019-04-15 23:30,S1_LE,1287.789,7.7,9915.9753,-49.59,-0.50,18.18,0.18,-49.59,-0.50,269.9,2.70
37,Exit long,2019-04-23 20:30,S1_SL,1270.552,7.8,9960.1164,-49.81,-0.50,22.64,0.23,-49.81,-0.50,220.09,2.20
37,Entry long,2019-04-17 06:30,S1_LE,1276.938,7.8,9960.1164,-49.81,-0.50,22.64,0.23,-49.81,-0.50,220.09,2.20
38,Exit long,2019-04-25 23:00,S1_LX_TP1,1278.902,7.8,9925.8198,49.62,0.50,80.8,0.81,-31.52,-0.32,269.71,2.70
38,Entry long,2019-04-24 01:00,S1_LE,1272.541,7.8,9925.8198,49.62,0.50,80.8,0.81,-31.52,-0.32,269.71,2.70
39,Exit long,2019-04-26 22:00,S1_LX_TP1,1285.043,7.8,9973.4778,49.86,0.50,63.56,0.64,-37.06,-0.37,319.56,3.20
39,Entry long,2019-04-26 08:00,S1_LE,1278.651,7.8,9973.4778,49.86,0.50,63.56,0.64,-37.06,-0.37,319.56,3.20
40,Exit long,2019-05-02 02:30,S1_SL,1273.776,7.8,9985.3884,-49.94,-0.50,55.24,0.55,-49.94,-0.50,269.63,2.70
40,Entry long,2019-04-30 06:30,S1_LE,1280.178,7.8,9985.3884,-49.94,-0.50,55.24,0.55,-49.94,-0.50,269.63,2.70
41,Exit long,2019-05-04 03:30,S1_LX_TP1,1277.847,7.8,9917.6298,49.58,0.50,86.34,0.87,-26.45,-0.27,319.2,3.19
41,Entry long,2019-05-03 00:30,S1_LE,1271.491,7.8,9917.6298,49.58,0.50,86.34,0.87,-26.45,-0.27,319.2,3.19
42,Exit long,2019-05-08 18:00,S1_LX_TP1,1287.977,7.8,9996.2538,49.97,0.50,62.63,0.63,-28.63,-0.29,369.17,3.69
42,Entry long,2019-05-07 01:00,S1_LE,1281.571,7.8,9996.2538,49.97,0.50,62.63,0.63,-28.63,-0.29,369.17,3.69
43,Exit long,2019-05-14 14:30,S1_LX_TP1,1297.799,7.7,9875.1807,117.87,1.19,161,1.63,-23.8,-0.24,487.04,4.87
43,Entry long,2019-05-09 08:30,S1_LE,1282.491,7.7,9875.1807,117.87,1.19,161,1.63,-23.8,-0.24,487.04,4.87
44,Exit long,2019-05-16 20:30,S1_SL,1292.363,7.6,9871.3284,-49.37,-0.50,15.51,0.16,-49.37,-0.50,437.67,4.38
44,Entry long,2019-05-14 20:30,S1_LE,1298.859,7.6,9871.3284,-49.37,-0.50,15.51,0.16,-49.37,-0.50,437.67,4.38
45,Exit long,2019-05-17 21:30,S1_SL,1280.043,7.7,9905.8729,-49.54,-0.50,18.89,0.19,-49.54,-0.50,388.13,3.88
45,Entry long,2019-05-17 13:00,S1_LE,1286.477,7.7,9905.8729,-49.54,-0.50,18.89,0.19,-49.54,-0.50,388.13,3.88
46,Exit long,2019-05-21 21:30,S1_SL,1270.167,7.8,9957.0978,-49.8,-0.50,19.34,0.19,-49.8,-0.50,338.34,3.38
46,Entry long,2019-05-20 20:30,S1_LE,1276.551,7.8,9957.0978,-49.8,-0.50,19.34,0.19,-49.8,-0.50,338.34,3.38
47,Exit long,2019-05-23 21:00,S1_LX_TP1,1280.738,7.8,9940.0704,49.69,0.50,75.13,0.76,-16.91,-0.17,388.02,3.88
47,Entry long,2019-05-22 02:00,S1_LE,1274.368,7.8,9940.0704,49.69,0.50,75.13,0.76,-16.91,-0.17,388.02,3.88
48,Exit long,2019-05-28 20:00,S1_SL,1277.012,7.7,9882.4187,-49.43,-0.50,30.56,0.31,-49.43,-0.50,338.6,3.39
48,Entry long,2019-05-24 21:30,S1_LE,1283.431,7.7,9882.4187,-49.43,-0.50,30.56,0.31,-49.43,-0.50,338.6,3.39
49,Exit long,2019-05-31 00:00,S1_LX_TP1,1285.927,7.8,9980.3418,49.89,0.50,76.2,0.76,-36.9,-0.37,388.48,3.88
49,Entry long,2019-05-29 04:30,S1_LE,1279.531,7.8,9980.3418,49.89,0.50,76.2,0.76,-36.9,-0.37,388.48,3.88
50,Exit long,2019-06-05 16:30,S1_LX_TP1,1332.284,7.5,9942.4275,49.7,0.50,74.05,0.74,-44.68,-0.45,438.19,4.38
50,Entry long,2019-06-04 14:30,S1_LE,1325.657,7.5,9942.4275,49.7,0.50,74.05,0.74,-44.68,-0.45,438.19,4.38
51,Exit long,2019-06-07 01:00,S1_LX_TP1,1339.092,7.5,9993.2325,49.96,0.50,55.42,0.55,-42.23,-0.42,488.14,4.88
51,Entry long,2019-06-06 07:30,S1_LE,1332.431,7.5,9993.2325,49.96,0.50,55.42,0.55,-42.23,-0.42,488.14,4.88
52,Exit long,2019-06-07 21:30,S1_LX_TP1,1342.006,7.4,9881.4494,49.4,0.50,71.85,0.73,-20.21,-0.20,537.54,5.38
52,Entry long,2019-06-07 16:00,S1_LE,1335.331,7.4,9881.4494,49.4,0.50,71.85,0.73,-20.21,-0.20,537.54,5.38
53,Exit long,2019-06-11 15:30,S1_SL,1322.444,7.5,9968.1825,-49.85,-0.50,7.12,0.07,-49.85,-0.50,487.69,4.88
53,Entry long,2019-06-10 21:00,S1_LE,1329.091,7.5,9968.1825,-49.85,-0.50,7.12,0.07,-49.85,-0.50,487.69,4.88
54,Exit long,2019-06-12 11:30,S1_LX_TP1,1332.408,7.5,9943.3575,49.7,0.50,59.84,0.60,-5.11,-0.05,537.39,5.37
54,Entry long,2019-06-11 23:00,S1_LE,1325.781,7.5,9943.3575,49.7,0.50,59.84,0.60,-5.11,-0.05,537.39,5.37
55,Exit long,2019-06-14 09:00,S1_LX_TP1,1342.537,7.4,9885.3566,49.42,0.50,67.87,0.69,-31.52,-0.32,586.81,5.87
55,Entry long,2019-06-13 00:30,S1_LE,1335.859,7.4,9885.3566,49.42,0.50,67.87,0.69,-31.52,-0.32,586.81,5.87
56,Exit long,2019-06-17 15:30,S1_SL,1335.638,7.4,9933.3974,-49.68,-0.50,9.17,0.09,-49.68,-0.50,537.13,5.37
56,Entry long,2019-06-17 11:30,S1_LE,1342.351,7.4,9933.3974,-49.68,-0.50,9.17,0.09,-49.68,-0.50,537.13,5.37
57,Exit long,2019-06-18 14:30,S1_LX_TP1,1346.499,7.4,9914.5274,49.57,0.50,60.97,0.61,-21.47,-0.22,586.7,5.87
57,Entry long,2019-06-17 21:00,S1_LE,1339.801,7.4,9914.5274,49.57,0.50,60.97,0.61,-21.47,-0.22,586.7,5.87
58,Exit long,2019-06-20 16:30,S1_LX_TP2,1377.899,7.4,9962.2574,234.2,2.35,352.81,3.54,-37.38,-0.38,820.89,8.21
58,Entry long,2019-06-19 13:30,S1_LE,1346.251,7.4,9962.2574,234.2,2.35,352.81,3.54,-37.38,-0.38,820.89,8.21
59,Exit long,2019-06-21 22:00,S1_SL,1389.883,7.1,9917.7699,-49.6,-0.50,22.12,0.22,-49.6,-0.50,771.29,7.71
59,Entry long,2019-06-21 21:00,S1_LE,1396.869,7.1,9917.7699,-49.6,-0.50,22.12,0.22,-49.6,-0.50,771.29,7.71
60,Exit long,2019-06-25 11:30,S1_LX_TP2,1429.506,7.1,9974.9391,174.55,1.75,197.62,1.98,-29.97,-0.30,945.84,9.46
60,Entry long,2019-06-24 14:30,S1_LE,1404.921,7.1,9974.9391,174.55,1.75,197.62,1.98,-29.97,-0.30,945.84,9.46
61,Exit long,2019-06-26 00:30,S1_SL,1424.481,6.9,9878.3229,-49.4,-0.50,32.15,0.33,-49.4,-0.50,896.44,8.96
61,Entry long,2019-06-25 22:00,S1_LE,1431.641,6.9,9878.3229,-49.4,-0.50,32.15,0.33,-49.4,-0.50,896.44,8.96
62,Exit long,2019-06-27 14:30,S1_SL,1402.303,7,9865.457,-49.34,-0.50,41.43,0.42,-49.34,-0.50,847.1,8.47
62,Entry long,2019-06-26 21:00,S1_LE,1409.351,7,9865.457,-49.34,-0.50,41.43,0.42,-49.34,-0.50,847.1,8.47
63,Exit long,2019-07-02 04:00,S1_SL,1382.671,7.1,9866.3091,-49.34,-0.50,47.78,0.48,-49.34,-0.50,797.76,7.98
63,Entry long,2019-07-01 19:00,S1_LE,1389.621,7.1,9866.3091,-49.34,-0.50,47.78,0.48,-49.34,-0.50,797.76,7.98
64,Exit long,2019-07-03 19:30,S1_LX_TP2,1422.099,7.1,9872.7701,224.13,2.27,334.9,3.39,-16.55,-0.17,1021.89,10.22
64,Entry long,2019-07-02 09:30,S1_LE,1390.531,7.1,9872.7701,224.13,2.27,334.9,3.39,-16.55,-0.17,1021.89,10.22
65,Exit long,2019-07-04 15:30,S1_SL,1411.656,7,9931.257,-49.66,-0.50,20.46,0.21,-49.66,-0.50,972.23,9.72
65,Entry long,2019-07-04 06:00,S1_LE,1418.751,7,9931.257,-49.66,-0.50,20.46,0.21,-49.66,-0.50,972.23,9.72
66,Exit long,2019-07-05 19:30,S1_SL,1409.934,7,9919.147,-49.61,-0.50,50.25,0.51,-49.61,-0.50,922.62,9.23
66,Entry long,2019-07-04 22:30,S1_LE,1417.021,7,9919.147,-49.61,-0.50,50.25,0.51,-49.61,-0.50,922.62,9.23
67,Exit long,2019-07-08 15:30,S1_LX_TP1,1406.144,7.1,9933.965,49.66,0.50,60.35,0.61,-26.59,-0.27,972.28,9.72
67,Entry long,2019-07-08 08:30,S1_LE,1399.15,7.1,9933.965,49.66,0.50,60.35,0.61,-26.59,-0.27,972.28,9.72
68,Exit long,2019-07-09 16:30,S1_SL,1388.269,7.1,9906.2537,-49.54,-0.50,8.97,0.09,-49.54,-0.50,922.73,9.23
68,Entry long,2019-07-09 12:30,S1_LE,1395.247,7.1,9906.2537,-49.54,-0.50,8.97,0.09,-49.54,-0.50,922.73,9.23
69,Exit long,2019-07-11 06:00,S1_LX_TP2,1418.496,7.1,9898.1171,173.2,1.75,176.57,1.78,-30.4,-0.31,1095.94,10.96
69,Entry long,2019-07-09 20:30,S1_LE,1394.101,7.1,9898.1171,173.2,1.75,176.57,1.78,-30.4,-0.31,1095.94,10.96
70,Exit long,2019-07-13 03:00,S1_LX_TP1,1416.386,7,9865.387,49.32,0.50,54.31,0.55,-45.09,-0.46,1145.25,11.45
70,Entry long,2019-07-12 10:00,S1_LE,1409.341,7,9865.387,49.32,0.50,54.31,0.55,-45.09,-0.46,1145.25,11.45
71,Exit long,2019-07-15 22:30,S1_SL,1407.725,7,9903.607,-49.53,-0.50,16.65,0.17,-49.53,-0.50,1095.72,10.96
71,Entry long,2019-07-15 16:00,S1_LE,1414.801,7,9903.607,-49.53,-0.50,16.65,0.17,-49.53,-0.50,1095.72,10.96
72,Exit long,2019-07-16 20:30,S1_SL,1407.944,7,9905.147,-49.54,-0.50,22.46,0.23,-49.54,-0.50,1046.18,10.46
72,Entry long,2019-07-16 04:00,S1_LE,1415.021,7,9905.147,-49.54,-0.50,22.46,0.23,-49.54,-0.50,1046.18,10.46
73,Exit long,2019-07-17 22:30,S1_LX_TP1,1412.959,7.1,9982.1101,49.9,0.50,75.75,0.76,-44.24,-0.44,1096.08,10.96
73,Entry long,2019-07-17 10:00,S1_LE,1405.931,7.1,9982.1101,49.9,0.50,75.75,0.76,-44.24,-0.44,1096.08,10.96
74,Exit long,2019-07-19 17:30,S1_LX_TP1,1436.299,7,9956.457,97.64,0.98,214.19,2.15,-6.66,-0.07,1193.71,11.94
74,Entry long,2019-07-18 23:00,S1_LE,1422.351,7,9956.457,97.64,0.98,214.19,2.15,-6.66,-0.07,1193.71,11.94
75,Exit long,2019-07-23 09:00,S1_SL,1419.068,7,9983.407,-49.93,-0.50,26.73,0.27,-49.93,-0.50,1143.78,11.44
75,Entry long,2019-07-22 10:30,S1_LE,1426.201,7,9983.407,-49.93,-0.50,26.73,0.27,-49.93,-0.50,1143.78,11.44
76,Exit long,2019-07-25 20:30,S1_LX_TP1,1427.341,7,9941.687,49.7,0.50,94.9,0.95,-14.99,-0.15,1193.48,11.93
76,Entry long,2019-07-24 09:30,S1_LE,1420.241,7,9941.687,49.7,0.50,94.9,0.95,-14.99,-0.15,1193.48,11.93
77,Exit long,2019-07-30 09:00,S1_LX_TP1,1423.471,7,9914.737,49.56,0.50,82.17,0.83,-21.64,-0.22,1243.04,12.43
77,Entry long,2019-07-26 09:00,S1_LE,1416.391,7,9914.737,49.56,0.50,82.17,0.83,-21.64,-0.22,1243.04,12.43
78,Exit long,2019-08-01 02:00,S1_SL,1417.914,7,9975.287,-49.89,-0.50,65.16,0.65,-49.89,-0.50,1193.15,11.93
78,Entry long,2019-07-30 12:30,S1_LE,1425.041,7,9975.287,-49.89,-0.50,65.16,0.65,-49.89,-0.50,1193.15,11.93
79,Exit long,2019-08-02 01:00,S1_LX_TP1,1418.703,7,9881.522,49.4,0.50,59.15,0.60,-15.02,-0.15,1242.55,12.43
79,Entry long,2019-08-01 22:30,S1_LE,1411.646,7,9881.522,49.4,0.50,59.15,0.60,-15.02,-0.15,1242.55,12.43
80,Exit long,2019-08-05 11:30,S1_LX_TP1,1452.383,6.9,9971.5971,49.85,0.50,75.77,0.76,-5.17,-0.05,1292.4,12.92
80,Entry long,2019-08-05 09:30,S1_LE,1445.159,6.9,9971.5971,49.85,0.50,75.77,0.76,-5.17,-0.05,1292.4,12.92
81,Exit long,2019-08-06 09:00,S1_SL,1465.085,6.7,9865.4083,-49.34,-0.50,16.56,0.17,-49.34,-0.50,1243.06,12.43
81,Entry long,2019-08-06 06:30,S1_LE,1472.449,6.7,9865.4083,-49.34,-0.50,16.56,0.17,-49.34,-0.50,1243.06,12.43
82,Exit long,2019-08-06 23:00,S1_LX_TP1,1471.219,6.8,9954.5268,49.76,0.50,57.66,0.58,-13.61,-0.14,1292.82,12.93
82,Entry long,2019-08-06 18:30,S1_LE,1463.901,6.8,9954.5268,49.76,0.50,57.66,0.58,-13.61,-0.14,1292.82,12.93
83,Exit long,2019-08-08 09:30,S1_SL,1496.895,6.6,9929.1654,-49.66,-0.50,8.75,0.09,-49.66,-0.50,1243.16,12.43
83,Entry long,2019-08-08 09:00,S1_LE,1504.419,6.6,9929.1654,-49.66,-0.50,8.75,0.09,-49.66,-0.50,1243.16,12.43
84,Exit long,2019-08-08 20:30,S1_SL,1493.429,6.6,9906.171,-49.54,-0.50,18.58,0.19,-49.54,-0.50,1193.63,11.94
84,Entry long,2019-08-08 13:00,S1_LE,1500.935,6.6,9906.171,-49.54,-0.50,18.58,0.19,-49.54,-0.50,1193.63,11.94
85,Exit long,2019-08-09 02:30,S1_LX_TP1,1505.035,6.6,9883.8234,49.41,0.50,63.5,0.64,-24.74,-0.25,1243.03,12.43
85,Entry long,2019-08-09 00:00,S1_LE,1497.549,6.6,9883.8234,49.41,0.50,63.5,0.64,-24.74,-0.25,1243.03,12.43
86,Exit long,2019-08-10 00:30,S1_SL,1498.02,6.6,9936.6234,-49.69,-0.50,1.26,0.01,-49.69,-0.50,1193.34,11.93
86,Entry long,2019-08-09 23:30,S1_LE,1505.549,6.6,9936.6234,-49.69,-0.50,1.26,0.01,-49.69,-0.50,1193.34,11.93
87,Exit long,2019-08-13 03:00,S1_LX_TP1,1510.248,6.6,9918.0576,49.58,0.50,113.94,1.15,-19.91,-0.20,1242.92,12.43
87,Entry long,2019-08-12 17:00,S1_LE,1502.736,6.6,9918.0576,49.58,0.50,113.94,1.15,-19.91,-0.20,1242.92,12.43
88,Exit long,2019-08-14 19:00,S1_LX_TP1,1509.52,6.6,9913.2726,49.56,0.50,61.97,0.63,-36.37,-0.37,1292.48,12.92
88,Entry long,2019-08-14 12:00,S1_LE,1502.011,6.6,9913.2726,49.56,0.50,61.97,0.63,-36.37,-0.37,1292.48,12.92
89,Exit long,2019-08-15 19:00,S1_SL,1513.011,6.5,9884.004,-49.43,-0.50,14.33,0.14,-49.43,-0.50,1243.05,12.43
89,Entry long,2019-08-15 18:30,S1_LE,1520.616,6.5,9884.004,-49.43,-0.50,14.33,0.14,-49.43,-0.50,1243.05,12.43
90,Exit long,2019-08-16 08:00,S1_LX_TP1,1526.042,6.5,9869.9315,49.34,0.50,56.61,0.57,-15.93,-0.16,1292.39,12.92
90,Entry long,2019-08-15 23:00,S1_LE,1518.451,6.5,9869.9315,49.34,0.50,56.61,0.57,-15.93,-0.16,1292.39,12.92
91,Exit long,2019-08-19 09:00,S1_SL,1505.604,6.6,9986.9286,-49.94,-0.50,27.78,0.28,-49.94,-0.50,1242.45,12.42
91,Entry long,2019-08-17 01:30,S1_LE,1513.171,6.6,9986.9286,-49.94,-0.50,27.78,0.28,-49.94,-0.50,1242.45,12.42
92,Exit long,2019-08-20 02:30,S1_SL,1494.768,6.6,9915.0546,-49.59,-0.50,6.66,0.07,-49.59,-0.50,1192.86,11.93
92,Entry long,2019-08-20 00:00,S1_LE,1502.281,6.6,9915.0546,-49.59,-0.50,6.66,0.07,-49.59,-0.50,1192.86,11.93
93,Exit long,2019-08-20 20:00,S1_LX_TP1,1505.138,6.6,9884.4966,49.41,0.50,72.92,0.74,-13.54,-0.14,1242.28,12.42
93,Entry long,2019-08-20 14:30,S1_LE,1497.651,6.6,9884.4966,49.41,0.50,72.92,0.74,-13.54,-0.14,1242.28,12.42
94,Exit long,2019-08-22 19:30,S1_SL,1493.932,6.6,9909.5106,-49.56,-0.50,39.92,0.40,-49.56,-0.50,1192.72,11.93
94,Entry long,2019-08-21 21:30,S1_LE,1501.441,6.6,9909.5106,-49.56,-0.50,39.92,0.40,-49.56,-0.50,1192.72,11.93
95,Exit long,2019-08-23 09:30,S1_SL,1494.995,6.6,9916.5594,-49.59,-0.50,1.79,0.02,-49.59,-0.50,1143.12,11.43
95,Entry long,2019-08-22 22:00,S1_LE,1502.509,6.6,9916.5594,-49.59,-0.50,1.79,0.02,-49.59,-0.50,1143.12,11.43
96,Exit long,2019-08-23 21:30,S1_LX_TP1,1503.741,6.6,9875.3226,49.37,0.50,57.68,0.58,-10.63,-0.11,1192.49,11.92
96,Entry long,2019-08-23 17:00,S1_LE,1496.261,6.6,9875.3226,49.37,0.50,57.68,0.58,-10.63,-0.11,1192.49,11.92
97,Exit long,2019-08-27 01:00,S1_SL,1527.24,6.5,9976.954,-49.89,-0.50,7.76,0.08,-49.89,-0.50,1142.6,11.43
97,Entry long,2019-08-26 22:30,S1_LE,1534.916,6.5,9976.954,-49.89,-0.50,7.76,0.08,-49.89,-0.50,1142.6,11.43
98,Exit long,2019-08-27 23:00,S1_LX_TP1,1536.499,6.5,9937.564,49.68,0.50,63.06,0.63,-14.27,-0.14,1192.28,11.92
98,Entry long,2019-08-27 10:30,S1_LE,1528.856,6.5,9937.564,49.68,0.50,63.06,0.63,-14.27,-0.14,1192.28,11.92
99,Exit long,2019-08-28 21:30,S1_SL,1533.852,6.4,9865.9904,-49.34,-0.50,34.17,0.35,-49.34,-0.50,1142.94,11.43
99,Entry long,2019-08-28 16:00,S1_LE,1541.561,6.4,9865.9904,-49.34,-0.50,34.17,0.35,-49.34,-0.50,1142.94,11.43
100,Exit long,2019-08-29 19:00,S1_SL,1534.28,6.4,9868.7424,-49.35,-0.50,53.69,0.54,-49.35,-0.50,1093.59,10.94
100,Entry long,2019-08-29 02:30,S1_LE,1541.991,6.4,9868.7424,-49.35,-0.50,53.69,0.54,-49.35,-0.50,1093.59,10.94
101,Exit long,2019-08-30 00:00,S1_SL,1534.255,6.4,9868.5824,-49.35,-0.50,6.43,0.07,-49.35,-0.50,1044.24,10.44
101,Entry long,2019-08-29 22:30,S1_LE,1541.966,6.4,9868.5824,-49.35,-0.50,6.43,0.07,-49.35,-0.50,1044.24,10.44
102,Exit long,2019-08-31 01:30,S1_SL,1519.156,6.5,9924.1415,-49.63,-0.50,41.33,0.42,-49.63,-0.50,994.61,9.95
102,Entry long,2019-08-30 13:30,S1_LE,1526.791,6.5,9924.1415,-49.63,-0.50,41.33,0.42,-49.63,-0.50,994.61,9.95
103,Exit long,2019-09-02 09:00,S1_SL,1522.746,6.5,9947.5935,-49.74,-0.50,18.99,0.19,-49.74,-0.50,944.87,9.45
103,Entry long,2019-09-02 06:30,S1_LE,1530.399,6.5,9947.5935,-49.74,-0.50,18.99,0.19,-49.74,-0.50,944.87,9.45
104,Exit long,2019-09-03 18:00,S1_LX_TP1,1532.388,6.5,9910.979,49.54,0.50,59.18,0.60,-21.52,-0.22,994.41,9.94
104,Entry long,2019-09-02 18:30,S1_LE,1524.766,6.5,9910.979,49.54,0.50,59.18,0.60,-21.52,-0.22,994.41,9.94
105,Exit long,2019-09-05 08:00,S1_LX_TP1,1549.227,6.4,9865.7344,49.32,0.50,99.71,1.01,-1.86,-0.02,1043.73,10.44
105,Entry long,2019-09-04 21:00,S1_LE,1541.521,6.4,9865.7344,49.32,0.50,99.71,1.01,-1.86,-0.02,1043.73,10.44
106,Exit long,2019-09-05 18:00,S1_SL,1540.049,6.4,9905.8496,-49.54,-0.50,3.4,0.03,-49.54,-0.50,994.19,9.94
106,Entry long,2019-09-05 15:30,S1_LE,1547.789,6.4,9905.8496,-49.54,-0.50,3.4,0.03,-49.54,-0.50,994.19,9.94
107,Exit long,2019-09-06 14:30,S1_SL,1511.492,6.5,9874.0785,-49.38,-0.50,4.56,0.05,-49.38,-0.50,944.81,9.45
107,Entry long,2019-09-06 08:30,S1_LE,1519.089,6.5,9874.0785,-49.38,-0.50,4.56,0.05,-49.38,-0.50,944.81,9.45
108,Exit long,2019-09-06 21:30,S1_LX_TP1,1523.459,6.5,9853.2265,49.26,0.50,57.82,0.59,-0.14,0.00,994.07,9.94
108,Entry long,2019-09-06 21:00,S1_LE,1515.881,6.5,9853.2265,49.26,0.50,57.82,0.59,-0.14,0.00,994.07,9.94
109,Exit long,2019-09-09 22:30,S1_SL,1501.584,6.6,9960.2646,-49.81,-0.50,42.7,0.43,-49.81,-0.50,944.26,9.44
109,Entry long,2019-09-09 18:00,S1_LE,1509.131,6.6,9960.2646,-49.81,-0.50,42.7,0.43,-49.81,-0.50,944.26,9.44
110,Exit long,2019-09-11 04:00,S1_SL,1486.171,6.6,9858.0306,-49.3,-0.50,48.7,0.49,-49.3,-0.50,894.96,8.95
110,Entry long,2019-09-10 16:00,S1_LE,1493.641,6.6,9858.0306,-49.3,-0.50,48.7,0.49,-49.3,-0.50,894.96,8.95
111,Exit long,2019-09-13 00:00,S1_LX_TP1,1499.862,6.7,9999.0867,49.99,0.50,213.32,2.13,-39.54,-0.40,944.94,9.45
111,Entry long,2019-09-11 09:30,S1_LE,1492.401,6.7,9999.0867,49.99,0.50,213.32,2.13,-39.54,-0.40,944.94,9.45
112,Exit long,2019-09-16 08:30,S1_LX_TP1,1509.713,6.6,9914.5398,49.57,0.50,65.58,0.66,-5.43,-0.05,994.51,9.95
112,Entry long,2019-09-16 06:30,S1_LE,1502.203,6.6,9914.5398,49.57,0.50,65.58,0.66,-5.43,-0.05,994.51,9.95
113,Exit long,2019-09-17 12:30,S1_SL,1496.06,6.6,9923.6214,-49.63,-0.50,6.79,0.07,-49.63,-0.50,944.89,9.45
113,Entry long,2019-09-17 00:30,S1_LE,1503.579,6.6,9923.6214,-49.63,-0.50,6.79,0.07,-49.63,-0.50,944.89,9.45
114,Exit long,2019-09-19 01:00,S1_LX_TP1,1506.876,6.6,9895.9146,49.47,0.50,78.01,0.79,-24.29,-0.25,994.35,9.94
114,Entry long,2019-09-17 17:30,S1_LE,1499.381,6.6,9895.9146,49.47,0.50,78.01,0.79,-24.29,-0.25,994.35,9.94
115,Exit long,2019-09-19 21:00,S1_LX_TP1,1502.123,6.6,9864.6966,49.32,0.50,65.66,0.67,-7.81,-0.08,1043.67,10.44
115,Entry long,2019-09-19 12:30,S1_LE,1494.651,6.6,9864.6966,49.32,0.50,65.66,0.67,-7.81,-0.08,1043.67,10.44
116,Exit long,2019-09-21 01:30,S1_LX_TP1,1507.148,6.6,9897.6966,49.48,0.50,68.63,0.69,-10.24,-0.10,1093.15,10.93
116,Entry long,2019-09-20 08:30,S1_LE,1499.651,6.6,9897.6966,49.48,0.50,68.63,0.69,-10.24,-0.10,1093.15,10.93
117,Exit long,2019-09-25 01:00,S1_LX_TP1,1531.127,6.5,9902.8215,49.5,0.50,79.16,0.80,-18.01,-0.18,1142.65,11.43
117,Entry long,2019-09-24 22:30,S1_LE,1523.511,6.5,9902.8215,49.5,0.50,79.16,0.80,-18.01,-0.18,1142.65,11.43
118,Exit long,2019-09-25 22:30,S1_SL,1524.065,6.5,9956.2125,-49.79,-0.50,7.64,0.08,-49.79,-0.50,1092.86,10.93
118,Entry long,2019-09-25 16:00,S1_LE,1531.725,6.5,9956.2125,-49.79,-0.50,7.64,0.08,-49.79,-0.50,1092.86,10.93
119,Exit long,2019-09-26 20:30,S1_SL,1501.037,6.6,9956.6346,-49.79,-0.50,16.65,0.17,-49.79,-0.50,1043.07,10.43
119,Entry long,2019-09-26 09:30,S1_LE,1508.581,6.6,9956.6346,-49.79,-0.50,16.65,0.17,-49.79,-0.50,1043.07,10.43
120,Exit long,2019-09-27 03:30,S1_SL,1501.909,6.6,9962.4228,-49.82,-0.50,11.5,0.12,-49.82,-0.50,993.25,9.93
120,Entry long,2019-09-26 22:00,S1_LE,1509.458,6.6,9962.4228,-49.82,-0.50,11.5,0.12,-49.82,-0.50,993.25,9.93
121,Exit long,2019-09-27 14:30,S1_SL,1498.937,6.6,9942.7086,-49.72,-0.50,3.3,0.03,-49.72,-0.50,943.52,9.44
121,Entry long,2019-09-27 11:30,S1_LE,1506.471,6.6,9942.7086,-49.72,-0.50,3.3,0.03,-49.72,-0.50,943.52,9.44
122,Exit long,2019-09-30 14:00,S1_SL,1490.002,6.6,9883.4406,-49.43,-0.50,36.77,0.37,-49.43,-0.50,894.1,8.94
122,Entry long,2019-09-28 00:30,S1_LE,1497.491,6.6,9883.4406,-49.43,-0.50,36.77,0.37,-49.43,-0.50,894.1,8.94
123,Exit long,2019-10-02 12:00,S1_LX_TP1,1476.789,6.8,9983.7532,58.41,0.59,129.89,1.30,-42.6,-0.43,952.51,9.53
123,Entry long,2019-10-01 18:30,S1_LE,1468.199,6.8,9983.7532,58.41,0.59,129.89,1.30,-42.6,-0.43,952.51,9.53
124,Exit long,2019-10-03 13:00,S1_LX_TP1,1497.609,6.7,9931.2827,102.7,1.03,152.89,1.54,-25.33,-0.26,1055.21,10.55
124,Entry long,2019-10-02 15:30,S1_LE,1482.281,6.7,9931.2827,102.7,1.03,152.89,1.54,-25.33,-0.26,1055.21,10.55
125,Exit long,2019-10-04 20:30,S1_SL,1500.657,6.6,9954.1134,-49.78,-0.50,49.23,0.49,-49.78,-0.50,1005.43,10.05
125,Entry long,2019-10-04 08:00,S1_LE,1508.199,6.6,9954.1134,-49.78,-0.50,49.23,0.49,-49.78,-0.50,1005.43,10.05
126,Exit long,2019-10-07 15:00,S1_SL,1500.763,6.6,9954.8196,-49.78,-0.50,27.76,0.28,-49.78,-0.50,955.64,9.56
126,Entry long,2019-10-05 01:00,S1_LE,1508.306,6.6,9954.8196,-49.78,-0.50,27.76,0.28,-49.78,-0.50,955.64,9.56
127,Exit long,2019-10-08 19:30,S1_LX_TP1,1504.181,6.6,9878.2134,49.38,0.50,67.33,0.68,-6.73,-0.07,1005.03,10.05
127,Entry long,2019-10-08 16:00,S1_LE,1496.699,6.6,9878.2134,49.38,0.50,67.33,0.68,-6.73,-0.07,1005.03,10.05
128,Exit long,2019-10-10 07:30,S1_LX_TP1,1512.545,6.6,9933.1386,49.66,0.50,79.11,0.80,-35.78,-0.36,1054.68,10.55
128,Entry long,2019-10-09 03:00,S1_LE,1505.021,6.6,9933.1386,49.66,0.50,79.11,0.80,-35.78,-0.36,1054.68,10.55
129,Exit long,2019-10-11 19:30,S1_SL,1488.191,6.6,9871.4286,-49.37,-0.50,50.35,0.51,-49.37,-0.50,1005.32,10.05
129,Entry long,2019-10-11 10:00,S1_LE,1495.671,6.6,9871.4286,-49.37,-0.50,50.35,0.51,-49.37,-0.50,1005.32,10.05
130,Exit long,2019-10-14 17:30,S1_LX_TP1,1494.535,6.7,9963.5767,49.81,0.50,61.3,0.62,-29.35,-0.29,1055.12,10.55
130,Entry long,2019-10-12 04:30,S1_LE,1487.101,6.7,9963.5767,49.81,0.50,61.3,0.62,-29.35,-0.29,1055.12,10.55
131,Exit long,2019-10-15 21:30,S1_SL,1485.809,6.6,9855.6282,-49.29,-0.50,34.21,0.35,-49.29,-0.50,1005.84,10.06
131,Entry long,2019-10-15 01:00,S1_LE,1493.277,6.6,9855.6282,-49.29,-0.50,34.21,0.35,-49.29,-0.50,1005.84,10.06
132,Exit long,2019-10-16 22:00,S1_SL,1483.115,6.7,9986.8123,-49.94,-0.50,8.25,0.08,-49.94,-0.50,955.89,9.56
132,Entry long,2019-10-16 21:00,S1_LE,1490.569,6.7,9986.8123,-49.94,-0.50,8.25,0.08,-49.94,-0.50,955.89,9.56
133,Exit long,2019-10-17 17:30,S1_SL,1483.634,6.7,9990.3097,-49.96,-0.50,5.42,0.05,-49.96,-0.50,905.93,9.06
133,Entry long,2019-10-17 14:30,S1_LE,1491.091,6.7,9990.3097,-49.96,-0.50,5.42,0.05,-49.96,-0.50,905.93,9.06
134,Exit long,2019-10-21 23:00,S1_SL,1483.931,6.7,9992.3063,-49.97,-0.50,40.27,0.40,-49.97,-0.50,855.96,8.56
134,Entry long,2019-10-17 20:30,S1_LE,1491.389,6.7,9992.3063,-49.97,-0.50,40.27,0.40,-49.97,-0.50,855.96,8.56
135,Exit long,2019-10-23 18:00,S1_LX_TP1,1491.53,6.7,9943.5437,49.71,0.50,73.12,0.74,-10.12,-0.10,905.67,9.06
135,Entry long,2019-10-22 11:30,S1_LE,1484.111,6.7,9943.5437,49.71,0.50,73.12,0.74,-10.12,-0.10,905.67,9.06
136,Exit long,2019-10-24 22:30,S1_LX_TP1,1500.691,6.6,9855.2916,49.27,0.50,55.93,0.57,-35.81,-0.36,954.94,9.55
136,Entry long,2019-10-24 10:00,S1_LE,1493.226,6.6,9855.2916,49.27,0.50,55.93,0.57,-35.81,-0.36,954.94,9.55
137,Exit long,2019-10-28 20:30,S1_SL,1498.31,6.6,9938.5506,-49.7,-0.50,15.49,0.16,-49.7,-0.50,905.23,9.05
137,Entry long,2019-10-28 10:00,S1_LE,1505.841,6.6,9938.5506,-49.7,-0.50,15.49,0.16,-49.7,-0.50,905.23,9.05
138,Exit long,2019-10-29 18:30,S1_SL,1484.858,6.7,9998.5507,-50,-0.50,16.33,0.16,-50,-0.50,855.23,8.55
138,Entry long,2019-10-29 11:00,S1_LE,1492.321,6.7,9998.5507,-50,-0.50,16.33,0.16,-50,-0.50,855.23,8.55
139,Exit long,2019-10-31 02:30,S1_SL,1481.554,6.7,9976.3067,-49.89,-0.50,44.77,0.45,-49.89,-0.50,805.34,8.05
139,Entry long,2019-10-30 09:00,S1_LE,1489.001,6.7,9976.3067,-49.89,-0.50,44.77,0.45,-49.89,-0.50,805.34,8.05
140,Exit long,2019-11-01 13:30,S1_LX_TP1,1509.369,6.6,9874.9266,86.91,0.88,119.45,1.21,-17.17,-0.17,892.25,8.92
140,Entry long,2019-10-31 04:00,S1_LE,1496.201,6.6,9874.9266,86.91,0.88,119.45,1.21,-17.17,-0.17,892.25,8.92
141,Exit long,2019-11-01 20:30,S1_SL,1504.798,6.6,9981.5826,-49.92,-0.50,15.49,0.16,-49.92,-0.50,842.33,8.42
141,Entry long,2019-11-01 16:00,S1_LE,1512.361,6.6,9981.5826,-49.92,-0.50,15.49,0.16,-49.92,-0.50,842.33,8.42
142,Exit long,2019-11-05 00:00,S1_SL,1506.028,6.6,9989.7402,-49.96,-0.50,7.86,0.08,-49.96,-0.50,792.38,7.92
142,Entry long,2019-11-04 16:00,S1_LE,1513.597,6.6,9989.7402,-49.96,-0.50,7.86,0.08,-49.96,-0.50,792.38,7.92
143,Exit long,2019-11-05 14:00,S1_SL,1502.609,6.6,9967.0626,-49.84,-0.50,1.95,0.02,-49.84,-0.50,742.53,7.43
143,Entry long,2019-11-05 05:30,S1_LE,1510.161,6.6,9967.0626,-49.84,-0.50,1.95,0.02,-49.84,-0.50,742.53,7.43
144,Exit long,2019-11-07 23:30,S1_SL,1478.54,6.7,9956.0057,-49.79,-0.50,55.8,0.56,-49.79,-0.50,692.74,6.93
144,Entry long,2019-11-06 09:00,S1_LE,1485.971,6.7,9956.0057,-49.79,-0.50,55.8,0.56,-49.79,-0.50,692.74,6.93
145,Exit long,2019-11-08 20:00,S1_SL,1461.296,6.8,9986.7588,-49.95,-0.50,29.29,0.29,-49.95,-0.50,642.8,6.43
145,Entry long,2019-11-08 10:30,S1_LE,1468.641,6.8,9986.7588,-49.95,-0.50,29.29,0.29,-49.95,-0.50,642.8,6.43
146,Exit long,2019-11-09 04:00,S1_SL,1459.844,6.8,9976.8308,-49.89,-0.50,2.65,0.03,-49.89,-0.50,592.91,5.93
146,Entry long,2019-11-09 00:30,S1_LE,1467.181,6.8,9976.8308,-49.89,-0.50,2.65,0.03,-49.89,-0.50,592.91,5.93
147,Exit long,2019-11-11 23:00,S1_SL,1455.436,6.8,9946.7068,-49.74,-0.50,24.94,0.25,-49.74,-0.50,543.16,5.43
147,Entry long,2019-11-11 10:00,S1_LE,1462.751,6.8,9946.7068,-49.74,-0.50,24.94,0.25,-49.74,-0.50,543.16,5.43
148,Exit long,2019-11-12 14:00,S1_SL,1449.406,6.8,9905.4988,-49.54,-0.50,2.37,0.02,-49.54,-0.50,493.63,4.94
148,Entry long,2019-11-12 08:30,S1_LE,1456.691,6.8,9905.4988,-49.54,-0.50,2.37,0.02,-49.54,-0.50,493.63,4.94
149,Exit long,2019-11-12 23:30,S1_SL,1448.53,6.8,9899.5148,-49.51,-0.50,1.42,0.01,-49.51,-0.50,444.12,4.44
149,Entry long,2019-11-12 18:00,S1_LE,1455.811,6.8,9899.5148,-49.51,-0.50,1.42,0.01,-49.51,-0.50,444.12,4.44
150,Exit long,2019-11-13 14:00,S1_LX_TP1,1461.069,6.8,9885.8468,49.42,0.50,53.71,0.54,-9.12,-0.09,493.54,4.94
150,Entry long,2019-11-13 02:00,S1_LE,1453.801,6.8,9885.8468,49.42,0.50,53.71,0.54,-9.12,-0.09,493.54,4.94
151,Exit long,2019-11-15 03:00,S1_LX_TP1,1473.474,6.8,9969.786,49.84,0.50,57.49,0.58,-35.05,-0.35,543.38,5.43
151,Entry long,2019-11-14 03:30,S1_LE,1466.145,6.8,9969.786,49.84,0.50,57.49,0.58,-35.05,-0.35,543.38,5.43
152,Exit long,2019-11-18 16:30,S1_SL,1458.834,6.8,9969.9288,-49.86,-0.50,23.35,0.23,-49.86,-0.50,493.52,4.94
152,Entry long,2019-11-15 19:30,S1_LE,1466.166,6.8,9969.9288,-49.86,-0.50,23.35,0.23,-49.86,-0.50,493.52,4.94
153,Exit long,2019-11-19 00:00,S1_LX_TP1,1471.691,6.8,9957.7228,49.78,0.50,53.24,0.53,-0.14,0.00,543.29,5.43
153,Entry long,2019-11-18 22:00,S1_LE,1464.371,6.8,9957.7228,49.78,0.50,53.24,0.53,-0.14,0.00,543.29,5.43
154,Exit long,2019-11-19 18:00,S1_SL,1465.195,6.7,9866.1453,-49.34,-0.50,4.96,0.05,-49.34,-0.50,493.96,4.94
154,Entry long,2019-11-19 14:30,S1_LE,1472.559,6.7,9866.1453,-49.34,-0.50,4.96,0.05,-49.34,-0.50,493.96,4.94
155,Exit long,2019-11-21 21:00,S1_SL,1465.925,6.7,9871.0631,-49.37,-0.50,15.79,0.16,-49.37,-0.50,444.59,4.45
155,Entry long,2019-11-21 04:30,S1_LE,1473.293,6.7,9871.0631,-49.37,-0.50,15.79,0.16,-49.37,-0.50,444.59,4.45
156,Exit long,2019-11-25 16:00,S1_SL,1457.495,6.8,9960.7828,-49.82,-0.50,56.98,0.57,-49.82,-0.50,394.77,3.95
156,Entry long,2019-11-22 12:00,S1_LE,1464.821,6.8,9960.7828,-49.82,-0.50,56.98,0.57,-49.82,-0.50,394.77,3.95
157,Exit long,2019-11-26 09:30,S1_SL,1451.774,6.8,9921.6828,-49.62,-0.50,2.29,0.02,-49.62,-0.50,345.15,3.45
157,Entry long,2019-11-25 23:30,S1_LE,1459.071,6.8,9921.6828,-49.62,-0.50,2.29,0.02,-49.62,-0.50,345.15,3.45
158,Exit long,2019-11-27 05:30,S1_LX_TP1,1462.375,6.8,9894.6868,49.46,0.50,53.03,0.54,-36.05,-0.36,394.62,3.95
158,Entry long,2019-11-26 13:00,S1_LE,1455.101,6.8,9894.6868,49.46,0.50,53.03,0.54,-36.05,-0.36,394.62,3.95
159,Exit long,2019-11-28 00:00,S1_SL,1452.55,6.8,9926.9868,-49.65,-0.50,2.47,0.02,-49.65,-0.50,344.97,3.45
159,Entry long,2019-11-27 19:00,S1_LE,1459.851,6.8,9926.9868,-49.65,-0.50,2.47,0.02,-49.65,-0.50,344.97,3.45
160,Exit long,2019-11-30 01:30,S1_LX_TP1,1464.134,6.8,9906.5868,49.52,0.50,65.8,0.66,-27.55,-0.28,394.49,3.94
160,Entry long,2019-11-28 07:30,S1_LE,1456.851,6.8,9906.5868,49.52,0.50,65.8,0.66,-27.55,-0.28,394.49,3.94
161,Exit long,2019-12-04 17:00,S1_LX_TP1,1475.799,6.8,9924.9332,110.5,1.11,166.95,1.68,-19.37,-0.20,504.99,5.05
161,Entry long,2019-12-02 21:30,S1_LE,1459.549,6.8,9924.9332,110.5,1.11,166.95,1.68,-19.37,-0.20,504.99,5.05
162,Exit long,2019-12-06 21:30,S1_SL,1468.102,6.7,9885.7227,-49.44,-0.50,32.56,0.33,-49.44,-0.50,455.55,4.56
162,Entry long,2019-12-05 08:00,S1_LE,1475.481,6.7,9885.7227,-49.44,-0.50,32.56,0.33,-49.44,-0.50,455.55,4.56
163,Exit long,2019-12-10 22:30,S1_LX_TP1,1467.649,6.8,9930.8492,49.16,0.50,59.34,0.60,-9.11,-0.09,504.72,5.05
163,Entry long,2019-12-09 13:00,S1_LE,1460.419,6.8,9930.8492,49.16,0.50,59.34,0.60,-9.11,-0.09,504.72,5.05
164,Exit long,2019-12-12 00:30,S1_LX_TP1,1471.792,6.8,9958.4028,49.78,0.50,56.69,0.57,-12.74,-0.13,554.5,5.55
164,Entry long,2019-12-11 15:30,S1_LE,1464.471,6.8,9958.4028,49.78,0.50,56.69,0.57,-12.74,-0.13,554.5,5.55
165,Exit long,2019-12-12 22:30,S1_LX_TP1,1482.171,6.7,9881.1533,49.39,0.50,81.75,0.83,-5.29,-0.05,603.89,6.04
165,Entry long,2019-12-12 19:00,S1_LE,1474.799,6.7,9881.1533,49.39,0.50,81.75,0.83,-5.29,-0.05,603.89,6.04
166,Exit long,2019-12-14 00:30,S1_LX_TP1,1475.872,6.8,9986.0108,49.92,0.50,53.51,0.54,-22.72,-0.23,653.81,6.54
166,Entry long,2019-12-13 10:00,S1_LE,1468.531,6.8,9986.0108,49.92,0.50,53.51,0.54,-22.72,-0.23,653.81,6.54
167,Exit long,2019-12-23 15:30,S1_LX_TP1,1483.558,6.7,9890.3993,49.44,0.50,59.64,0.60,-39.39,-0.40,703.25,7.03
167,Entry long,2019-12-16 14:00,S1_LE,1476.179,6.7,9890.3993,49.44,0.50,59.64,0.60,-39.39,-0.40,703.25,7.03
168,Exit long,2019-12-24 18:30,S1_LX_TP1,1491.624,6.7,9944.2807,49.6,0.50,59.49,0.60,-3.83,-0.04,752.85,7.53
168,Entry long,2019-12-24 01:30,S1_LE,1484.221,6.7,9944.2807,49.6,0.50,59.49,0.60,-3.83,-0.04,752.85,7.53
169,Exit long,2019-12-31 21:30,S1_LX_TP1,1519.886,6.6,9981.3516,49.9,0.50,85.5,0.86,-24.59,-0.25,802.75,8.03
169,Entry long,2019-12-27 18:30,S1_LE,1512.326,6.6,9981.3516,49.9,0.50,85.5,0.86,-24.59,-0.25,802.75,8.03
170,Exit long,2020-01-03 00:00,S1_LX_TP1,1528.184,6.5,9883.7895,49.41,0.50,69.89,0.71,-14.84,-0.15,852.15,8.52
170,Entry long,2020-01-02 11:00,S1_LE,1520.583,6.5,9883.7895,49.41,0.50,69.89,0.71,-14.84,-0.15,852.15,8.52
171,Exit long,2020-01-08 08:00,S1_LX_TP2,1594.192,6.3,9870.6825,172.73,1.75,199.03,2.02,-23.78,-0.24,1024.88,10.25
171,Entry long,2020-01-07 14:30,S1_LE,1566.775,6.3,9870.6825,172.73,1.75,199.03,2.02,-23.78,-0.24,1024.88,10.25
172,Exit long,2020-01-09 14:00,S1_SL,1551.588,6.4,9980.0704,-49.91,-0.50,9.05,0.09,-49.91,-0.50,974.97,9.75
172,Entry long,2020-01-09 10:30,S1_LE,1559.386,6.4,9980.0704,-49.91,-0.50,9.05,0.09,-49.91,-0.50,974.97,9.75
173,Exit long,2020-01-09 23:00,S1_SL,1546.871,6.4,9949.7344,-49.76,-0.50,1.63,0.02,-49.76,-0.50,925.21,9.25
173,Entry long,2020-01-09 21:00,S1_LE,1554.646,6.4,9949.7344,-49.76,-0.50,1.63,0.02,-49.76,-0.50,925.21,9.25
174,Exit long,2020-01-11 00:00,S1_LX_TP1,1558.403,6.4,9924.1664,49.61,0.50,56.63,0.57,-25.16,-0.25,974.83,9.75
174,Entry long,2020-01-10 16:00,S1_LE,1550.651,6.4,9924.1664,49.61,0.50,56.63,0.57,-25.16,-0.25,974.83,9.75
175,Exit long,2020-01-14 07:30,S1_SL,1547.025,6.4,9950.7264,-49.77,-0.50,8.35,0.08,-49.77,-0.50,925.06,9.25
175,Entry long,2020-01-13 21:00,S1_LE,1554.801,6.4,9950.7264,-49.77,-0.50,8.35,0.08,-49.77,-0.50,925.06,9.25
176,Exit long,2020-01-15 14:00,S1_LX_TP1,1550.704,6.4,9875.1424,49.36,0.50,69.82,0.71,-13.7,-0.14,974.42,9.74
176,Entry long,2020-01-14 16:00,S1_LE,1542.991,6.4,9875.1424,49.36,0.50,69.82,0.71,-13.7,-0.14,974.42,9.74
177,Exit long,2020-01-18 03:30,S1_LX_TP1,1560.322,6.4,9936.3904,49.67,0.50,55.48,0.56,-30.47,-0.31,1024.09,10.24
177,Entry long,2020-01-16 01:30,S1_LE,1552.561,6.4,9936.3904,49.67,0.50,55.48,0.56,-30.47,-0.31,1024.09,10.24
178,Exit long,2020-01-21 21:30,S1_SL,1551.75,6.4,9981.1136,-49.91,-0.50,57.93,0.58,-49.91,-0.50,974.18,9.74
178,Entry long,2020-01-20 12:30,S1_LE,1559.549,6.4,9981.1136,-49.91,-0.50,57.93,0.58,-49.91,-0.50,974.18,9.74
179,Exit long,2020-01-24 00:30,S1_LX_TP1,1565.096,6.4,9966.7904,49.82,0.50,62.44,0.63,-47.43,-0.48,1024,10.24
179,Entry long,2020-01-22 01:00,S1_LE,1557.311,6.4,9966.7904,49.82,0.50,62.44,0.63,-47.43,-0.48,1024,10.24
180,Exit long,2020-01-25 00:00,S1_LX_TP1,1569.408,6.4,9994.2464,49.96,0.50,88.95,0.89,-33.93,-0.34,1073.97,10.74
180,Entry long,2020-01-24 18:30,S1_LE,1561.601,6.4,9994.2464,49.96,0.50,88.95,0.89,-33.93,-0.34,1073.97,10.74
181,Exit long,2020-01-28 20:00,S1_SL,1574.716,6.3,9970.5753,-49.86,-0.50,4.32,0.04,-49.86,-0.50,1024.11,10.24
181,Entry long,2020-01-28 05:00,S1_LE,1582.631,6.3,9970.5753,-49.86,-0.50,4.32,0.04,-49.86,-0.50,1024.11,10.24
182,Exit long,2020-01-30 04:00,S1_LX_TP1,1575.357,6.3,9875.3823,49.37,0.50,66.02,0.67,-2.22,-0.02,1073.47,10.73
182,Entry long,2020-01-29 15:00,S1_LE,1567.521,6.3,9875.3823,49.37,0.50,66.02,0.67,-2.22,-0.02,1073.47,10.73
183,Exit long,2020-01-31 05:00,S1_SL,1575.686,6.3,9976.7178,-49.9,-0.50,14.69,0.15,-49.9,-0.50,1023.58,10.24
183,Entry long,2020-01-31 00:00,S1_LE,1583.606,6.3,9976.7178,-49.9,-0.50,14.69,0.15,-49.9,-0.50,1023.58,10.24
184,Exit long,2020-01-31 23:00,S1_LX_TP1,1582.674,6.3,9921.2463,49.6,0.50,62.99,0.63,-3.16,-0.03,1073.18,10.73
184,Entry long,2020-01-31 15:30,S1_LE,1574.801,6.3,9921.2463,49.6,0.50,62.99,0.63,-3.16,-0.03,1073.18,10.73
185,Exit long,2020-02-03 23:00,S1_SL,1571.718,6.3,9951.5934,-49.77,-0.50,4.9,0.05,-49.77,-0.50,1023.41,10.23
185,Entry long,2020-02-03 21:00,S1_LE,1579.618,6.3,9951.5934,-49.77,-0.50,4.9,0.05,-49.77,-0.50,1023.41,10.23
186,Exit long,2020-02-04 14:30,S1_SL,1570.992,6.3,9946.9944,-49.74,-0.50,4.28,0.04,-49.74,-0.50,973.66,9.74
186,Entry long,2020-02-04 07:30,S1_LE,1578.888,6.3,9946.9944,-49.74,-0.50,4.28,0.04,-49.74,-0.50,973.66,9.74
187,Exit long,2020-02-06 17:30,S1_LX_TP1,1562.523,6.4,9950.4064,49.74,0.50,59.19,0.59,-47.69,-0.48,1023.4,10.23
187,Entry long,2020-02-05 08:30,S1_LE,1554.751,6.4,9950.4064,49.74,0.50,59.19,0.59,-47.69,-0.48,1023.4,10.23
188,Exit long,2020-02-11 02:00,S1_LX_TP1,1575.84,6.3,9878.4063,49.39,0.50,56.57,0.57,-49.15,-0.50,1072.79,10.73
188,Entry long,2020-02-07 18:00,S1_LE,1568.001,6.3,9878.4063,49.39,0.50,56.57,0.57,-49.15,-0.50,1072.79,10.73
189,Exit long,2020-02-14 08:00,S1_LX_TP1,1577.01,6.3,9885.7458,49.42,0.50,57.54,0.58,-48.61,-0.49,1122.2,11.22
189,Entry long,2020-02-11 19:30,S1_LE,1569.166,6.3,9885.7458,49.42,0.50,57.54,0.58,-48.61,-0.49,1122.2,11.22
190,Exit long,2020-02-15 05:30,S1_LX_TP1,1583.926,6.3,9929.0961,49.64,0.50,52.1,0.52,-7.92,-0.08,1171.84,11.72
190,Entry long,2020-02-14 17:30,S1_LE,1576.047,6.3,9929.0961,49.64,0.50,52.1,0.52,-7.92,-0.08,1171.84,11.72
191,Exit long,2020-02-18 22:30,S1_LX_TP1,1589.454,6.3,9963.7524,49.81,0.50,74.29,0.75,-7.23,-0.07,1221.65,12.22
191,Entry long,2020-02-17 21:30,S1_LE,1581.548,6.3,9963.7524,49.81,0.50,74.29,0.75,-7.23,-0.07,1221.65,12.22
192,Exit long,2020-02-20 21:30,S1_LX_TP1,1615.557,6.2,9966.6302,49.82,0.50,72.1,0.72,-23.69,-0.24,1271.47,12.71
192,Entry long,2020-02-20 02:00,S1_LE,1607.521,6.2,9966.6302,49.82,0.50,72.1,0.72,-23.69,-0.24,1271.47,12.71
193,Exit long,2020-02-25 19:30,S1_SL,1644.884,6,9918.906,-49.6,-0.50,24.11,0.24,-49.6,-0.50,1221.87,12.22
193,Entry long,2020-02-25 17:30,S1_LE,1653.151,6,9918.906,-49.6,-0.50,24.11,0.24,-49.6,-0.50,1221.87,12.22
194,Exit long,2020-02-26 21:30,S1_SL,1636.158,6,9866.286,-49.34,-0.50,64.31,0.65,-49.34,-0.50,1172.53,11.73
194,Entry long,2020-02-26 13:30,S1_LE,1644.381,6,9866.286,-49.34,-0.50,64.31,0.65,-49.34,-0.50,1172.53,11.73
195,Exit long,2020-02-27 04:30,S1_SL,1637.859,6,9876.546,-49.39,-0.50,23.31,0.24,-49.39,-0.50,1123.14,11.23
195,Entry long,2020-02-27 03:00,S1_LE,1646.091,6,9876.546,-49.39,-0.50,23.31,0.24,-49.39,-0.50,1123.14,11.23
196,Exit long,2020-02-28 00:00,S1_SL,1643.272,6,9909.186,-49.55,-0.50,53.02,0.54,-49.55,-0.50,1073.59,10.74
196,Entry long,2020-02-27 20:30,S1_LE,1651.531,6,9909.186,-49.55,-0.50,53.02,0.54,-49.55,-0.50,1073.59,10.74
197,Exit long,2020-03-02 17:00,S1_LX_TP1,1604.944,6.2,9901.1582,49.49,0.50,60.97,0.62,-38.82,-0.39,1123.08,11.23
197,Entry long,2020-03-02 09:00,S1_LE,1596.961,6.2,9901.1582,49.49,0.50,60.97,0.62,-38.82,-0.39,1123.08,11.23
198,Exit long,2020-03-04 15:00,S1_LX_TP2,1639.399,6.2,9909.2802,254.99,2.57,338.14,3.41,-31.44,-0.32,1378.08,13.78
198,Entry long,2020-03-03 09:30,S1_LE,1598.271,6.2,9909.2802,254.99,2.57,338.14,3.41,-31.44,-0.32,1378.08,13.78
199,Exit long,2020-03-06 05:00,S1_LX_TP2,1670.436,6,9850.248,172.37,1.75,197.35,2.00,-49.25,-0.50,1550.44,15.50
199,Entry long,2020-03-04 19:00,S1_LE,1641.708,6,9850.248,172.37,1.75,197.35,2.00,-49.25,-0.50,1550.44,15.50
200,Exit long,2020-03-07 04:30,S1_SL,1676.899,5.9,9950.7689,-57.06,-0.57,33.21,0.33,-124.32,-1.25,1493.38,14.93
200,Entry long,2020-03-07 04:00,S1_LE,1686.571,5.9,9950.7689,-57.06,-0.57,33.21,0.33,-124.32,-1.25,1493.38,14.93
201,Exit long,2020-03-09 11:00,S1_SL,1685.758,5.9,9995.9629,-49.99,-0.50,55.28,0.55,-49.99,-0.50,1443.39,14.43
201,Entry long,2020-03-09 06:30,S1_LE,1694.231,5.9,9995.9629,-49.99,-0.50,55.28,0.55,-49.99,-0.50,1443.39,14.43
202,Exit long,2020-03-09 21:30,S1_LX_TP1,1684.168,5.9,9887.1669,49.42,0.50,58.79,0.59,-26.5,-0.27,1492.81,14.93
202,Entry long,2020-03-09 20:00,S1_LE,1675.791,5.9,9887.1669,49.42,0.50,58.79,0.59,-26.5,-0.27,1492.81,14.93
203,Exit long,2020-03-10 07:00,S1_SL,1666.276,5.9,9880.4409,-49.41,-0.50,40.41,0.41,-49.41,-0.50,1443.4,14.43
203,Entry long,2020-03-10 02:30,S1_LE,1674.651,5.9,9880.4409,-49.41,-0.50,40.41,0.41,-49.41,-0.50,1443.4,14.43
204,Exit long,2020-03-10 21:30,S1_SL,1657.523,6,9995.124,-49.99,-0.50,2.08,0.02,-49.99,-0.50,1393.41,13.93
204,Entry long,2020-03-10 20:30,S1_LE,1665.854,6,9995.124,-49.99,-0.50,2.08,0.02,-49.99,-0.50,1393.41,13.93
205,Exit long,2020-03-11 19:30,S1_LX_TP1,1665.395,6,9942.666,49.7,0.50,68.33,0.69,-11.54,-0.12,1443.12,14.43
205,Entry long,2020-03-11 09:00,S1_LE,1657.111,6,9942.666,49.7,0.50,68.33,0.69,-11.54,-0.12,1443.12,14.43
206,Exit long,2020-03-12 09:30,S1_SL,1638.934,6,9883.026,-49.42,-0.50,19.16,0.19,-49.42,-0.50,1393.7,13.94
206,Entry long,2020-03-12 09:00,S1_LE,1647.171,6,9883.026,-49.42,-0.50,19.16,0.19,-49.42,-0.50,1393.7,13.94
207,Exit long,2020-03-12 17:30,S1_SL,1635.033,6,9859.506,-49.31,-0.50,10.59,0.11,-49.31,-0.50,1344.39,13.44
207,Entry long,2020-03-12 16:30,S1_LE,1643.251,6,9859.506,-49.31,-0.50,10.59,0.11,-49.31,-0.50,1344.39,13.44
208,Exit long,2020-03-13 15:30,S1_LX_TP1,1587.347,6.3,9950.5413,49.74,0.50,74.2,0.75,-2.27,-0.02,1394.13,13.94
208,Entry long,2020-03-13 13:30,S1_LE,1579.451,6.3,9950.5413,49.74,0.50,74.2,0.75,-2.27,-0.02,1394.13,13.94
209,Exit long,2020-03-16 08:00,S1_LX_TP1,1557.247,6.4,9916.8064,49.57,0.50,87.67,0.88,-2.5,-0.03,1443.71,14.44
209,Entry long,2020-03-16 07:30,S1_LE,1549.501,6.4,9916.8064,49.57,0.50,87.67,0.88,-2.5,-0.03,1443.71,14.44
210,Exit long,2020-03-17 01:00,S1_SL,1498.718,6.6,9941.2566,-49.72,-0.50,48.5,0.49,-49.72,-0.50,1393.99,13.94
210,Entry long,2020-03-17 00:30,S1_LE,1506.251,6.6,9941.2566,-49.72,-0.50,48.5,0.49,-49.72,-0.50,1393.99,13.94
211,Exit long,2020-03-18 12:30,S1_LX_TP2,1527.599,6.7,9985.5527,249.36,2.50,426.25,4.27,-20.58,-0.21,1643.35,16.43
211,Entry long,2020-03-17 21:30,S1_LE,1490.381,6.7,9985.5527,249.36,2.50,426.25,4.27,-20.58,-0.21,1643.35,16.43
212,Exit long,2020-03-18 23:00,S1_SL,1499.294,6.6,9968.8446,-73.5,-0.74,25.54,0.26,-73.79,-0.74,1569.85,15.70
212,Entry long,2020-03-18 22:30,S1_LE,1510.431,6.6,9968.8446,-73.5,-0.74,25.54,0.26,-73.79,-0.74,1569.85,15.70
213,Exit long,2020-03-19 09:00,S1_SL,1484.669,6.6,9859.1526,-60.34,-0.61,5.21,0.05,-96.04,-0.97,1509.51,15.10
213,Entry long,2020-03-19 08:30,S1_LE,1493.811,6.6,9859.1526,-60.34,-0.61,5.21,0.05,-96.04,-0.97,1509.51,15.10
214,Exit long,2020-03-19 15:30,S1_SL,1482.788,6.7,9984.6147,-49.94,-0.50,7.1,0.07,-55.55,-0.56,1459.57,14.60
214,Entry long,2020-03-19 15:00,S1_LE,1490.241,6.7,9984.6147,-49.94,-0.50,7.1,0.07,-55.55,-0.56,1459.57,14.60
215,Exit long,2020-03-19 22:30,S1_SL,1473.226,6.7,9920.2277,-49.61,-0.50,87.56,0.88,-49.61,-0.50,1409.96,14.10
215,Entry long,2020-03-19 22:00,S1_LE,1480.631,6.7,9920.2277,-49.61,-0.50,87.56,0.88,-49.61,-0.50,1409.96,14.10
216,Exit long,2020-03-20 15:30,S1_LX_TP2,1506.276,6.7,9918.4857,173.56,1.75,190.47,1.92,-8.6,-0.09,1583.52,15.84
216,Entry long,2020-03-20 09:30,S1_LE,1480.371,6.7,9918.4857,173.56,1.75,190.47,1.92,-8.6,-0.09,1583.52,15.84
217,Exit long,2020-03-23 06:30,S1_SL,1492.057,6.6,9902.8974,-55.32,-0.56,52,0.53,-62.69,-0.63,1528.2,15.28
217,Entry long,2020-03-23 06:00,S1_LE,1500.439,6.6,9902.8974,-55.32,-0.56,52,0.53,-62.69,-0.63,1528.2,15.28
218,Exit long,2020-03-23 21:00,S1_LX_TP2,1518.679,6.6,9850.9026,172.38,1.75,206.44,2.10,-10.17,-0.10,1700.58,17.01
218,Entry long,2020-03-23 19:00,S1_LE,1492.561,6.6,9850.9026,172.38,1.75,206.44,2.10,-10.17,-0.10,1700.58,17.01
219,Exit long,2020-03-25 18:30,S1_SL,1614.486,6.1,9897.8661,-49.5,-0.50,9.69,0.10,-49.5,-0.50,1651.08,16.51
219,Entry long,2020-03-25 18:00,S1_LE,1622.601,6.1,9897.8661,-49.5,-0.50,9.69,0.10,-49.5,-0.50,1651.08,16.51
220,Exit long,2020-03-26 06:30,S1_SL,1606.326,6.1,9847.8339,-49.25,-0.50,22.58,0.23,-49.25,-0.50,1601.83,16.02
220,Entry long,2020-03-26 06:00,S1_LE,1614.399,6.1,9847.8339,-49.25,-0.50,22.58,0.23,-49.25,-0.50,1601.83,16.02
221,Exit long,2020-03-26 20:00,S1_LX_TP1,1618.639,6.2,9985.6456,49.92,0.50,80.67,0.81,-37.62,-0.38,1651.75,16.52
221,Entry long,2020-03-26 18:00,S1_LE,1610.588,6.2,9985.6456,49.92,0.50,80.67,0.81,-37.62,-0.38,1651.75,16.52
222,Exit long,2020-03-27 15:00,S1_SL,1615.979,6.1,9907.0161,-49.54,-0.50,30.49,0.31,-49.54,-0.50,1602.21,16.02
222,Entry long,2020-03-27 14:00,S1_LE,1624.101,6.1,9907.0161,-49.54,-0.50,30.49,0.31,-49.54,-0.50,1602.21,16.02
223,Exit long,2020-03-27 22:00,S1_SL,1616.427,6.1,9909.7611,-49.56,-0.50,32.02,0.32,-49.56,-0.50,1552.65,15.53
223,Entry long,2020-03-27 21:30,S1_LE,1624.551,6.1,9909.7611,-49.56,-0.50,32.02,0.32,-49.56,-0.50,1552.65,15.53
224,Exit long,2020-03-30 06:00,S1_SL,1614.843,6.1,9900.0499,-49.51,-0.50,88.62,0.90,-50.32,-0.51,1503.14,15.03
224,Entry long,2020-03-27 23:00,S1_LE,1622.959,6.1,9900.0499,-49.51,-0.50,88.62,0.90,-50.32,-0.51,1503.14,15.03
225,Exit long,2020-03-31 01:30,S1_SL,1613.914,6.1,9894.3586,-49.48,-0.50,32.34,0.33,-49.48,-0.50,1453.66,14.54
225,Entry long,2020-03-30 17:00,S1_LE,1622.026,6.1,9894.3586,-49.48,-0.50,32.34,0.33,-49.48,-0.50,1453.66,14.54
226,Exit long,2020-03-31 08:30,S1_SL,1612.894,6.1,9888.1061,-49.45,-0.50,33.85,0.34,-49.45,-0.50,1404.21,14.04
226,Entry long,2020-03-31 04:30,S1_LE,1621.001,6.1,9888.1061,-49.45,-0.50,33.85,0.34,-49.45,-0.50,1404.21,14.04
227,Exit long,2020-03-31 16:30,S1_SL,1609.521,6.1,9867.4271,-49.35,-0.50,9.08,0.09,-49.35,-0.50,1354.86,13.55
227,Entry long,2020-03-31 15:00,S1_LE,1617.611,6.1,9867.4271,-49.35,-0.50,9.08,0.09,-49.35,-0.50,1354.86,13.55
228,Exit long,2020-04-01 00:30,S1_SL,1602.775,6.2,9987.1522,-49.95,-0.50,4.15,0.04,-49.95,-0.50,1304.91,13.05
228,Entry long,2020-03-31 23:30,S1_LE,1610.831,6.2,9987.1522,-49.95,-0.50,4.15,0.04,-49.95,-0.50,1304.91,13.05
229,Exit long,2020-04-01 15:30,S1_LX_TP1,1592.502,6.3,9982.8603,49.9,0.50,73.2,0.73,-17.14,-0.17,1354.81,13.55
229,Entry long,2020-04-01 11:30,S1_LE,1584.581,6.3,9982.8603,49.9,0.50,73.2,0.73,-17.14,-0.17,1354.81,13.55
230,Exit long,2020-04-02 00:30,S1_SL,1585.134,6.2,9877.2262,-49.4,-0.50,8.67,0.09,-49.4,-0.50,1305.42,13.05
230,Entry long,2020-04-02 00:00,S1_LE,1593.101,6.2,9877.2262,-49.4,-0.50,8.67,0.09,-49.4,-0.50,1305.42,13.05
231,Exit long,2020-04-02 10:30,S1_SL,1582.069,6.2,9858.1302,-49.3,-0.50,38.31,0.39,-49.3,-0.50,1256.11,12.56
231,Entry long,2020-04-02 03:30,S1_LE,1590.021,6.2,9858.1302,-49.3,-0.50,38.31,0.39,-49.3,-0.50,1256.11,12.56
232,Exit long,2020-04-03 14:30,S1_LX_TP1,1606.499,6.2,9862.4702,97.82,0.99,186.49,1.89,-34.32,-0.35,1353.94,13.54
232,Entry long,2020-04-02 15:00,S1_LE,1590.721,6.2,9862.4702,97.82,0.99,186.49,1.89,-34.32,-0.35,1353.94,13.54
233,Exit long,2020-04-03 20:30,S1_SL,1611.452,6.1,9879.2611,-49.4,-0.50,23.48,0.24,-49.4,-0.50,1304.53,13.05
233,Entry long,2020-04-03 20:00,S1_LE,1619.551,6.1,9879.2611,-49.4,-0.50,23.48,0.24,-49.4,-0.50,1304.53,13.05
234,Exit long,2020-04-06 22:00,S1_LX_TP2,1647.23,6.1,9875.2961,172.81,1.75,208,2.11,-29.29,-0.30,1477.34,14.77
234,Entry long,2020-04-06 10:30,S1_LE,1618.901,6.1,9875.2961,172.81,1.75,208,2.11,-29.29,-0.30,1477.34,14.77
235,Exit long,2020-04-07 21:00,S1_SL,1652.893,6,9967.206,-49.85,-0.50,3.47,0.03,-58.21,-0.58,1427.49,14.27
235,Entry long,2020-04-07 20:30,S1_LE,1661.201,6,9967.206,-49.85,-0.50,3.47,0.03,-58.21,-0.58,1427.49,14.27
236,Exit long,2020-04-08 01:30,S1_SL,1646.242,6,9927.096,-49.64,-0.50,11.3,0.11,-49.64,-0.50,1377.85,13.78
236,Entry long,2020-04-08 00:30,S1_LE,1654.516,6,9927.096,-49.64,-0.50,11.3,0.11,-49.64,-0.50,1377.85,13.78
237,Exit long,2020-04-08 04:30,S1_SL,1649.053,6,9944.046,-49.73,-0.50,3.95,0.04,-54.25,-0.55,1328.12,13.28
237,Entry long,2020-04-08 04:00,S1_LE,1657.341,6,9944.046,-49.73,-0.50,3.95,0.04,-54.25,-0.55,1328.12,13.28
238,Exit long,2020-04-08 14:00,S1_SL,1642.028,6,9901.686,-49.52,-0.50,15.11,0.15,-49.52,-0.50,1278.6,12.79
238,Entry long,2020-04-08 12:30,S1_LE,1650.281,6,9901.686,-49.52,-0.50,15.11,0.15,-49.52,-0.50,1278.6,12.79
239,Exit long,2020-04-08 19:00,S1_SL,1644.645,6,9917.466,-49.6,-0.50,7.73,0.08,-49.6,-0.50,1229.01,12.29
239,Entry long,2020-04-08 15:30,S1_LE,1652.911,6,9917.466,-49.6,-0.50,7.73,0.08,-49.6,-0.50,1229.01,12.29
240,Exit long,2020-04-09 03:30,S1_SL,1644.172,6,9914.616,-49.58,-0.50,1.58,0.02,-49.58,-0.50,1179.42,11.79
240,Entry long,2020-04-09 03:00,S1_LE,1652.436,6,9914.616,-49.58,-0.50,1.58,0.02,-49.58,-0.50,1179.42,11.79
241,Exit long,2020-04-09 16:00,S1_LX_TP1,1656.4,6,9888.966,49.43,0.50,85.43,0.86,-15.97,-0.16,1228.86,12.29
241,Entry long,2020-04-09 10:30,S1_LE,1648.161,6,9888.966,49.43,0.50,85.43,0.86,-15.97,-0.16,1228.86,12.29
242,Exit long,2020-04-14 01:00,S1_LX_TP2,1713.376,5.9,9935.0631,173.86,1.75,187.92,1.89,-28.37,-0.29,1402.71,14.03
242,Entry long,2020-04-13 13:00,S1_LE,1683.909,5.9,9935.0631,173.86,1.75,187.92,1.89,-28.37,-0.29,1402.71,14.03
243,Exit long,2020-04-14 16:30,S1_SL,1714.245,5.8,9992.5938,-49.97,-0.50,27.95,0.28,-49.97,-0.50,1352.74,13.53
243,Entry long,2020-04-14 16:00,S1_LE,1722.861,5.8,9992.5938,-49.97,-0.50,27.95,0.28,-49.97,-0.50,1352.74,13.53
244,Exit long,2020-04-15 20:30,S1_SL,1712.484,5.8,9982.3278,-49.92,-0.50,26.15,0.26,-49.92,-0.50,1302.82,13.03
244,Entry long,2020-04-15 19:00,S1_LE,1721.091,5.8,9982.3278,-49.92,-0.50,26.15,0.26,-49.92,-0.50,1302.82,13.03
245,Exit long,2020-04-16 20:30,S1_LX_TP1,1728.156,5.8,9973.448,49.86,0.50,114.49,1.15,-20.01,-0.20,1352.68,13.53
245,Entry long,2020-04-16 14:30,S1_LE,1719.56,5.8,9973.448,49.86,0.50,114.49,1.15,-20.01,-0.20,1352.68,13.53
246,Exit long,2020-04-17 22:30,S1_SL,1686.337,5.8,9861.3978,-80.64,-0.82,6.43,0.07,-94.78,-0.96,1272.03,12.72
246,Entry long,2020-04-17 22:00,S1_LE,1700.241,5.8,9861.3978,-80.64,-0.82,6.43,0.07,-94.78,-0.96,1272.03,12.72
247,Exit long,2020-04-20 14:00,S1_SL,1673.182,5.9,9921.3869,-49.61,-0.50,17.16,0.17,-49.61,-0.50,1222.42,12.22
247,Entry long,2020-04-20 12:00,S1_LE,1681.591,5.9,9921.3869,-49.61,-0.50,17.16,0.17,-49.61,-0.50,1222.42,12.22
248,Exit long,2020-04-20 18:00,S1_SL,1673.376,5.9,9922.5374,-49.62,-0.50,14.02,0.14,-49.62,-0.50,1172.8,11.73
248,Entry long,2020-04-20 17:30,S1_LE,1681.786,5.9,9922.5374,-49.62,-0.50,14.02,0.14,-49.62,-0.50,1172.8,11.73
249,Exit long,2020-04-20 23:30,S1_LX_TP1,1691.222,5.9,9928.5731,49.64,0.50,94.94,0.96,-27.78,-0.28,1222.44,12.22
249,Entry long,2020-04-20 19:00,S1_LE,1682.809,5.9,9928.5731,49.64,0.50,94.94,0.96,-27.78,-0.28,1222.44,12.22
250,Exit long,2020-04-21 17:00,S1_SL,1685.828,5.9,9996.3759,-49.99,-0.50,22.41,0.22,-49.99,-0.50,1172.45,11.72
250,Entry long,2020-04-21 15:00,S1_LE,1694.301,5.9,9996.3759,-49.99,-0.50,22.41,0.22,-49.99,-0.50,1172.45,11.72
251,Exit long,2020-04-22 17:30,S1_LX_TP1,1700.892,5.9,9985.3429,49.92,0.50,86.64,0.87,-7.85,-0.08,1222.37,12.22
251,Entry long,2020-04-22 16:00,S1_LE,1692.431,5.9,9985.3429,49.92,0.50,86.64,0.87,-7.85,-0.08,1222.37,12.22
252,Exit long,2020-04-23 16:30,S1_LX_TP1,1721.715,5.8,9936.2758,49.67,0.50,87.86,0.88,-22.34,-0.22,1272.04,12.72
252,Entry long,2020-04-23 13:30,S1_LE,1713.151,5.8,9936.2758,49.67,0.50,87.86,0.88,-22.34,-0.22,1272.04,12.72
253,Exit long,2020-04-24 22:00,S1_SL,1720.902,5.7,9858.4407,-49.3,-0.50,38.53,0.39,-49.3,-0.50,1222.74,12.23
253,Entry long,2020-04-24 15:00,S1_LE,1729.551,5.7,9858.4407,-49.3,-0.50,38.53,0.39,-49.3,-0.50,1222.74,12.23
254,Exit long,2020-04-27 06:00,S1_SL,1719.728,5.7,9851.7147,-49.27,-0.50,3.19,0.03,-49.27,-0.50,1173.47,11.73
254,Entry long,2020-04-25 04:00,S1_LE,1728.371,5.7,9851.7147,-49.27,-0.50,3.19,0.03,-49.27,-0.50,1173.47,11.73
255,Exit long,2020-04-27 22:00,S1_SL,1711.618,5.8,9977.2818,-49.9,-0.50,10.9,0.11,-49.9,-0.50,1123.58,11.24
255,Entry long,2020-04-27 21:30,S1_LE,1720.221,5.8,9977.2818,-49.9,-0.50,10.9,0.11,-49.9,-0.50,1123.58,11.24
256,Exit long,2020-04-28 06:30,S1_SL,1708.773,5.8,9960.6938,-49.81,-0.50,1.78,0.02,-49.81,-0.50,1073.77,10.74
256,Entry long,2020-04-28 04:00,S1_LE,1717.361,5.8,9960.6938,-49.81,-0.50,1.78,0.02,-49.81,-0.50,1073.77,10.74
257,Exit long,2020-04-28 17:30,S1_LX_TP1,1710.811,5.8,9873.3458,49.36,0.50,72.32,0.73,-11.61,-0.12,1123.12,11.23
257,Entry long,2020-04-28 17:00,S1_LE,1702.301,5.8,9873.3458,49.36,0.50,72.32,0.73,-11.61,-0.12,1123.12,11.23
258,Exit long,2020-04-29 21:00,S1_SL,1699.487,5.8,9906.5682,-49.54,-0.50,29.63,0.30,-49.54,-0.50,1073.58,10.74
258,Entry long,2020-04-29 01:30,S1_LE,1708.029,5.8,9906.5682,-49.54,-0.50,29.63,0.30,-49.54,-0.50,1073.58,10.74
259,Exit long,2020-04-30 14:30,S1_LX_TP1,1717.4,5.8,9911.3706,49.55,0.50,65.69,0.66,-10.77,-0.11,1123.13,11.23
259,Entry long,2020-04-30 03:30,S1_LE,1708.857,5.8,9911.3706,49.55,0.50,65.69,0.66,-10.77,-0.11,1123.13,11.23
260,Exit long,2020-05-01 20:00,S1_SL,1675.38,5.9,9934.4259,-49.68,-0.50,2.55,0.03,-49.68,-0.50,1073.45,10.73
260,Entry long,2020-05-01 19:30,S1_LE,1683.801,5.9,9934.4259,-49.68,-0.50,2.55,0.03,-49.68,-0.50,1073.45,10.73
261,Exit long,2020-05-05 09:00,S1_SL,1697.081,5.8,9892.5438,-49.47,-0.50,18.44,0.19,-49.47,-0.50,1023.97,10.24
261,Entry long,2020-05-04 23:30,S1_LE,1705.611,5.8,9892.5438,-49.47,-0.50,18.44,0.19,-49.47,-0.50,1023.97,10.24
262,Exit long,2020-05-05 15:00,S1_SL,1695.141,5.8,9881.2338,-49.42,-0.50,3.71,0.04,-49.42,-0.50,974.56,9.75
262,Entry long,2020-05-05 14:00,S1_LE,1703.661,5.8,9881.2338,-49.42,-0.50,3.71,0.04,-49.42,-0.50,974.56,9.75
263,Exit long,2020-05-05 22:00,S1_SL,1693.639,5.8,9872.4758,-49.37,-0.50,19.08,0.19,-49.37,-0.50,925.19,9.25
263,Entry long,2020-05-05 21:30,S1_LE,1702.151,5.8,9872.4758,-49.37,-0.50,19.08,0.19,-49.37,-0.50,925.19,9.25
264,Exit long,2020-05-06 04:00,S1_LX_TP1,1709.856,5.8,9867.8358,49.33,0.50,62.75,0.64,-25.82,-0.26,974.51,9.75
264,Entry long,2020-05-06 00:00,S1_LE,1701.351,5.8,9867.8358,49.33,0.50,62.75,0.64,-25.82,-0.26,974.51,9.75
265,Exit long,2020-05-06 20:00,S1_SL,1696.502,5.8,9889.1682,-49.46,-0.50,18.39,0.19,-49.46,-0.50,925.06,9.25
265,Entry long,2020-05-06 15:00,S1_LE,1705.029,5.8,9889.1682,-49.46,-0.50,18.39,0.19,-49.46,-0.50,925.06,9.25
266,Exit long,2020-05-07 14:00,S1_SL,1683.639,5.9,9983.3959,-49.93,-0.50,13.68,0.14,-49.93,-0.50,875.13,8.75
266,Entry long,2020-05-07 08:30,S1_LE,1692.101,5.9,9983.3959,-49.93,-0.50,13.68,0.14,-49.93,-0.50,875.13,8.75
267,Exit long,2020-05-08 02:30,S1_LX_TP2,1720.965,5.9,9979.0712,174.62,1.75,184.8,1.85,-11.61,-0.12,1049.75,10.50
267,Entry long,2020-05-07 17:00,S1_LE,1691.368,5.9,9979.0712,174.62,1.75,184.8,1.85,-11.61,-0.12,1049.75,10.50
268,Exit long,2020-05-11 17:00,S1_SL,1701.295,5.8,9917.1068,-49.6,-0.50,6.11,0.06,-49.6,-0.50,1000.16,10.00
268,Entry long,2020-05-11 10:00,S1_LE,1709.846,5.8,9917.1068,-49.6,-0.50,6.11,0.06,-49.6,-0.50,1000.16,10.00
269,Exit long,2020-05-11 22:30,S1_SL,1696.22,5.8,9887.521,-49.44,-0.50,2.26,0.02,-53.62,-0.54,950.71,9.51
269,Entry long,2020-05-11 22:00,S1_LE,1704.745,5.8,9887.521,-49.44,-0.50,2.26,0.02,-53.62,-0.54,950.71,9.51
270,Exit long,2020-05-12 22:00,S1_LX_TP1,1706.294,5.8,9847.2748,49.23,0.50,70.03,0.71,-35.41,-0.36,999.94,10.00
270,Entry long,2020-05-12 08:00,S1_LE,1697.806,5.8,9847.2748,49.23,0.50,70.03,0.71,-35.41,-0.36,999.94,10.00
271,Exit long,2020-05-13 23:30,S1_LX_TP1,1713.675,5.8,9889.8758,49.44,0.50,75.2,0.76,-44.96,-0.45,1049.38,10.49
271,Entry long,2020-05-13 09:00,S1_LE,1705.151,5.8,9889.8758,49.44,0.50,75.2,0.76,-44.96,-0.45,1049.38,10.49
272,Exit long,2020-05-16 00:00,S1_LX_TP2,1746.548,5.8,9955.7638,174.21,1.75,195.72,1.97,-42.98,-0.43,1223.6,12.24
272,Entry long,2020-05-14 15:00,S1_LE,1716.511,5.8,9955.7638,174.21,1.75,195.72,1.97,-42.98,-0.43,1223.6,12.24
273,Exit long,2020-05-18 08:30,S1_LX_TP1,1756.709,5.7,9963.4347,49.81,0.50,69.02,0.69,-32.32,-0.32,1273.4,12.73
273,Entry long,2020-05-18 06:30,S1_LE,1747.971,5.7,9963.4347,49.81,0.50,69.02,0.69,-32.32,-0.32,1273.4,12.73
274,Exit long,2020-05-19 14:30,S1_SL,1726.444,5.7,9890.1897,-49.46,-0.50,29.61,0.30,-49.46,-0.50,1223.95,12.24
274,Entry long,2020-05-19 08:30,S1_LE,1735.121,5.7,9890.1897,-49.46,-0.50,29.61,0.30,-49.46,-0.50,1223.95,12.24
275,Exit long,2020-05-21 09:00,S1_SL,1740.617,5.7,9971.3805,-49.86,-0.50,26.82,0.27,-49.86,-0.50,1174.08,11.74
275,Entry long,2020-05-21 02:00,S1_LE,1749.365,5.7,9971.3805,-49.86,-0.50,26.82,0.27,-49.86,-0.50,1174.08,11.74
276,Exit long,2020-05-21 21:30,S1_SL,1730.511,5.7,9913.4913,-49.58,-0.50,15.91,0.16,-49.58,-0.50,1124.5,11.25
276,Entry long,2020-05-21 20:30,S1_LE,1739.209,5.7,9913.4913,-49.58,-0.50,15.91,0.16,-49.58,-0.50,1124.5,11.25
277,Exit long,2020-05-22 16:00,S1_LX_TP1,1735.936,5.7,9845.6157,49.22,0.50,64.97,0.66,-27.94,-0.28,1173.72,11.74
277,Entry long,2020-05-22 07:00,S1_LE,1727.301,5.7,9845.6157,49.22,0.50,64.97,0.66,-27.94,-0.28,1173.72,11.74
278,Exit long,2020-05-26 18:00,S1_SL,1720.175,5.7,9854.2797,-49.28,-0.50,39.38,0.40,-49.28,-0.50,1124.44,11.24
278,Entry long,2020-05-25 17:00,S1_LE,1728.821,5.7,9854.2797,-49.28,-0.50,39.38,0.40,-49.28,-0.50,1124.44,11.24
279,Exit long,2020-05-27 12:00,S1_SL,1704.693,5.8,9936.9138,-49.69,-0.50,15.83,0.16,-49.69,-0.50,1074.75,10.75
279,Entry long,2020-05-27 09:00,S1_LE,1713.261,5.8,9936.9138,-49.69,-0.50,15.83,0.16,-49.69,-0.50,1074.75,10.75
280,Exit long,2020-05-28 12:30,S1_LX_TP1,1715.585,5.8,9900.8958,49.5,0.50,57.01,0.58,-11.43,-0.12,1124.24,11.24
280,Entry long,2020-05-28 00:30,S1_LE,1707.051,5.8,9900.8958,49.5,0.50,57.01,0.58,-11.43,-0.12,1124.24,11.24
281,Exit long,2020-05-29 20:00,S1_LX_TP1,1728.569,5.8,9975.8318,49.87,0.50,58.32,0.58,-45.65,-0.46,1174.11,11.74
281,Entry long,2020-05-29 07:30,S1_LE,1719.971,5.8,9975.8318,49.87,0.50,58.32,0.58,-45.65,-0.46,1174.11,11.74
282,Exit long,2020-06-02 23:30,S1_SL,1729.409,5.7,9907.1757,-49.54,-0.50,42.69,0.43,-49.54,-0.50,1124.57,11.25
282,Entry long,2020-06-01 23:30,S1_LE,1738.101,5.7,9907.1757,-49.54,-0.50,42.69,0.43,-49.54,-0.50,1124.57,11.25
283,Exit long,2020-06-03 14:30,S1_SL,1719.469,5.7,9850.2327,-49.26,-0.50,8.26,0.08,-49.26,-0.50,1075.31,10.75
283,Entry long,2020-06-03 11:00,S1_LE,1728.111,5.7,9850.2327,-49.26,-0.50,8.26,0.08,-49.26,-0.50,1075.31,10.75
284,Exit long,2020-06-04 18:30,S1_LX_TP1,1708.922,5.8,9862.4418,49.31,0.50,60.35,0.61,-28.54,-0.29,1124.61,11.25
284,Entry long,2020-06-04 08:00,S1_LE,1700.421,5.8,9862.4418,49.31,0.50,60.35,0.61,-28.54,-0.29,1124.61,11.25
285,Exit long,2020-06-08 14:00,S1_LX_TP1,1689.565,5.9,9918.8499,49.58,0.50,60.71,0.61,-16.88,-0.17,1174.2,11.74
285,Entry long,2020-06-08 08:00,S1_LE,1681.161,5.9,9918.8499,49.58,0.50,60.71,0.61,-16.88,-0.17,1174.2,11.74
286,Exit long,2020-06-09 17:30,S1_LX_TP1,1705.876,5.8,9844.8678,49.21,0.50,72.55,0.74,-44.03,-0.45,1223.41,12.23
286,Entry long,2020-06-09 01:00,S1_LE,1697.391,5.8,9844.8678,49.21,0.50,72.55,0.74,-44.03,-0.45,1223.41,12.23
287,Exit long,2020-06-11 04:00,S1_LX_TP1,1735.785,5.7,9844.7607,49.21,0.50,72.67,0.74,-27.65,-0.28,1272.62,12.73
287,Entry long,2020-06-11 02:30,S1_LE,1727.151,5.7,9844.7607,49.21,0.50,72.67,0.74,-27.65,-0.28,1272.62,12.73
288,Exit long,2020-06-11 19:00,S1_SL,1726.689,5.7,9891.5919,-49.46,-0.50,10.28,0.10,-49.46,-0.50,1223.16,12.23
288,Entry long,2020-06-11 15:30,S1_LE,1735.367,5.7,9891.5919,-49.46,-0.50,10.28,0.10,-49.46,-0.50,1223.16,12.23
289,Exit long,2020-06-12 00:00,S1_SL,1728.193,5.7,9900.2103,-49.51,-0.50,44.98,0.45,-49.51,-0.50,1173.65,11.74
289,Entry long,2020-06-11 21:30,S1_LE,1736.879,5.7,9900.2103,-49.51,-0.50,44.98,0.45,-49.51,-0.50,1173.65,11.74
290,Exit long,2020-06-12 18:30,S1_LX_TP1,1736.047,5.7,9846.2427,49.23,0.50,58.13,0.59,-10.89,-0.11,1222.88,12.23
290,Entry long,2020-06-12 14:00,S1_LE,1727.411,5.7,9846.2427,49.23,0.50,58.13,0.59,-10.89,-0.11,1222.88,12.23
291,Exit long,2020-06-16 10:30,S1_LX_TP1,1730.163,5.8,9985.0306,49.91,0.50,58.89,0.59,-23.7,-0.24,1272.79,12.73
291,Entry long,2020-06-15 23:30,S1_LE,1721.557,5.8,9985.0306,49.91,0.50,58.89,0.59,-23.7,-0.24,1272.79,12.73
292,Exit long,2020-06-16 20:30,S1_SL,1722.037,5.7,9864.9444,-49.33,-0.50,9.74,0.10,-49.33,-0.50,1223.46,12.23
292,Entry long,2020-06-16 16:30,S1_LE,1730.692,5.7,9864.9444,-49.33,-0.50,9.74,0.10,-49.33,-0.50,1223.46,12.23
293,Exit long,2020-06-17 16:30,S1_SL,1719.469,5.7,9850.2327,-49.26,-0.50,14.07,0.14,-49.26,-0.50,1174.2,11.74
293,Entry long,2020-06-16 23:30,S1_LE,1728.111,5.7,9850.2327,-49.26,-0.50,14.07,0.14,-49.26,-0.50,1174.2,11.74
294,Exit long,2020-06-18 17:30,S1_LX_TP1,1733.263,5.7,9830.4537,49.15,0.50,74.6,0.76,-13.41,-0.14,1223.34,12.23
294,Entry long,2020-06-17 22:00,S1_LE,1724.641,5.7,9830.4537,49.15,0.50,74.6,0.76,-13.41,-0.14,1223.34,12.23
295,Exit long,2020-06-19 20:00,S1_LX_TP1,1733.622,5.7,9832.4943,49.15,0.50,60.54,0.62,-34.02,-0.35,1272.49,12.72
295,Entry long,2020-06-19 03:00,S1_LE,1724.999,5.7,9832.4943,49.15,0.50,60.54,0.62,-34.02,-0.35,1272.49,12.72
296,Exit long,2020-06-23 10:00,S1_SL,1750.463,5.6,9851.8616,-49.27,-0.50,2.07,0.02,-49.27,-0.50,1223.22,12.23
296,Entry long,2020-06-23 09:30,S1_LE,1759.261,5.6,9851.8616,-49.27,-0.50,2.07,0.02,-49.27,-0.50,1223.22,12.23
297,Exit long,2020-06-23 22:00,S1_LX_TP1,1764.217,5.6,9830.4696,49.15,0.50,67.24,0.68,-20.95,-0.21,1272.37,12.72
297,Entry long,2020-06-23 16:00,S1_LE,1755.441,5.6,9830.4696,49.15,0.50,67.24,0.68,-20.95,-0.21,1272.37,12.72
298,Exit long,2020-06-25 20:00,S1_SL,1758.02,5.6,9894.3936,-49.48,-0.50,10.61,0.11,-49.48,-0.50,1222.89,12.23
298,Entry long,2020-06-25 15:00,S1_LE,1766.856,5.6,9894.3936,-49.48,-0.50,10.61,0.11,-49.48,-0.50,1222.89,12.23
299,Exit long,2020-06-26 21:00,S1_SL,1755.477,5.6,9880.08,-49.41,-0.50,14.28,0.14,-49.41,-0.50,1173.48,11.73
299,Entry long,2020-06-25 21:30,S1_LE,1764.3,5.6,9880.08,-49.41,-0.50,14.28,0.14,-49.41,-0.50,1173.48,11.73
300,Exit long,2020-07-01 18:30,S1_LX_TP1,1779.899,5.6,9891.3416,76.09,0.77,127.9,1.29,-11.26,-0.11,1249.57,12.50
300,Entry long,2020-06-27 00:00,S1_LE,1766.311,5.6,9891.3416,76.09,0.77,127.9,1.29,-11.26,-0.11,1249.57,12.50
301,Exit long,2020-07-02 20:30,S1_SL,1762.652,5.6,9920.4616,-49.61,-0.50,16.68,0.17,-49.61,-0.50,1199.96,12.00
301,Entry long,2020-07-02 16:30,S1_LE,1771.511,5.6,9920.4616,-49.61,-0.50,16.68,0.17,-49.61,-0.50,1199.96,12.00
302,Exit long,2020-07-06 04:30,S1_SL,1755.199,5.6,9949.2456,-120.13,-1.21,43.95,0.44,-120.13,-1.21,1079.83,10.80
302,Entry long,2020-07-03 11:00,S1_LE,1776.651,5.6,9949.2456,-120.13,-1.21,43.95,0.44,-120.13,-1.21,1079.83,10.80
303,Exit long,2020-07-06 21:30,S1_LX_TP1,1784.548,5.6,9943.7576,49.71,0.50,64.11,0.64,-33.77,-0.34,1129.54,11.30
303,Entry long,2020-07-06 08:00,S1_LE,1775.671,5.6,9943.7576,49.71,0.50,64.11,0.64,-33.77,-0.34,1129.54,11.30
304,Exit long,2020-07-07 23:00,S1_LX_TP1,1793.874,5.6,9995.7256,49.97,0.50,64.23,0.64,-1.29,-0.01,1179.51,11.80
304,Entry long,2020-07-07 22:00,S1_LE,1784.951,5.6,9995.7256,49.97,0.50,64.23,0.64,-1.29,-0.01,1179.51,11.80
305,Exit long,2020-07-09 23:00,S1_SL,1801.964,5.5,9960.6155,-49.81,-0.50,26.94,0.27,-49.81,-0.50,1129.7,11.30
305,Entry long,2020-07-09 12:30,S1_LE,1811.021,5.5,9960.6155,-49.81,-0.50,26.94,0.27,-49.81,-0.50,1129.7,11.30
306,Exit long,2020-07-10 23:30,S1_SL,1795.925,5.5,9927.2305,-49.64,-0.50,31.41,0.32,-49.64,-0.50,1080.05,10.80
306,Entry long,2020-07-10 17:00,S1_LE,1804.951,5.5,9927.2305,-49.64,-0.50,31.41,0.32,-49.64,-0.50,1080.05,10.80
307,Exit long,2020-07-13 21:30,S1_LX_TP1,1810.085,5.5,9905.9455,49.52,0.50,67.97,0.69,-12.55,-0.13,1129.58,11.30
307,Entry long,2020-07-13 07:30,S1_LE,1801.081,5.5,9905.9455,49.52,0.50,67.97,0.69,-12.55,-0.13,1129.58,11.30
308,Exit long,2020-07-14 18:00,S1_SL,1792.074,5.5,9905.9455,-49.54,-0.50,4.89,0.05,-49.54,-0.50,1080.04,10.80
308,Entry long,2020-07-14 15:00,S1_LE,1801.081,5.5,9905.9455,-49.54,-0.50,4.89,0.05,-49.54,-0.50,1080.04,10.80
309,Exit long,2020-07-15 01:00,S1_LX_TP1,1808.537,5.5,9897.4755,49.48,0.50,57.09,0.58,-27.18,-0.27,1129.52,11.30
309,Entry long,2020-07-14 20:30,S1_LE,1799.541,5.5,9897.4755,49.48,0.50,57.09,0.58,-27.18,-0.27,1129.52,11.30
310,Exit long,2020-07-15 21:30,S1_SL,1802.78,5.5,9965.1255,-49.84,-0.50,17.7,0.18,-49.84,-0.50,1079.68,10.80
310,Entry long,2020-07-15 16:00,S1_LE,1811.841,5.5,9965.1255,-49.84,-0.50,17.7,0.18,-49.84,-0.50,1079.68,10.80
311,Exit long,2020-07-17 01:00,S1_SL,1799.722,5.5,9948.2185,-49.75,-0.50,25.59,0.26,-49.75,-0.50,1029.93,10.30
311,Entry long,2020-07-15 23:30,S1_LE,1808.767,5.5,9948.2185,-49.75,-0.50,25.59,0.26,-49.75,-0.50,1029.93,10.30
312,Exit long,2020-07-17 20:30,S1_LX_TP1,1807.07,5.5,9889.4455,49.44,0.50,52.52,0.53,-5.4,-0.05,1079.37,10.79
312,Entry long,2020-07-17 11:30,S1_LE,1798.081,5.5,9889.4455,49.44,0.50,52.52,0.53,-5.4,-0.05,1079.37,10.79
313,Exit long,2020-07-21 04:00,S1_LX_TP1,1818.024,5.5,9949.3955,49.74,0.50,63.47,0.64,-13.1,-0.13,1129.11,11.29
313,Entry long,2020-07-20 14:00,S1_LE,1808.981,5.5,9949.3955,49.74,0.50,63.47,0.64,-13.1,-0.13,1129.11,11.29
314,Exit long,2020-07-21 19:30,S1_LX_TP1,1827.729,5.4,9821.7198,48.02,0.49,50.67,0.52,-14.24,-0.14,1177.13,11.77
314,Entry long,2020-07-21 11:30,S1_LE,1818.837,5.4,9821.7198,48.02,0.49,50.67,0.52,-14.24,-0.14,1177.13,11.77
315,Exit long,2020-07-22 21:00,S1_SL,1849.476,5.3,9851.4863,-49.26,-0.50,23.9,0.24,-49.26,-0.50,1127.86,11.28
315,Entry long,2020-07-22 19:00,S1_LE,1858.771,5.3,9851.4863,-49.26,-0.50,23.9,0.24,-49.26,-0.50,1127.86,11.28
316,Exit long,2020-07-28 09:30,S1_LX_TP2,1973.713,5.1,9892.8219,173.11,1.75,211.3,2.14,-7.49,-0.08,1300.98,13.01
316,Entry long,2020-07-28 04:30,S1_LE,1939.769,5.1,9892.8219,173.11,1.75,211.3,2.14,-7.49,-0.08,1300.98,13.01
317,Exit long,2020-07-28 23:00,S1_LX_TP1,1948.845,5.1,9889.6701,49.44,0.50,89.3,0.90,-42.08,-0.43,1350.42,13.50
317,Entry long,2020-07-28 21:00,S1_LE,1939.151,5.1,9889.6701,49.44,0.50,89.3,0.90,-42.08,-0.43,1350.42,13.50
318,Exit long,2020-07-29 22:00,S1_SL,1947.911,5.1,9984.2751,-49.93,-0.50,21.98,0.22,-49.93,-0.50,1300.49,13.00
318,Entry long,2020-07-29 15:00,S1_LE,1957.701,5.1,9984.2751,-49.93,-0.50,21.98,0.22,-49.93,-0.50,1300.49,13.00
319,Exit long,2020-07-31 10:00,S1_LX_TP1,1963.77,5.1,9965.4051,49.82,0.50,65.99,0.66,-13.27,-0.13,1350.31,13.50
319,Entry long,2020-07-31 02:00,S1_LE,1954.001,5.1,9965.4051,49.82,0.50,65.99,0.66,-13.27,-0.13,1350.31,13.50
320,Exit long,2020-08-04 22:30,S1_LX_TP1,1982.01,5,9860.755,49.3,0.50,65.55,0.66,-31.75,-0.32,1399.6,14.00
320,Entry long,2020-08-03 23:30,S1_LE,1972.151,5,9860.755,49.3,0.50,65.55,0.66,-31.75,-0.32,1399.6,14.00
321,Exit long,2020-08-10 22:00,S1_LX_TP1,2043.416,4.9,9962.9299,49.81,0.50,81.58,0.82,-31.61,-0.32,1449.41,14.49
321,Entry long,2020-08-10 08:30,S1_LE,2033.251,4.9,9962.9299,49.81,0.50,81.58,0.82,-31.61,-0.32,1449.41,14.49
322,Exit long,2020-08-12 16:30,S1_LX_TP1,1923.154,5.2,9950.6576,49.74,0.50,186.99,1.88,-8.78,-0.09,1499.16,14.99
322,Entry long,2020-08-12 15:00,S1_LE,1913.588,5.2,9950.6576,49.74,0.50,186.99,1.88,-8.78,-0.09,1499.16,14.99
323,Exit long,2020-08-13 12:00,S1_SL,1929.762,5.1,9891.2511,-49.46,-0.50,7.49,0.08,-49.46,-0.50,1449.69,14.50
323,Entry long,2020-08-13 09:30,S1_LE,1939.461,5.1,9891.2511,-49.46,-0.50,7.49,0.08,-49.46,-0.50,1449.69,14.50
324,Exit long,2020-08-13 20:00,S1_SL,1924.19,5.1,9862.6911,-49.32,-0.50,29.42,0.30,-49.32,-0.50,1400.37,14.00
324,Entry long,2020-08-13 17:00,S1_LE,1933.861,5.1,9862.6911,-49.32,-0.50,29.42,0.30,-49.32,-0.50,1400.37,14.00
325,Exit long,2020-08-14 14:30,S1_SL,1945.792,5.1,9973.4121,-49.87,-0.50,7.26,0.07,-49.87,-0.50,1350.5,13.50
325,Entry long,2020-08-14 13:30,S1_LE,1955.571,5.1,9973.4121,-49.87,-0.50,7.26,0.07,-49.87,-0.50,1350.5,13.50
326,Exit long,2020-08-14 22:00,S1_SL,1942.781,5.1,9957.9795,-49.8,-0.50,17.31,0.17,-49.8,-0.50,1300.7,13.01
326,Entry long,2020-08-14 21:30,S1_LE,1952.545,5.1,9957.9795,-49.8,-0.50,17.31,0.17,-49.8,-0.50,1300.7,13.01
327,Exit long,2020-08-17 07:30,S1_SL,1939.046,5.1,9938.8341,-49.7,-0.50,12.77,0.13,-49.7,-0.50,1251,12.51
327,Entry long,2020-08-17 06:30,S1_LE,1948.791,5.1,9938.8341,-49.7,-0.50,12.77,0.13,-49.7,-0.50,1251,12.51
328,Exit long,2020-08-17 15:30,S1_LX_TP1,1952.93,5.1,9910.3965,49.55,0.50,61.86,0.62,-5.74,-0.06,1300.55,13.01
328,Entry long,2020-08-17 13:00,S1_LE,1943.215,5.1,9910.3965,49.55,0.50,61.86,0.62,-5.74,-0.06,1300.55,13.01
329,Exit long,2020-08-19 08:30,S1_SL,1996.626,4.9,9832.6389,-49.17,-0.50,5.6,0.06,-49.17,-0.50,1251.37,12.51
329,Entry long,2020-08-19 01:00,S1_LE,2006.661,4.9,9832.6389,-49.17,-0.50,5.6,0.06,-49.17,-0.50,1251.37,12.51
330,Exit long,2020-08-19 22:00,S1_SL,1981.831,5,9958.955,-49.8,-0.50,17.92,0.18,-49.8,-0.50,1201.58,12.02
330,Entry long,2020-08-19 21:00,S1_LE,1991.791,5,9958.955,-49.8,-0.50,17.92,0.18,-49.8,-0.50,1201.58,12.02
331,Exit long,2020-08-20 13:30,S1_SL,1941.563,5.1,9951.7371,-49.77,-0.50,20.42,0.21,-49.77,-0.50,1151.81,11.52
331,Entry long,2020-08-20 11:30,S1_LE,1951.321,5.1,9951.7371,-49.77,-0.50,20.42,0.21,-49.77,-0.50,1151.81,11.52
332,Exit long,2020-08-21 15:00,S1_SL,1934.894,5.1,9917.5569,-49.6,-0.50,57.79,0.58,-49.6,-0.50,1102.21,11.02
332,Entry long,2020-08-20 23:00,S1_LE,1944.619,5.1,9917.5569,-49.6,-0.50,57.79,0.58,-49.6,-0.50,1102.21,11.02
333,Exit long,2020-08-22 00:00,S1_SL,1935.12,5.1,9918.7146,-49.6,-0.50,4.81,0.05,-49.6,-0.50,1052.61,10.53
333,Entry long,2020-08-21 23:00,S1_LE,1944.846,5.1,9918.7146,-49.6,-0.50,4.81,0.05,-49.6,-0.50,1052.61,10.53
334,Exit long,2020-08-24 22:30,S1_SL,1934.578,5.1,9915.9351,-49.59,-0.50,91.18,0.92,-49.59,-0.50,1003.02,10.03
334,Entry long,2020-08-24 15:30,S1_LE,1944.301,5.1,9915.9351,-49.59,-0.50,91.18,0.92,-49.59,-0.50,1003.02,10.03
335,Exit long,2020-08-25 17:30,S1_SL,1922.14,5.1,9852.1851,-49.27,-0.50,29.17,0.30,-49.27,-0.50,953.75,9.54
335,Entry long,2020-08-25 09:30,S1_LE,1931.801,5.1,9852.1851,-49.27,-0.50,29.17,0.30,-49.27,-0.50,953.75,9.54
336,Exit long,2020-08-26 13:30,S1_SL,1918.847,5.1,9835.3041,-49.18,-0.50,17.87,0.18,-49.18,-0.50,904.57,9.05
336,Entry long,2020-08-26 03:00,S1_LE,1928.491,5.1,9835.3041,-49.18,-0.50,17.87,0.18,-49.18,-0.50,904.57,9.05
337,Exit long,2020-08-27 02:30,S1_LX_TP1,1944.765,5.1,9868.9641,49.34,0.50,75.83,0.77,-40.75,-0.41,953.9,9.54
337,Entry long,2020-08-26 22:00,S1_LE,1935.091,5.1,9868.9641,49.34,0.50,75.83,0.77,-40.75,-0.41,953.9,9.54
338,Exit long,2020-08-27 22:00,S1_SL,1940.599,5,9851.255,-148.26,-1.50,4.82,0.05,-193.81,-1.97,805.64,8.06
338,Entry long,2020-08-27 21:30,S1_LE,1970.251,5,9851.255,-148.26,-1.50,4.82,0.05,-193.81,-1.97,805.64,8.06
339,Exit long,2020-09-01 22:00,S1_LX_TP1,1977.452,5,9838.075,49.19,0.50,125.08,1.27,-29.07,-0.30,854.83,8.55
339,Entry long,2020-08-31 21:00,S1_LE,1967.615,5,9838.075,49.19,0.50,125.08,1.27,-29.07,-0.30,854.83,8.55
340,Exit long,2020-09-02 19:00,S1_SL,1960.675,5,9852.645,-49.27,-0.50,4.76,0.05,-49.27,-0.50,805.56,8.06
340,Entry long,2020-09-02 17:30,S1_LE,1970.529,5,9852.645,-49.27,-0.50,4.76,0.05,-49.27,-0.50,805.56,8.06
341,Exit long,2020-09-03 13:30,S1_SL,1934.847,5.1,9917.3121,-49.59,-0.50,32.94,0.33,-49.59,-0.50,755.97,7.56
341,Entry long,2020-09-03 08:00,S1_LE,1944.571,5.1,9917.3121,-49.59,-0.50,32.94,0.33,-49.59,-0.50,755.97,7.56
342,Exit long,2020-09-03 23:00,S1_SL,1930.777,5.1,9896.4531,-49.49,-0.50,27.84,0.28,-49.49,-0.50,706.48,7.06
342,Entry long,2020-09-03 21:30,S1_LE,1940.481,5.1,9896.4531,-49.49,-0.50,27.84,0.28,-49.49,-0.50,706.48,7.06
343,Exit long,2020-09-04 20:30,S1_SL,1924.986,5.1,9866.7711,-49.34,-0.50,80.27,0.81,-49.34,-0.50,657.13,6.57
343,Entry long,2020-09-04 09:00,S1_LE,1934.661,5.1,9866.7711,-49.34,-0.50,80.27,0.81,-49.34,-0.50,657.13,6.57
344,Exit long,2020-09-07 17:30,S1_SL,1926.21,5.1,9873.0441,-49.37,-0.50,27.94,0.28,-49.37,-0.50,607.76,6.08
344,Entry long,2020-09-05 03:00,S1_LE,1935.891,5.1,9873.0441,-49.37,-0.50,27.94,0.28,-49.37,-0.50,607.76,6.08
345,Exit long,2020-09-08 17:30,S1_SL,1920.996,5.1,9846.3201,-49.24,-0.50,24.83,0.25,-49.24,-0.50,558.52,5.59
345,Entry long,2020-09-08 00:00,S1_LE,1930.651,5.1,9846.3201,-49.24,-0.50,24.83,0.25,-49.24,-0.50,558.52,5.59
346,Exit long,2020-09-09 01:00,S1_LX_TP1,1938.069,5.1,9834.9828,49.17,0.50,58.23,0.59,-15.95,-0.16,607.69,6.08
346,Entry long,2020-09-08 23:30,S1_LE,1928.428,5.1,9834.9828,49.17,0.50,58.23,0.59,-15.95,-0.16,607.69,6.08
347,Exit long,2020-09-09 18:30,S1_SL,1922.16,5.1,9852.2871,-49.27,-0.50,13.51,0.14,-49.27,-0.50,558.42,5.58
347,Entry long,2020-09-09 13:30,S1_LE,1931.821,5.1,9852.2871,-49.27,-0.50,13.51,0.14,-49.27,-0.50,558.42,5.58
348,Exit long,2020-09-09 21:30,S1_LX_TP1,1940.479,5.1,9847.2126,49.23,0.50,70.04,0.71,-6.25,-0.06,607.65,6.08
348,Entry long,2020-09-09 20:30,S1_LE,1930.826,5.1,9847.2126,49.23,0.50,70.04,0.71,-6.25,-0.06,607.65,6.08
349,Exit long,2020-09-10 21:30,S1_LX_TP1,1958.684,5.1,9939.5991,49.69,0.50,81.24,0.82,-21.63,-0.22,657.34,6.57
349,Entry long,2020-09-10 18:00,S1_LE,1948.941,5.1,9939.5991,49.69,0.50,81.24,0.82,-21.63,-0.22,657.34,6.57
350,Exit long,2020-09-14 21:00,S1_LX_TP1,1954.755,5.1,9919.6581,49.59,0.50,66.8,0.67,-43.51,-0.44,706.93,7.07
350,Entry long,2020-09-11 17:00,S1_LE,1945.031,5.1,9919.6581,49.59,0.50,66.8,0.67,-43.51,-0.44,706.93,7.07
351,Exit long,2020-09-15 22:00,S1_SL,1951.304,5,9805.555,-49.03,-0.50,55.25,0.56,-49.03,-0.50,657.89,6.58
351,Entry long,2020-09-15 10:00,S1_LE,1961.111,5,9805.555,-49.03,-0.50,55.25,0.56,-49.03,-0.50,657.89,6.58
352,Exit long,2020-09-16 16:30,S1_LX_TP1,1965.81,5.1,9975.7581,49.87,0.50,64.87,0.65,-1.18,-0.01,707.77,7.08
352,Entry long,2020-09-16 10:00,S1_LE,1956.031,5.1,9975.7581,49.87,0.50,64.87,0.65,-1.18,-0.01,707.77,7.08
353,Exit long,2020-09-17 21:00,S1_SL,1934.926,5.1,9917.7201,-49.6,-0.50,21.36,0.22,-49.6,-0.50,658.17,6.58
353,Entry long,2020-09-17 19:30,S1_LE,1944.651,5.1,9917.7201,-49.6,-0.50,21.36,0.22,-49.6,-0.50,658.17,6.58
354,Exit long,2020-09-19 00:30,S1_LX_TP1,1956.76,5.1,9929.8326,49.64,0.50,65.5,0.66,-29.2,-0.29,707.81,7.08
354,Entry long,2020-09-17 23:30,S1_LE,1947.026,5.1,9929.8326,49.64,0.50,65.5,0.66,-29.2,-0.29,707.81,7.08
355,Exit long,2020-09-21 16:00,S1_SL,1943.607,5.1,9962.2125,-49.82,-0.50,7.52,0.08,-49.82,-0.50,658,6.58
355,Entry long,2020-09-21 10:30,S1_LE,1953.375,5.1,9962.2125,-49.82,-0.50,7.52,0.08,-49.82,-0.50,658,6.58
356,Exit long,2020-09-22 14:30,S1_SL,1902.795,5.2,9944.2616,-49.73,-0.50,39.84,0.40,-49.73,-0.50,608.27,6.08
356,Entry long,2020-09-22 06:00,S1_LE,1912.358,5.2,9944.2616,-49.73,-0.50,39.84,0.40,-49.73,-0.50,608.27,6.08
357,Exit long,2020-09-22 22:30,S1_SL,1902.675,5.2,9943.6376,-49.73,-0.50,27.93,0.28,-49.73,-0.50,558.54,5.59
357,Entry long,2020-09-22 21:00,S1_LE,1912.238,5.2,9943.6376,-49.73,-0.50,27.93,0.28,-49.73,-0.50,558.54,5.59
358,Exit long,2020-09-23 19:30,S1_SL,1883.266,5.2,9842.2012,-49.22,-0.50,11.9,0.12,-49.22,-0.50,509.32,5.09
358,Entry long,2020-09-23 18:30,S1_LE,1892.731,5.2,9842.2012,-49.22,-0.50,11.9,0.12,-49.22,-0.50,509.32,5.09
359,Exit long,2020-09-24 10:30,S1_SL,1858.003,5.3,9896.9073,-49.49,-0.50,7.04,0.07,-49.49,-0.50,459.83,4.60
359,Entry long,2020-09-24 09:30,S1_LE,1867.341,5.3,9896.9073,-49.49,-0.50,7.04,0.07,-49.49,-0.50,459.83,4.60
360,Exit long,2020-09-24 17:30,S1_SL,1849.396,5.3,9851.0623,-49.26,-0.50,1,0.01,-49.26,-0.50,410.57,4.11
360,Entry long,2020-09-24 16:30,S1_LE,1858.691,5.3,9851.0623,-49.26,-0.50,1,0.01,-49.26,-0.50,410.57,4.11
361,Exit long,2020-09-25 02:00,S1_LX_TP1,1866.285,5.3,9842.1053,49.21,0.50,106.15,1.08,-34.46,-0.35,459.77,4.60
361,Entry long,2020-09-24 19:30,S1_LE,1857.001,5.3,9842.1053,49.21,0.50,106.15,1.08,-34.46,-0.35,459.77,4.60
362,Exit long,2020-09-28 13:30,S1_SL,1855.545,5.3,9883.8163,-49.43,-0.50,10.44,0.11,-49.43,-0.50,410.35,4.10
362,Entry long,2020-09-26 02:00,S1_LE,1864.871,5.3,9883.8163,-49.43,-0.50,10.44,0.11,-49.43,-0.50,410.35,4.10
363,Exit long,2020-09-29 01:00,S1_LX_TP1,1874.429,5.3,9885.0883,49.39,0.50,63.17,0.64,-17.55,-0.18,459.73,4.60
363,Entry long,2020-09-28 20:00,S1_LE,1865.111,5.3,9885.0883,49.39,0.50,63.17,0.64,-17.55,-0.18,459.73,4.60
364,Exit long,2020-09-30 01:00,S1_LX_TP1,1894.429,5.3,9990.5265,49.95,0.50,56.37,0.56,-41.9,-0.42,509.68,5.10
364,Entry long,2020-09-29 17:30,S1_LE,1885.005,5.3,9990.5265,49.95,0.50,56.37,0.56,-41.9,-0.42,509.68,5.10
365,Exit long,2020-09-30 21:30,S1_SL,1885.887,5.2,9855.898,-49.29,-0.50,8.24,0.08,-49.29,-0.50,460.39,4.60
365,Entry long,2020-09-30 21:00,S1_LE,1895.365,5.2,9855.898,-49.29,-0.50,8.24,0.08,-49.29,-0.50,460.39,4.60
366,Exit long,2020-10-01 21:00,S1_LX_TP1,1901.681,5.2,9839.5492,49.19,0.50,88.81,0.90,-12.07,-0.12,509.59,5.10
366,Entry long,2020-10-01 11:00,S1_LE,1892.221,5.2,9839.5492,49.19,0.50,88.81,0.90,-12.07,-0.12,509.59,5.10
367,Exit long,2020-10-05 11:00,S1_SL,1895.654,5.2,9906.9412,-49.54,-0.50,61.98,0.63,-49.54,-0.50,460.04,4.60
367,Entry long,2020-10-02 14:00,S1_LE,1905.181,5.2,9906.9412,-49.54,-0.50,61.98,0.63,-49.54,-0.50,460.04,4.60
368,Exit long,2020-10-05 22:00,S1_LX_TP1,1908.759,5.2,9876.8852,48.66,0.49,58.39,0.59,-13.01,-0.13,508.71,5.09
368,Entry long,2020-10-05 17:30,S1_LE,1899.401,5.2,9876.8852,48.66,0.49,58.39,0.59,-13.01,-0.13,508.71,5.09
369,Exit long,2020-10-06 23:30,S1_SL,1902.748,5.2,9944.0172,-49.73,-0.50,45.91,0.46,-49.73,-0.50,458.98,4.59
369,Entry long,2020-10-06 18:00,S1_LE,1912.311,5.2,9944.0172,-49.73,-0.50,45.91,0.46,-49.73,-0.50,458.98,4.59
370,Exit long,2020-10-07 15:00,S1_LX_TP1,1893.631,5.3,9986.3183,49.93,0.50,54,0.54,-6.42,-0.06,508.9,5.09
370,Entry long,2020-10-07 13:30,S1_LE,1884.211,5.3,9986.3183,49.93,0.50,54,0.54,-6.42,-0.06,508.9,5.09
371,Exit long,2020-10-07 22:00,S1_SL,1879.012,5.2,9819.9712,-49.11,-0.50,17.96,0.18,-49.11,-0.50,459.8,4.60
371,Entry long,2020-10-07 20:00,S1_LE,1888.456,5.2,9819.9712,-49.11,-0.50,17.96,0.18,-49.11,-0.50,459.8,4.60
372,Exit long,2020-10-08 20:30,S1_LX_TP1,1897.731,5.2,9819.1132,49.09,0.50,60.59,0.62,-29.07,-0.30,508.88,5.09
372,Entry long,2020-10-08 10:00,S1_LE,1888.291,5.2,9819.1132,49.09,0.50,60.59,0.62,-29.07,-0.30,508.88,5.09
373,Exit long,2020-10-09 09:30,S1_LX_TP1,1902.002,5.2,9841.2132,49.2,0.50,60.05,0.61,-9.05,-0.09,558.08,5.58
373,Entry long,2020-10-09 03:00,S1_LE,1892.541,5.2,9841.2132,49.2,0.50,60.05,0.61,-9.05,-0.09,558.08,5.58
374,Exit long,2020-10-12 17:30,S1_SL,1918.29,5.1,9832.4481,-49.17,-0.50,21.41,0.22,-49.17,-0.50,508.91,5.09
374,Entry long,2020-10-12 11:30,S1_LE,1927.931,5.1,9832.4481,-49.17,-0.50,21.41,0.22,-49.17,-0.50,508.91,5.09
375,Exit long,2020-10-13 10:00,S1_SL,1914.907,5.1,9815.1081,-49.08,-0.50,6.42,0.07,-49.08,-0.50,459.83,4.60
375,Entry long,2020-10-13 00:30,S1_LE,1924.531,5.1,9815.1081,-49.08,-0.50,6.42,0.07,-49.08,-0.50,459.83,4.60
376,Exit long,2020-10-13 20:30,S1_SL,1908.837,5.2,9975.8412,-49.89,-0.50,34.78,0.35,-49.89,-0.50,409.94,4.10
376,Entry long,2020-10-13 16:00,S1_LE,1918.431,5.2,9975.8412,-49.89,-0.50,34.78,0.35,-49.89,-0.50,409.94,4.10
377,Exit long,2020-10-14 20:30,S1_LX_TP1,1904.887,5.2,9856.1372,49.28,0.50,53.4,0.54,-18.26,-0.19,459.22,4.59
377,Entry long,2020-10-14 11:00,S1_LE,1895.411,5.2,9856.1372,49.28,0.50,53.4,0.54,-18.26,-0.19,459.22,4.59
378,Exit long,2020-10-15 17:00,S1_SL,1891.564,5.2,9885.5692,-49.44,-0.50,13.51,0.14,-49.44,-0.50,409.78,4.10
378,Entry long,2020-10-15 13:00,S1_LE,1901.071,5.2,9885.5692,-49.44,-0.50,13.51,0.14,-49.44,-0.50,409.78,4.10
379,Exit long,2020-10-16 16:00,S1_LX_TP1,1909.188,5.2,9878.3932,49.38,0.50,57.09,0.58,-8.27,-0.08,459.16,4.59
379,Entry long,2020-10-15 23:00,S1_LE,1899.691,5.2,9878.3932,49.38,0.50,57.09,0.58,-8.27,-0.08,459.16,4.59
380,Exit long,2020-10-19 18:30,S1_LX_TP1,1911.57,5.2,9890.7172,49.45,0.50,61.72,0.62,-14.36,-0.15,508.61,5.09
380,Entry long,2020-10-19 11:00,S1_LE,1902.061,5.2,9890.7172,49.45,0.50,61.72,0.62,-14.36,-0.15,508.61,5.09
381,Exit long,2020-10-21 02:00,S1_LX_TP1,1911.912,5.2,9892.4852,49.46,0.50,60.89,0.62,-26.01,-0.26,558.07,5.58
381,Entry long,2020-10-20 14:30,S1_LE,1902.401,5.2,9892.4852,49.46,0.50,60.89,0.62,-26.01,-0.26,558.07,5.58
382,Exit long,2020-10-22 10:00,S1_SL,1911.613,5.2,9990.3492,-49.96,-0.50,53.03,0.53,-49.96,-0.50,508.11,5.08
382,Entry long,2020-10-21 20:30,S1_LE,1921.221,5.2,9990.3492,-49.96,-0.50,53.03,0.53,-49.96,-0.50,508.11,5.08
383,Exit long,2020-10-22 20:00,S1_SL,1909.504,5.2,9979.3252,-49.9,-0.50,3.19,0.03,-49.9,-0.50,458.2,4.58
383,Entry long,2020-10-22 16:00,S1_LE,1919.101,5.2,9979.3252,-49.9,-0.50,3.19,0.03,-49.9,-0.50,458.2,4.58
384,Exit long,2020-10-28 19:00,S1_SL,1891.698,5.2,9886.2712,-49.44,-0.50,53.16,0.54,-49.44,-0.50,408.76,4.09
384,Entry long,2020-10-26 09:30,S1_LE,1901.206,5.2,9886.2712,-49.44,-0.50,53.16,0.54,-49.44,-0.50,408.76,4.09
385,Exit long,2020-10-29 20:00,S1_SL,1870.092,5.3,9961.3023,-49.81,-0.50,29.36,0.29,-49.81,-0.50,358.95,3.59
385,Entry long,2020-10-29 08:00,S1_LE,1879.491,5.3,9961.3023,-49.81,-0.50,29.36,0.29,-49.81,-0.50,358.95,3.59
386,Exit long,2020-10-30 21:30,S1_LX_TP1,1883.882,5.3,9934.9083,49.67,0.50,81.03,0.82,-44.05,-0.44,408.61,4.09
386,Entry long,2020-10-30 10:00,S1_LE,1874.511,5.3,9934.9083,49.67,0.50,81.03,0.82,-44.05,-0.44,408.61,4.09
387,Exit long,2020-11-03 00:00,S1_LX_TP1,1890.776,5.3,9971.2663,49.85,0.50,62,0.62,-9.92,-0.10,458.46,4.58
387,Entry long,2020-11-02 10:30,S1_LE,1881.371,5.3,9971.2663,49.85,0.50,62,0.62,-9.92,-0.10,458.46,4.58
388,Exit long,2020-11-03 21:30,S1_LX_TP1,1905.047,5.2,9856.9692,49.28,0.50,56.31,0.57,-8.69,-0.09,507.73,5.08
388,Entry long,2020-11-03 17:00,S1_LE,1895.571,5.2,9856.9692,49.28,0.50,56.31,0.57,-8.69,-0.09,507.73,5.08
389,Exit long,2020-11-05 01:00,S1_SL,1892.589,5.2,9890.9252,-49.46,-0.50,52.67,0.53,-49.46,-0.50,458.27,4.58
389,Entry long,2020-11-04 20:00,S1_LE,1902.101,5.2,9890.9252,-49.46,-0.50,52.67,0.53,-49.46,-0.50,458.27,4.58
390,Exit long,2020-11-05 16:30,S1_LX_TP1,1914.171,5.2,9904.1748,49.51,0.50,65.21,0.66,-16.89,-0.17,507.79,5.08
390,Entry long,2020-11-05 05:00,S1_LE,1904.649,5.2,9904.1748,49.51,0.50,65.21,0.66,-16.89,-0.17,507.79,5.08
391,Exit long,2020-11-06 22:00,S1_LX_TP1,1957.297,5.1,9932.5611,49.65,0.50,65.12,0.66,-22.24,-0.22,557.44,5.57
391,Entry long,2020-11-06 16:00,S1_LE,1947.561,5.1,9932.5611,49.65,0.50,65.12,0.66,-22.24,-0.22,557.44,5.57
392,Exit long,2020-11-10 12:00,S1_LX_TP1,1880.254,5.3,9915.7753,49.57,0.50,58.08,0.59,-20.68,-0.21,607.01,6.07
392,Entry long,2020-11-10 08:00,S1_LE,1870.901,5.3,9915.7753,49.57,0.50,58.08,0.59,-20.68,-0.21,607.01,6.07
393,Exit long,2020-11-11 19:00,S1_SL,1869.913,5.3,9960.3483,-49.81,-0.50,27.24,0.27,-49.81,-0.50,557.2,5.57
393,Entry long,2020-11-11 09:30,S1_LE,1879.311,5.3,9960.3483,-49.81,-0.50,27.24,0.27,-49.81,-0.50,557.2,5.57
394,Exit long,2020-11-12 22:30,S1_LX_TP1,1874.693,5.3,9886.4504,49.42,0.50,76.46,0.77,-18.91,-0.19,606.62,6.07
394,Entry long,2020-11-12 07:00,S1_LE,1865.368,5.3,9886.4504,49.42,0.50,76.46,0.77,-18.91,-0.19,606.62,6.07
395,Exit long,2020-11-13 22:30,S1_LX_TP1,1890.224,5.3,9968.3513,49.84,0.50,84.74,0.85,-33.5,-0.34,656.46,6.56
395,Entry long,2020-11-13 09:30,S1_LE,1880.821,5.3,9968.3513,49.84,0.50,84.74,0.85,-33.5,-0.34,656.46,6.56
396,Exit long,2020-11-16 19:30,S1_SL,1881.122,5.2,9830.9952,-49.16,-0.50,44.06,0.45,-49.16,-0.50,607.3,6.07
396,Entry long,2020-11-16 07:30,S1_LE,1890.576,5.2,9830.9952,-49.16,-0.50,44.06,0.45,-49.16,-0.50,607.3,6.07
397,Exit long,2020-11-18 04:30,S1_SL,1880.614,5.2,9828.3432,-49.15,-0.50,30.91,0.31,-49.15,-0.50,558.15,5.58
397,Entry long,2020-11-17 00:00,S1_LE,1890.066,5.2,9828.3432,-49.15,-0.50,30.91,0.31,-49.15,-0.50,558.15,5.58
398,Exit long,2020-11-18 18:30,S1_SL,1871.604,5.3,9969.3583,-49.86,-0.50,20.05,0.20,-49.86,-0.50,508.29,5.08
398,Entry long,2020-11-18 15:30,S1_LE,1881.011,5.3,9969.3583,-49.86,-0.50,20.05,0.20,-49.86,-0.50,508.29,5.08
399,Exit long,2020-11-19 01:30,S1_SL,1873.923,5.3,9981.7073,-49.92,-0.50,8,0.08,-49.92,-0.50,458.38,4.58
399,Entry long,2020-11-18 23:30,S1_LE,1883.341,5.3,9981.7073,-49.92,-0.50,8,0.08,-49.92,-0.50,458.38,4.58
400,Exit long,2020-11-21 00:30,S1_LX_TP1,1872.194,5.3,9873.2693,49.36,0.50,90.15,0.91,-15.27,-0.15,507.73,5.08
400,Entry long,2020-11-20 01:30,S1_LE,1862.881,5.3,9873.2693,49.36,0.50,90.15,0.91,-15.27,-0.15,507.73,5.08
401,Exit long,2020-11-23 18:30,S1_SL,1865.575,5.3,9937.2403,-49.69,-0.50,6.41,0.06,-49.69,-0.50,458.04,4.58
401,Entry long,2020-11-23 09:30,S1_LE,1874.951,5.3,9937.2403,-49.69,-0.50,6.41,0.06,-49.69,-0.50,458.04,4.58
402,Exit long,2020-11-27 21:00,S1_SL,1798.223,5.5,9939.9355,-49.71,-0.50,60.31,0.61,-49.71,-0.50,408.33,4.08
402,Entry long,2020-11-25 05:00,S1_LE,1807.261,5.5,9939.9355,-49.71,-0.50,60.31,0.61,-49.71,-0.50,408.33,4.08
403,Exit long,2020-11-30 18:00,S1_SL,1772.164,5.6,9973.9976,-49.88,-0.50,6.43,0.06,-49.88,-0.50,358.45,3.58
403,Entry long,2020-11-30 16:00,S1_LE,1781.071,5.6,9973.9976,-49.88,-0.50,6.43,0.06,-49.88,-0.50,358.45,3.58
404,Exit long,2020-12-01 12:30,S1_LX_TP1,1785.392,5.6,9948.4616,49.73,0.50,59.41,0.60,-45.42,-0.46,408.19,4.08
404,Entry long,2020-11-30 22:30,S1_LE,1776.511,5.6,9948.4616,49.73,0.50,59.41,0.60,-45.42,-0.46,408.19,4.08
405,Exit long,2020-12-02 17:00,S1_LX_TP1,1821.833,5.5,9970.2405,49.84,0.50,75.01,0.75,-15.79,-0.16,458.03,4.58
405,Entry long,2020-12-02 15:00,S1_LE,1812.771,5.5,9970.2405,49.84,0.50,75.01,0.75,-15.79,-0.16,458.03,4.58
406,Exit long,2020-12-03 11:30,S1_LX_TP1,1832.808,5.4,9847.9314,49.23,0.50,66.14,0.67,-5.35,-0.05,507.26,5.07
406,Entry long,2020-12-02 23:30,S1_LE,1823.691,5.4,9847.9314,49.23,0.50,66.14,0.67,-5.35,-0.05,507.26,5.07
407,Exit long,2020-12-07 16:30,S1_SL,1828.392,5.4,9922.9374,-49.62,-0.50,57.4,0.58,-49.62,-0.50,457.64,4.58
407,Entry long,2020-12-04 03:00,S1_LE,1837.581,5.4,9922.9374,-49.62,-0.50,57.4,0.58,-49.62,-0.50,457.64,4.58
408,Exit long,2020-12-08 19:00,S1_LX_TP1,1860.399,5.4,9931.9554,114.2,1.15,177.44,1.79,-11.08,-0.11,571.84,5.72
408,Entry long,2020-12-07 22:00,S1_LE,1839.251,5.4,9931.9554,114.2,1.15,177.44,1.79,-11.08,-0.11,571.84,5.72
409,Exit long,2020-12-09 11:00,S1_SL,1861.643,5.3,9916.2947,-49.59,-0.50,22.69,0.23,-49.59,-0.50,522.25,5.22
409,Entry long,2020-12-08 22:30,S1_LE,1870.999,5.3,9916.2947,-49.59,-0.50,22.69,0.23,-49.59,-0.50,522.25,5.22
410,Exit long,2020-12-10 17:00,S1_SL,1830.173,5.4,9932.6034,-49.67,-0.50,17.44,0.18,-49.67,-0.50,472.58,4.73
410,Entry long,2020-12-10 10:00,S1_LE,1839.371,5.4,9932.6034,-49.67,-0.50,17.44,0.18,-49.67,-0.50,472.58,4.73
411,Exit long,2020-12-11 19:00,S1_SL,1828.511,5.4,9923.5854,-49.63,-0.50,16.25,0.16,-49.63,-0.50,422.96,4.23
411,Entry long,2020-12-11 08:30,S1_LE,1837.701,5.4,9923.5854,-49.63,-0.50,16.25,0.16,-49.63,-0.50,422.96,4.23
412,Exit long,2020-12-11 23:30,S1_LX_TP1,1845.049,5.4,9913.7034,49.56,0.50,64.15,0.65,-11.18,-0.11,472.52,4.73
412,Entry long,2020-12-11 21:30,S1_LE,1835.871,5.4,9913.7034,49.56,0.50,64.15,0.65,-11.18,-0.11,472.52,4.73
413,Exit long,2020-12-14 23:00,S1_SL,1823.327,5.4,9895.4514,-49.49,-0.50,35.47,0.36,-49.49,-0.50,423.03,4.23
413,Entry long,2020-12-14 22:30,S1_LE,1832.491,5.4,9895.4514,-49.49,-0.50,35.47,0.36,-49.49,-0.50,423.03,4.23
414,Exit long,2020-12-15 14:00,S1_LX_TP1,1837.959,5.4,9875.6064,49.37,0.50,64.88,0.66,-29.79,-0.30,472.4,4.72
414,Entry long,2020-12-15 02:00,S1_LE,1828.816,5.4,9875.6064,49.37,0.50,64.88,0.66,-29.79,-0.30,472.4,4.72
415,Exit long,2020-12-17 18:30,S1_LX_TP1,1872.661,5.3,9875.7338,49.37,0.50,105.23,1.07,-11.37,-0.12,521.77,5.22
415,Entry long,2020-12-17 04:30,S1_LE,1863.346,5.3,9875.7338,49.37,0.50,105.23,1.07,-11.37,-0.12,521.77,5.22
416,Exit long,2020-12-21 09:30,S1_LX_TP1,1894.123,5.3,9988.9153,49.94,0.50,79.76,0.80,-44.53,-0.45,571.71,5.72
416,Entry long,2020-12-18 13:00,S1_LE,1884.701,5.3,9988.9153,49.94,0.50,79.76,0.80,-44.53,-0.45,571.71,5.72
417,Exit long,2020-12-22 14:30,S1_SL,1870.092,5.3,9961.3023,-49.81,-0.50,25.16,0.25,-49.81,-0.50,521.9,5.22
417,Entry long,2020-12-22 08:30,S1_LE,1879.491,5.3,9961.3023,-49.81,-0.50,25.16,0.25,-49.81,-0.50,521.9,5.22
418,Exit long,2020-12-22 23:30,S1_SL,1867.167,5.3,9945.7203,-49.74,-0.50,26.23,0.26,-49.74,-0.50,472.16,4.72
418,Entry long,2020-12-22 21:30,S1_LE,1876.551,5.3,9945.7203,-49.74,-0.50,26.23,0.26,-49.74,-0.50,472.16,4.72
419,Exit long,2020-12-23 20:00,S1_SL,1857.565,5.3,9894.5753,-49.48,-0.50,28.88,0.29,-49.48,-0.50,422.68,4.23
419,Entry long,2020-12-23 09:30,S1_LE,1866.901,5.3,9894.5753,-49.48,-0.50,28.88,0.29,-49.48,-0.50,422.68,4.23
420,Exit long,2020-12-28 08:00,S1_LX_TP1,1886.857,5.3,9950.5963,49.75,0.50,68.52,0.69,-10.98,-0.11,472.43,4.72
420,Entry long,2020-12-24 23:30,S1_LE,1877.471,5.3,9950.5963,49.75,0.50,68.52,0.69,-10.98,-0.11,472.43,4.72
421,Exit long,2020-12-28 23:30,S1_SL,1880.271,5.2,9826.5492,-49.14,-0.50,35.93,0.37,-49.14,-0.50,423.29,4.23
421,Entry long,2020-12-28 22:30,S1_LE,1889.721,5.2,9826.5492,-49.14,-0.50,35.93,0.37,-49.14,-0.50,423.29,4.23
422,Exit long,2020-12-31 02:30,S1_LX_TP1,1888.138,5.3,9957.3538,49.78,0.50,64.34,0.65,-38.4,-0.39,473.06,4.73
422,Entry long,2020-12-29 09:30,S1_LE,1878.746,5.3,9957.3538,49.78,0.50,64.34,0.65,-38.4,-0.39,473.06,4.73
423,Exit long,2021-01-05 09:00,S1_LX_TP2,1935.699,5.2,9847.734,217.9,2.21,270.89,2.75,-19.73,-0.20,690.96,6.91
423,Entry long,2020-12-31 17:00,S1_LE,1893.795,5.2,9847.734,217.9,2.21,270.89,2.75,-19.73,-0.20,690.96,6.91
424,Exit long,2021-01-06 19:00,S1_LX_TP1,1953.291,5.1,9912.2325,49.55,0.50,80.35,0.81,-25.37,-0.26,740.52,7.41
424,Entry long,2021-01-05 15:30,S1_LE,1943.575,5.1,9912.2325,49.55,0.50,80.35,0.81,-25.37,-0.26,740.52,7.41
425,Exit long,2021-01-07 18:00,S1_SL,1912.937,5.2,9997.2652,-49.99,-0.50,26.72,0.27,-49.99,-0.50,690.52,6.91
425,Entry long,2021-01-07 07:30,S1_LE,1922.551,5.2,9997.2652,-49.99,-0.50,26.72,0.27,-49.99,-0.50,690.52,6.91
426,Exit long,2021-01-08 14:00,S1_SL,1905.817,5.2,9960.054,-49.81,-0.50,14.27,0.14,-49.81,-0.50,640.72,6.41
426,Entry long,2021-01-08 03:30,S1_LE,1915.395,5.2,9960.054,-49.81,-0.50,14.27,0.14,-49.81,-0.50,640.72,6.41
427,Exit long,2021-01-11 21:00,S1_SL,1836.774,5.4,9968.4324,-49.85,-0.50,50.94,0.51,-49.85,-0.50,590.86,5.91
427,Entry long,2021-01-11 14:30,S1_LE,1846.006,5.4,9968.4324,-49.85,-0.50,50.94,0.51,-49.85,-0.50,590.86,5.91
428,Exit long,2021-01-12 14:00,S1_LX_TP1,1858.064,5.4,9983.6334,49.91,0.50,51.29,0.51,-46.01,-0.46,640.78,6.41
428,Entry long,2021-01-12 00:00,S1_LE,1848.821,5.4,9983.6334,49.91,0.50,51.29,0.51,-46.01,-0.46,640.78,6.41
429,Exit long,2021-01-14 05:30,S1_SL,1844.829,5.3,9826.7353,-49.14,-0.50,47.46,0.48,-49.14,-0.50,591.63,5.92
429,Entry long,2021-01-13 04:00,S1_LE,1854.101,5.3,9826.7353,-49.14,-0.50,47.46,0.48,-49.14,-0.50,591.63,5.92
430,Exit long,2021-01-15 02:00,S1_LX_TP1,1851.466,5.4,9948.1824,49.73,0.50,82.97,0.83,-28.38,-0.29,641.37,6.41
430,Entry long,2021-01-14 20:00,S1_LE,1842.256,5.4,9948.1824,49.73,0.50,82.97,0.83,-28.38,-0.29,641.37,6.41
431,Exit long,2021-01-15 21:30,S1_SL,1842.998,5.3,9816.9833,-49.09,-0.50,25.12,0.26,-49.09,-0.50,592.27,5.92
431,Entry long,2021-01-15 08:30,S1_LE,1852.261,5.3,9816.9833,-49.09,-0.50,25.12,0.26,-49.09,-0.50,592.27,5.92
432,Exit long,2021-01-18 14:00,S1_LX_TP1,1837.773,5.4,9874.6074,49.37,0.50,63.39,0.64,-16.91,-0.17,641.64,6.42
432,Entry long,2021-01-18 11:00,S1_LE,1828.631,5.4,9874.6074,49.37,0.50,63.39,0.64,-16.91,-0.17,641.64,6.42
433,Exit long,2021-01-19 21:00,S1_SL,1834.501,5.4,9956.0934,-49.79,-0.50,9.98,0.10,-49.79,-0.50,591.85,5.92
433,Entry long,2021-01-19 16:30,S1_LE,1843.721,5.4,9956.0934,-49.79,-0.50,9.98,0.10,-49.79,-0.50,591.85,5.92
434,Exit long,2021-01-20 14:30,S1_LX_TP1,1851.823,5.4,9950.0994,49.74,0.50,57.83,0.58,-35.16,-0.35,641.6,6.42
434,Entry long,2021-01-20 02:00,S1_LE,1842.611,5.4,9950.0994,49.74,0.50,57.83,0.58,-35.16,-0.35,641.6,6.42
435,Exit long,2021-01-21 05:00,S1_LX_TP1,1869.149,5.3,9857.2103,49.28,0.50,58.98,0.60,-34.19,-0.35,690.88,6.91
435,Entry long,2021-01-20 22:30,S1_LE,1859.851,5.3,9857.2103,49.28,0.50,58.98,0.60,-34.19,-0.35,690.88,6.91
436,Exit long,2021-01-22 14:00,S1_SL,1858.903,5.3,9901.7038,-49.52,-0.50,17.78,0.18,-49.52,-0.50,641.36,6.41
436,Entry long,2021-01-22 03:30,S1_LE,1868.246,5.3,9901.7038,-49.52,-0.50,17.78,0.18,-49.52,-0.50,641.36,6.41
437,Exit long,2021-01-25 21:30,S1_LX_TP1,1865.144,5.3,9836.0898,49.17,0.50,63.75,0.65,-12.01,-0.12,690.53,6.91
437,Entry long,2021-01-25 18:00,S1_LE,1855.866,5.3,9836.0898,49.17,0.50,63.75,0.65,-12.01,-0.12,690.53,6.91
438,Exit long,2021-01-26 18:30,S1_SL,1848.928,5.3,9848.5713,-49.25,-0.50,18.76,0.19,-49.25,-0.50,641.28,6.41
438,Entry long,2021-01-26 10:00,S1_LE,1858.221,5.3,9848.5713,-49.25,-0.50,18.76,0.19,-49.25,-0.50,641.28,6.41
439,Exit long,2021-01-27 08:30,S1_SL,1847.695,5.3,9841.9993,-49.22,-0.50,16,0.16,-49.22,-0.50,592.06,5.92
439,Entry long,2021-01-26 21:30,S1_LE,1856.981,5.3,9841.9993,-49.22,-0.50,16,0.16,-49.22,-0.50,592.06,5.92
440,Exit long,2021-01-27 19:30,S1_SL,1839.924,5.4,9985.5234,-49.93,-0.50,21.49,0.22,-49.93,-0.50,542.13,5.42
440,Entry long,2021-01-27 14:30,S1_LE,1849.171,5.4,9985.5234,-49.93,-0.50,21.49,0.22,-49.93,-0.50,542.13,5.42
441,Exit long,2021-01-28 04:00,S1_SL,1839.675,5.4,9984.1734,-49.93,-0.50,9.23,0.09,-49.93,-0.50,492.2,4.92
441,Entry long,2021-01-28 00:00,S1_LE,1848.921,5.4,9984.1734,-49.93,-0.50,9.23,0.09,-49.93,-0.50,492.2,4.92
442,Exit long,2021-01-29 00:30,S1_LX_TP1,1847.411,5.4,9926.3934,49.63,0.50,139.8,1.41,-5.51,-0.06,541.83,5.42
442,Entry long,2021-01-28 17:00,S1_LE,1838.221,5.4,9926.3934,49.63,0.50,139.8,1.41,-5.51,-0.06,541.83,5.42
443,Exit long,2021-01-29 18:30,S1_LX_TP1,1852.24,5.4,9952.3404,49.76,0.50,60.66,0.61,-14.72,-0.15,591.58,5.92
443,Entry long,2021-01-29 11:30,S1_LE,1843.026,5.4,9952.3404,49.76,0.50,60.66,0.61,-14.72,-0.15,591.58,5.92
444,Exit long,2021-02-01 14:30,S1_LX_TP1,1863.473,5.3,9827.2759,49.13,0.50,68.86,0.70,-31.29,-0.32,640.72,6.41
444,Entry long,2021-02-01 09:00,S1_LE,1854.203,5.3,9827.2759,49.13,0.50,68.86,0.70,-31.29,-0.32,640.72,6.41
445,Exit long,2021-02-02 12:30,S1_SL,1853.43,5.3,9872.5485,-49.37,-0.50,4.11,0.04,-49.37,-0.50,591.35,5.91
445,Entry long,2021-02-02 10:00,S1_LE,1862.745,5.3,9872.5485,-49.37,-0.50,4.11,0.04,-49.37,-0.50,591.35,5.91
446,Exit long,2021-02-04 09:30,S1_SL,1827.818,5.4,9919.827,-49.61,-0.50,43.17,0.44,-49.61,-0.50,541.74,5.42
446,Entry long,2021-02-03 07:00,S1_LE,1837.005,5.4,9919.827,-49.61,-0.50,43.17,0.44,-49.61,-0.50,541.74,5.42
447,Exit long,2021-02-05 17:00,S1_LX_TP1,1804.718,5.5,9876.5755,49.37,0.50,85.68,0.87,-23.88,-0.24,591.11,5.91
447,Entry long,2021-02-05 08:00,S1_LE,1795.741,5.5,9876.5755,49.37,0.50,85.68,0.87,-23.88,-0.24,591.11,5.91
448,Exit long,2021-02-08 08:30,S1_LX_TP1,1814.929,5.5,9932.4555,49.65,0.50,71.55,0.72,-22.56,-0.23,640.76,6.41
448,Entry long,2021-02-05 23:30,S1_LE,1805.901,5.5,9932.4555,49.65,0.50,71.55,0.72,-22.56,-0.23,640.76,6.41
449,Exit long,2021-02-08 21:00,S1_LX_TP1,1824.225,5.5,9983.3305,49.91,0.50,62.03,0.62,-45.93,-0.46,690.67,6.91
449,Entry long,2021-02-08 13:30,S1_LE,1815.151,5.5,9983.3305,49.91,0.50,62.03,0.62,-45.93,-0.46,690.67,6.91
450,Exit long,2021-02-09 18:00,S1_LX_TP1,1846.205,5.4,9919.9134,49.59,0.50,62.36,0.63,-9.83,-0.10,740.26,7.40
450,Entry long,2021-02-09 09:30,S1_LE,1837.021,5.4,9919.9134,49.59,0.50,62.36,0.63,-9.83,-0.10,740.26,7.40
451,Exit long,2021-02-10 22:30,S1_SL,1841.874,5.4,9996.1074,-49.99,-0.50,13.93,0.14,-49.99,-0.50,690.28,6.90
451,Entry long,2021-02-10 22:00,S1_LE,1851.131,5.4,9996.1074,-49.99,-0.50,13.93,0.14,-49.99,-0.50,690.28,6.90
452,Exit long,2021-02-12 00:30,S1_SL,1833.625,5.4,9951.3414,-49.77,-0.50,25.37,0.25,-49.77,-0.50,640.51,6.41
452,Entry long,2021-02-11 03:00,S1_LE,1842.841,5.4,9951.3414,-49.77,-0.50,25.37,0.25,-49.77,-0.50,640.51,6.41
453,Exit long,2021-02-13 01:30,S1_SL,1819.068,5.4,9872.3394,-49.37,-0.50,6.47,0.07,-49.37,-0.50,591.14,5.91
453,Entry long,2021-02-13 00:00,S1_LE,1828.211,5.4,9872.3394,-49.37,-0.50,6.47,0.07,-49.37,-0.50,591.14,5.91
454,Exit long,2021-02-16 20:30,S1_SL,1814.887,5.4,9849.6486,-49.26,-0.50,13.24,0.13,-49.26,-0.50,541.88,5.42
454,Entry long,2021-02-15 20:30,S1_LE,1824.009,5.4,9849.6486,-49.26,-0.50,13.24,0.13,-49.26,-0.50,541.88,5.42
455,Exit long,2021-02-17 21:30,S1_SL,1777.999,5.5,9855.4555,-76.46,-0.78,8.41,0.09,-78.66,-0.80,465.42,4.65
455,Entry long,2021-02-17 21:00,S1_LE,1791.901,5.5,9855.4555,-76.46,-0.78,8.41,0.09,-78.66,-0.80,465.42,4.65
456,Exit long,2021-02-18 17:00,S1_LX_TP1,1786.95,5.6,9957.1416,49.78,0.50,61.26,0.62,-7.62,-0.08,515.2,5.15
456,Entry long,2021-02-18 08:00,S1_LE,1778.061,5.6,9957.1416,49.78,0.50,61.26,0.62,-7.62,-0.08,515.2,5.15
457,Exit long,2021-02-19 22:00,S1_LX_TP1,1781.372,5.6,9926.0616,49.62,0.50,83.77,0.84,-27.5,-0.28,564.82,5.65
457,Entry long,2021-02-19 14:30,S1_LE,1772.511,5.6,9926.0616,49.62,0.50,83.77,0.84,-27.5,-0.28,564.82,5.65
458,Exit long,2021-02-24 21:30,S1_SL,1797.123,5.5,9933.8525,-49.68,-0.50,42.65,0.43,-49.68,-0.50,515.14,5.15
458,Entry long,2021-02-24 08:30,S1_LE,1806.155,5.5,9933.8525,-49.68,-0.50,42.65,0.43,-49.68,-0.50,515.14,5.15
459,Exit long,2021-02-25 11:00,S1_SL,1793.497,5.5,9913.8105,-49.58,-0.50,17.15,0.17,-49.58,-0.50,465.56,4.66
459,Entry long,2021-02-25 05:00,S1_LE,1802.511,5.5,9913.8105,-49.58,-0.50,17.15,0.17,-49.58,-0.50,465.56,4.66
460,Exit long,2021-02-26 12:30,S1_SL,1765.269,5.6,9935.1896,-49.68,-0.50,2.68,0.03,-49.68,-0.50,415.88,4.16
460,Entry long,2021-02-26 11:30,S1_LE,1774.141,5.6,9935.1896,-49.68,-0.50,2.68,0.03,-49.68,-0.50,415.88,4.16
461,Exit long,2021-03-01 12:00,S1_LX_TP1,1747.825,5.7,9913.0467,49.56,0.50,71.13,0.72,-17.28,-0.17,465.44,4.65
461,Entry long,2021-03-01 08:00,S1_LE,1739.131,5.7,9913.0467,49.56,0.50,71.13,0.72,-17.28,-0.17,465.44,4.65
462,Exit long,2021-03-02 21:00,S1_LX_TP1,1730.348,5.8,9986.0978,49.92,0.50,84.33,0.84,-39.1,-0.39,515.36,5.15
462,Entry long,2021-03-02 15:00,S1_LE,1721.741,5.8,9986.0978,49.92,0.50,84.33,0.84,-39.1,-0.39,515.36,5.15
463,Exit long,2021-03-04 17:00,S1_SL,1706.137,5.8,9945.3296,-49.73,-0.50,38.15,0.38,-49.73,-0.50,465.62,4.66
463,Entry long,2021-03-04 13:30,S1_LE,1714.712,5.8,9945.3296,-49.73,-0.50,38.15,0.38,-49.73,-0.50,465.62,4.66
464,Exit long,2021-03-05 01:00,S1_SL,1707.097,5.8,9950.9266,-49.76,-0.50,43.75,0.44,-49.76,-0.50,415.86,4.16
464,Entry long,2021-03-04 20:00,S1_LE,1715.677,5.8,9950.9266,-49.76,-0.50,43.75,0.44,-49.76,-0.50,415.86,4.16
465,Exit long,2021-03-05 21:30,S1_SL,1689.247,5.8,9846.8746,-49.24,-0.50,19.56,0.20,-49.24,-0.50,366.62,3.67
465,Entry long,2021-03-05 14:30,S1_LE,1697.737,5.8,9846.8746,-49.24,-0.50,19.56,0.20,-49.24,-0.50,366.62,3.67
466,Exit long,2021-03-05 23:00,S1_SL,1694.389,5.8,9879.6098,-52.15,-0.53,0.99,0.01,-71.23,-0.72,314.46,3.14
466,Entry long,2021-03-05 22:30,S1_LE,1703.381,5.8,9879.6098,-52.15,-0.53,0.99,0.01,-71.23,-0.72,314.46,3.14
467,Exit long,2021-03-09 15:00,S1_LX_TP1,1692.842,5.9,9938.1429,49.62,0.50,59.09,0.59,-32.04,-0.32,364.09,3.64
467,Entry long,2021-03-09 09:00,S1_LE,1684.431,5.9,9938.1429,49.62,0.50,59.09,0.59,-32.04,-0.32,364.09,3.64
468,Exit long,2021-03-11 03:30,S1_LX_TP1,1724.368,5.8,9951.5878,49.75,0.50,59.27,0.60,-49.25,-0.49,413.83,4.14
468,Entry long,2021-03-10 15:30,S1_LE,1715.791,5.8,9951.5878,49.75,0.50,59.27,0.60,-49.25,-0.49,413.83,4.14
469,Exit long,2021-03-12 14:00,S1_SL,1715.578,5.7,9827.9457,-49.15,-0.50,21.88,0.22,-49.15,-0.50,364.68,3.65
469,Entry long,2021-03-12 09:00,S1_LE,1724.201,5.7,9827.9457,-49.15,-0.50,21.88,0.22,-49.15,-0.50,364.68,3.65
470,Exit long,2021-03-13 02:30,S1_LX_TP1,1720.91,5.8,9931.63,49.65,0.50,59.74,0.60,-12.47,-0.13,414.33,4.14
470,Entry long,2021-03-13 00:30,S1_LE,1712.35,5.8,9931.63,49.65,0.50,59.74,0.60,-12.47,-0.13,414.33,4.14
471,Exit long,2021-03-17 22:00,S1_SL,1725.598,5.7,9885.3447,-49.44,-0.50,39.19,0.40,-49.44,-0.50,364.9,3.65
471,Entry long,2021-03-16 19:00,S1_LE,1734.271,5.7,9885.3447,-49.44,-0.50,39.19,0.40,-49.44,-0.50,364.9,3.65
472,Exit long,2021-03-18 09:30,S1_LX_TP1,1751.392,5.7,9933.276,49.66,0.50,64.13,0.65,-13.57,-0.14,414.55,4.15
472,Entry long,2021-03-18 02:30,S1_LE,1742.68,5.7,9933.276,49.66,0.50,64.13,0.65,-13.57,-0.14,414.55,4.15
473,Exit long,2021-03-19 14:30,S1_LX_TP1,1742.418,5.7,9882.3807,49.4,0.50,55.49,0.56,-36.2,-0.37,463.96,4.64
473,Entry long,2021-03-19 01:30,S1_LE,1733.751,5.7,9882.3807,49.4,0.50,55.49,0.56,-36.2,-0.37,463.96,4.64
474,Exit long,2021-03-22 09:00,S1_SL,1733.526,5.7,9930.7623,-49.66,-0.50,27.48,0.28,-49.66,-0.50,414.29,4.14
474,Entry long,2021-03-20 01:00,S1_LE,1742.239,5.7,9930.7623,-49.66,-0.50,27.48,0.28,-49.66,-0.50,414.29,4.14
475,Exit long,2021-03-22 14:00,S1_SL,1732.683,5.7,9925.9287,-49.64,-0.50,9.62,0.10,-49.64,-0.50,364.66,3.65
475,Entry long,2021-03-22 12:30,S1_LE,1741.391,5.7,9925.9287,-49.64,-0.50,9.62,0.10,-49.64,-0.50,364.66,3.65
476,Exit long,2021-03-23 21:30,S1_SL,1728.742,5.7,9903.3567,-49.53,-0.50,29.12,0.29,-49.53,-0.50,315.13,3.15
476,Entry long,2021-03-22 19:30,S1_LE,1737.431,5.7,9903.3567,-49.53,-0.50,29.12,0.29,-49.53,-0.50,315.13,3.15
477,Exit long,2021-03-25 21:30,S1_LX_TP1,1739.021,5.7,9863.1147,49.31,0.50,56.71,0.57,-33.46,-0.34,364.43,3.64
477,Entry long,2021-03-24 10:00,S1_LE,1730.371,5.7,9863.1147,49.31,0.50,56.71,0.57,-33.46,-0.34,364.43,3.64
478,Exit long,2021-03-29 21:30,S1_SL,1719.29,5.7,9849.2067,-49.25,-0.50,50.27,0.51,-49.25,-0.50,315.18,3.15
478,Entry long,2021-03-26 14:00,S1_LE,1727.931,5.7,9849.2067,-49.25,-0.50,50.27,0.51,-49.25,-0.50,315.18,3.15
479,Exit long,2021-03-30 10:30,S1_SL,1704.056,5.8,9933.2018,-49.68,-0.50,10.26,0.10,-49.68,-0.50,265.5,2.66
479,Entry long,2021-03-30 08:30,S1_LE,1712.621,5.8,9933.2018,-49.68,-0.50,10.26,0.10,-49.68,-0.50,265.5,2.66
480,Exit long,2021-03-31 22:00,S1_LX_TP1,1693.893,5.9,9944.2553,49.71,0.50,81.61,0.82,-46.42,-0.47,315.22,3.15
480,Entry long,2021-03-31 08:00,S1_LE,1685.467,5.9,9944.2553,49.71,0.50,81.61,0.82,-46.42,-0.47,315.22,3.15
481,Exit long,2021-04-06 14:00,S1_LX_TP1,1736.288,5.7,9847.6107,49.23,0.50,64.63,0.66,-39.05,-0.40,364.45,3.64
481,Entry long,2021-04-05 16:30,S1_LE,1727.651,5.7,9847.6107,49.23,0.50,64.63,0.66,-39.05,-0.40,364.45,3.64
482,Exit long,2021-04-06 23:30,S1_LX_TP1,1743.443,5.7,9888.1947,49.43,0.50,60.81,0.62,-13.51,-0.14,413.88,4.14
482,Entry long,2021-04-06 19:30,S1_LE,1734.771,5.7,9888.1947,49.43,0.50,60.81,0.62,-13.51,-0.14,413.88,4.14
483,Exit long,2021-04-07 20:00,S1_SL,1731.359,5.7,9918.3477,-49.6,-0.50,8.89,0.09,-49.6,-0.50,364.28,3.64
483,Entry long,2021-04-07 15:30,S1_LE,1740.061,5.7,9918.3477,-49.6,-0.50,8.89,0.09,-49.6,-0.50,364.28,3.64
484,Exit long,2021-04-08 20:00,S1_LX_TP1,1748.569,5.7,9917.2647,49.58,0.50,65.2,0.66,-42.58,-0.43,413.86,4.14
484,Entry long,2021-04-07 22:00,S1_LE,1739.871,5.7,9917.2647,49.58,0.50,65.2,0.66,-42.58,-0.43,413.86,4.14
485,Exit long,2021-04-12 10:30,S1_SL,1736.961,5.7,9950.4387,-49.76,-0.50,3.59,0.04,-49.76,-0.50,364.09,3.64
485,Entry long,2021-04-10 00:30,S1_LE,1745.691,5.7,9950.4387,-49.76,-0.50,3.59,0.04,-49.76,-0.50,364.09,3.64
486,Exit long,2021-04-13 13:30,S1_SL,1726.215,5.7,9888.8787,-49.45,-0.50,8.77,0.09,-49.45,-0.50,314.64,3.15
486,Entry long,2021-04-13 10:30,S1_LE,1734.891,5.7,9888.8787,-49.45,-0.50,8.77,0.09,-49.45,-0.50,314.64,3.15
487,Exit long,2021-04-13 21:30,S1_LX_TP1,1741.323,5.7,9876.1677,49.37,0.50,58.36,0.59,-22.69,-0.23,364.01,3.64
487,Entry long,2021-04-13 20:30,S1_LE,1732.661,5.7,9876.1677,49.37,0.50,58.36,0.59,-22.69,-0.23,364.01,3.64
488,Exit long,2021-04-14 21:00,S1_SL,1738.493,5.7,9959.2167,-49.81,-0.50,9.06,0.09,-49.81,-0.50,314.21,3.14
488,Entry long,2021-04-14 15:00,S1_LE,1747.231,5.7,9959.2167,-49.81,-0.50,9.06,0.09,-49.81,-0.50,314.21,3.14
489,Exit long,2021-04-15 15:00,S1_LX_TP1,1745.192,5.7,9898.1127,49.48,0.50,54.14,0.55,-17.16,-0.17,363.69,3.64
489,Entry long,2021-04-15 08:00,S1_LE,1736.511,5.7,9898.1127,49.48,0.50,54.14,0.55,-17.16,-0.17,363.69,3.64
490,Exit long,2021-04-16 21:00,S1_LX_TP1,1773.647,5.6,9883.0144,49.41,0.50,106.55,1.08,-20.29,-0.21,413.1,4.13
490,Entry long,2021-04-16 13:00,S1_LE,1764.824,5.6,9883.0144,49.41,0.50,106.55,1.08,-20.29,-0.21,413.1,4.13
491,Exit long,2021-04-20 14:30,S1_SL,1766.717,5.6,9943.3376,-49.72,-0.50,0.25,0.00,-49.72,-0.50,363.38,3.63
491,Entry long,2021-04-20 11:30,S1_LE,1775.596,5.6,9943.3376,-49.72,-0.50,0.25,0.00,-49.72,-0.50,363.38,3.63
492,Exit long,2021-04-20 21:00,S1_SL,1765.289,5.6,9935.3016,-49.68,-0.50,8.23,0.08,-49.68,-0.50,313.69,3.14
492,Entry long,2021-04-20 19:30,S1_LE,1774.161,5.6,9935.3016,-49.68,-0.50,8.23,0.08,-49.68,-0.50,313.69,3.14
493,Exit long,2021-04-21 22:00,S1_LX_TP1,1793.894,5.6,9995.8376,49.97,0.50,70.89,0.71,-15.52,-0.16,363.66,3.64
493,Entry long,2021-04-21 20:30,S1_LE,1784.971,5.6,9995.8376,49.97,0.50,70.89,0.71,-15.52,-0.16,363.66,3.64
494,Exit long,2021-04-23 20:30,S1_LX_TP1,1792.749,5.6,9989.4536,49.94,0.50,60.87,0.61,-16.97,-0.17,413.6,4.14
494,Entry long,2021-04-23 06:30,S1_LE,1783.831,5.6,9989.4536,49.94,0.50,60.87,0.61,-16.97,-0.17,413.6,4.14
495,Exit long,2021-04-26 20:00,S1_SL,1769.018,5.6,9956.2904,-49.79,-0.50,31.31,0.31,-49.79,-0.50,363.81,3.64
495,Entry long,2021-04-26 08:30,S1_LE,1777.909,5.6,9956.2904,-49.79,-0.50,31.31,0.31,-49.79,-0.50,363.81,3.64
496,Exit long,2021-04-28 08:30,S1_SL,1769.886,5.6,9961.1736,-49.81,-0.50,37.96,0.38,-49.81,-0.50,314,3.14
496,Entry long,2021-04-27 00:00,S1_LE,1778.781,5.6,9961.1736,-49.81,-0.50,37.96,0.38,-49.81,-0.50,314,3.14
497,Exit long,2021-04-30 22:00,S1_SL,1764.134,5.6,9928.8056,-49.66,-0.50,11.14,0.11,-49.66,-0.50,264.35,2.64
497,Entry long,2021-04-30 03:00,S1_LE,1773.001,5.6,9928.8056,-49.66,-0.50,11.14,0.11,-49.66,-0.50,264.35,2.64
498,Exit long,2021-05-03 15:00,S1_LX_TP1,1779.221,5.6,9914.0776,49.56,0.50,62.55,0.63,-32.88,-0.33,313.91,3.14
498,Entry long,2021-04-30 23:00,S1_LE,1770.371,5.6,9914.0776,49.56,0.50,62.55,0.63,-32.88,-0.33,313.91,3.14
499,Exit long,2021-05-04 23:00,S1_SL,1779.249,5.5,9835.0505,-49.18,-0.50,60.22,0.61,-49.18,-0.50,264.72,2.65
499,Entry long,2021-05-04 21:00,S1_LE,1788.191,5.5,9835.0505,-49.18,-0.50,60.22,0.61,-49.18,-0.50,264.72,2.65
500,Exit long,2021-05-05 20:30,S1_SL,1770.274,5.6,9963.3576,-49.82,-0.50,23.74,0.24,-49.82,-0.50,214.9,2.15
500,Entry long,2021-05-05 10:00,S1_LE,1779.171,5.6,9963.3576,-49.82,-0.50,23.74,0.24,-49.82,-0.50,214.9,2.15
501,Exit long,2021-05-07 21:30,S1_SL,1829.347,5.4,9928.1214,-49.65,-0.50,14.79,0.15,-70.96,-0.71,165.25,1.65
501,Entry long,2021-05-07 21:00,S1_LE,1838.541,5.4,9928.1214,-49.65,-0.50,14.79,0.15,-70.96,-0.71,165.25,1.65
502,Exit long,2021-05-11 20:30,S1_SL,1827.755,5.4,9919.4814,-49.6,-0.50,26.35,0.27,-49.6,-0.50,115.65,1.16
502,Entry long,2021-05-11 11:00,S1_LE,1836.941,5.4,9919.4814,-49.6,-0.50,26.35,0.27,-49.6,-0.50,115.65,1.16
503,Exit long,2021-05-12 10:30,S1_SL,1826.404,5.4,9912.1482,-49.57,-0.50,15.37,0.16,-49.57,-0.50,66.08,0.66
503,Entry long,2021-05-12 01:30,S1_LE,1835.583,5.4,9912.1482,-49.57,-0.50,15.37,0.16,-49.57,-0.50,66.08,0.66
504,Exit long,2021-05-12 20:30,S1_SL,1825.128,5.4,9905.2254,-49.53,-0.50,35.31,0.36,-49.53,-0.50,16.55,0.17
504,Entry long,2021-05-12 15:00,S1_LE,1834.301,5.4,9905.2254,-49.53,-0.50,35.31,0.36,-49.53,-0.50,16.55,0.17
505,Exit long,2021-05-13 16:00,S1_SL,1812.865,5.4,9838.6704,-49.2,-0.50,3.1,0.03,-49.2,-0.50,-32.65,-0.33
505,Entry long,2021-05-13 10:00,S1_LE,1821.976,5.4,9838.6704,-49.2,-0.50,3.1,0.03,-49.2,-0.50,-32.65,-0.33
506,Exit long,2021-05-17 09:30,S1_LX_TP2,1850.629,5.4,9821.5254,171.87,1.75,182.62,1.86,-12.97,-0.13,139.22,1.39
506,Entry long,2021-05-13 21:30,S1_LE,1818.801,5.4,9821.5254,171.87,1.75,182.62,1.86,-12.97,-0.13,139.22,1.39
507,Exit long,2021-05-17 23:00,S1_LX_TP1,1863.541,5.3,9827.6363,49.13,0.50,61.85,0.63,-12.04,-0.12,188.35,1.88
507,Entry long,2021-05-17 22:00,S1_LE,1854.271,5.3,9827.6363,49.13,0.50,61.85,0.63,-12.04,-0.12,188.35,1.88
508,Exit long,2021-05-18 21:30,S1_SL,1863.602,5.3,9926.7304,-49.64,-0.50,10.98,0.11,-49.64,-0.50,138.71,1.39
508,Entry long,2021-05-18 20:30,S1_LE,1872.968,5.3,9926.7304,-49.64,-0.50,10.98,0.11,-49.64,-0.50,138.71,1.39
509,Exit long,2021-05-19 16:30,S1_SL,1859.927,5.3,9907.1575,-49.54,-0.50,24.8,0.25,-49.54,-0.50,89.17,0.89
509,Entry long,2021-05-19 02:30,S1_LE,1869.275,5.3,9907.1575,-49.54,-0.50,24.8,0.25,-49.54,-0.50,89.17,0.89
510,Exit long,2021-05-19 22:00,S1_LX_TP1,1881.802,5.3,9923.9373,49.61,0.50,93.65,0.94,-43.68,-0.44,138.78,1.39
510,Entry long,2021-05-19 21:00,S1_LE,1872.441,5.3,9923.9373,49.61,0.50,93.65,0.94,-43.68,-0.44,138.78,1.39
511,Exit long,2021-05-20 18:00,S1_SL,1865.121,5.3,9934.8235,-49.68,-0.50,24.3,0.24,-49.68,-0.50,89.1,0.89
511,Entry long,2021-05-20 11:00,S1_LE,1874.495,5.3,9934.8235,-49.68,-0.50,24.3,0.24,-49.68,-0.50,89.1,0.89
512,Exit long,2021-05-21 21:00,S1_LX_TP1,1886.46,5.3,9948.5028,49.74,0.50,65.42,0.66,-41.21,-0.41,138.83,1.39
512,Entry long,2021-05-20 22:00,S1_LE,1877.076,5.3,9948.5028,49.74,0.50,65.42,0.66,-41.21,-0.41,138.83,1.39
513,Exit long,2021-05-25 22:30,S1_LX_TP1,1889.641,5.3,9965.2773,49.82,0.50,83.52,0.84,-41.56,-0.42,188.65,1.89
513,Entry long,2021-05-22 03:30,S1_LE,1880.241,5.3,9965.2773,49.82,0.50,83.52,0.84,-41.56,-0.42,188.65,1.89
514,Exit long,2021-05-26 21:30,S1_SL,1900.675,5.2,9933.1856,-49.68,-0.50,13.06,0.13,-49.68,-0.50,138.98,1.39
514,Entry long,2021-05-26 20:30,S1_LE,1910.228,5.2,9933.1856,-49.68,-0.50,13.06,0.13,-49.68,-0.50,138.98,1.39
515,Exit long,2021-05-28 14:30,S1_SL,1886.957,5.2,9861.4932,-49.32,-0.50,37.69,0.38,-49.32,-0.50,89.66,0.90
515,Entry long,2021-05-27 12:00,S1_LE,1896.441,5.2,9861.4932,-49.32,-0.50,37.69,0.38,-49.32,-0.50,89.66,0.90
516,Exit long,2021-05-28 20:00,S1_SL,1884.205,5.2,9847.11,-49.24,-0.50,3.25,0.03,-49.24,-0.50,40.42,0.40
516,Entry long,2021-05-28 18:30,S1_LE,1893.675,5.2,9847.11,-49.24,-0.50,3.25,0.03,-49.24,-0.50,40.42,0.40
517,Exit long,2021-05-31 09:00,S1_LX_TP1,1904.499,5.2,9855.5652,47.83,0.49,54.97,0.56,-19.25,-0.20,88.25,0.88
517,Entry long,2021-05-28 21:30,S1_LE,1895.301,5.2,9855.5652,47.83,0.49,54.97,0.56,-19.25,-0.20,88.25,0.88
518,Exit long,2021-06-01 22:00,S1_SL,1896.499,5.2,9911.3612,-49.57,-0.50,54.59,0.55,-49.57,-0.50,38.68,0.39
518,Entry long,2021-05-31 22:00,S1_LE,1906.031,5.2,9911.3612,-49.57,-0.50,54.59,0.55,-49.57,-0.50,38.68,0.39
519,Exit long,2021-06-03 03:00,S1_LX_TP1,1907.771,5.2,9871.0612,49.35,0.50,54.44,0.55,-25.38,-0.26,88.03,0.88
519,Entry long,2021-06-02 16:00,S1_LE,1898.281,5.2,9871.0612,49.35,0.50,54.44,0.55,-25.38,-0.26,88.03,0.88
520,Exit long,2021-06-07 10:00,S1_LX_TP1,1883.799,5.3,9926.1633,57.97,0.58,123.7,1.25,-31.06,-0.31,146,1.46
520,Entry long,2021-06-04 15:00,S1_LE,1872.861,5.3,9926.1633,57.97,0.58,123.7,1.25,-31.06,-0.31,146,1.46
521,Exit long,2021-06-08 10:30,S1_LX_TP1,1896.274,5.2,9811.5732,49.05,0.50,85.79,0.87,-16.33,-0.17,195.05,1.95
521,Entry long,2021-06-07 19:30,S1_LE,1886.841,5.2,9811.5732,49.05,0.50,85.79,0.87,-16.33,-0.17,195.05,1.95
522,Exit long,2021-06-08 20:30,S1_SL,1890.33,5.2,9879.1212,-49.41,-0.50,20.43,0.21,-49.41,-0.50,145.65,1.46
522,Entry long,2021-06-08 20:00,S1_LE,1899.831,5.2,9879.1212,-49.41,-0.50,20.43,0.21,-49.41,-0.50,145.65,1.46
523,Exit long,2021-06-10 10:00,S1_SL,1884.012,5.2,9846.1012,-49.24,-0.50,28.27,0.29,-49.24,-0.50,96.41,0.96
523,Entry long,2021-06-09 07:30,S1_LE,1893.481,5.2,9846.1012,-49.24,-0.50,28.27,0.29,-49.24,-0.50,96.41,0.96
524,Exit long,2021-06-11 11:30,S1_LX_TP1,1900.173,5.2,9831.7492,49.15,0.50,52.83,0.54,-32.87,-0.33,145.56,1.46
524,Entry long,2021-06-10 21:00,S1_LE,1890.721,5.2,9831.7492,49.15,0.50,52.83,0.54,-32.87,-0.33,145.56,1.46
525,Exit long,2021-06-15 22:00,S1_SL,1857.306,5.3,9893.1973,-49.48,-0.50,16.85,0.17,-49.48,-0.50,96.08,0.96
525,Entry long,2021-06-14 22:30,S1_LE,1866.641,5.3,9893.1973,-49.48,-0.50,16.85,0.17,-49.48,-0.50,96.08,0.96
526,Exit long,2021-06-17 02:00,S1_SL,1850.451,5.3,9856.6803,-49.29,-0.50,18.12,0.18,-49.29,-0.50,46.79,0.47
526,Entry long,2021-06-16 07:00,S1_LE,1859.751,5.3,9856.6803,-49.29,-0.50,18.12,0.18,-49.29,-0.50,46.79,0.47
527,Exit long,2021-06-18 20:00,S1_LX_TP1,1787.643,5.6,9961.0056,49.8,0.50,103.37,1.04,-17.65,-0.18,96.59,0.97
527,Entry long,2021-06-18 08:30,S1_LE,1778.751,5.6,9961.0056,49.8,0.50,103.37,1.04,-17.65,-0.18,96.59,0.97
528,Exit long,2021-06-21 17:00,S1_LX_TP1,1781.967,5.6,9929.3768,49.64,0.50,70.13,0.71,-38.66,-0.39,146.23,1.46
528,Entry long,2021-06-21 09:00,S1_LE,1773.103,5.6,9929.3768,49.64,0.50,70.13,0.71,-38.66,-0.39,146.23,1.46
529,Exit long,2021-06-22 20:30,S1_SL,1775.418,5.6,9992.3096,-49.97,-0.50,3.3,0.03,-49.97,-0.50,96.26,0.96
529,Entry long,2021-06-22 19:30,S1_LE,1784.341,5.6,9992.3096,-49.97,-0.50,3.3,0.03,-49.97,-0.50,96.26,0.96
530,Exit long,2021-06-23 22:30,S1_LX_TP1,1789.008,5.6,9968.6104,49.83,0.50,83.5,0.84,-31.97,-0.32,146.09,1.46
530,Entry long,2021-06-23 03:00,S1_LE,1780.109,5.6,9968.6104,49.83,0.50,83.5,0.84,-31.97,-0.32,146.09,1.46
531,Exit long,2021-06-24 20:00,S1_LX_TP1,1785.955,5.6,9951.5976,49.75,0.50,61.26,0.62,-7.68,-0.08,195.84,1.96
531,Entry long,2021-06-24 16:00,S1_LE,1777.071,5.6,9951.5976,49.75,0.50,61.26,0.62,-7.68,-0.08,195.84,1.96
532,Exit long,2021-06-25 21:30,S1_LX_TP1,1786.437,5.6,9954.2856,49.76,0.50,71.79,0.72,-16.53,-0.17,245.6,2.46
532,Entry long,2021-06-25 10:00,S1_LE,1777.551,5.6,9954.2856,49.76,0.50,71.79,0.72,-16.53,-0.17,245.6,2.46
533,Exit long,2021-06-28 09:30,S1_SL,1773.786,5.6,9983.1256,-49.92,-0.50,0.61,0.01,-49.92,-0.50,195.68,1.96
533,Entry long,2021-06-28 07:00,S1_LE,1782.701,5.6,9983.1256,-49.92,-0.50,0.61,0.01,-49.92,-0.50,195.68,1.96
534,Exit long,2021-06-29 16:00,S1_SL,1771.044,5.6,9967.692,-49.85,-0.50,32.54,0.33,-49.85,-0.50,145.83,1.46
534,Entry long,2021-06-28 12:30,S1_LE,1779.945,5.6,9967.692,-49.85,-0.50,32.54,0.33,-49.85,-0.50,145.83,1.46
535,Exit long,2021-06-30 14:00,S1_SL,1755.04,5.6,9877.6216,-49.4,-0.50,4.53,0.05,-49.4,-0.50,96.44,0.96
535,Entry long,2021-06-30 03:00,S1_LE,1763.861,5.6,9877.6216,-49.4,-0.50,4.53,0.05,-49.4,-0.50,96.44,0.96
536,Exit long,2021-07-01 01:30,S1_LX_TP1,1769.413,5.6,9859.4216,49.29,0.50,77.05,0.78,-38.7,-0.39,145.73,1.46
536,Entry long,2021-06-30 20:00,S1_LE,1760.611,5.6,9859.4216,49.29,0.50,77.05,0.78,-38.7,-0.39,145.73,1.46
537,Exit long,2021-07-02 19:00,S1_LX_TP1,1784.819,5.6,9945.2696,49.72,0.50,68.03,0.68,-15.35,-0.15,195.44,1.95
537,Entry long,2021-07-02 04:00,S1_LE,1775.941,5.6,9945.2696,49.72,0.50,68.03,0.68,-15.35,-0.15,195.44,1.95
538,Exit long,2021-07-06 10:30,S1_LX_TP1,1796.789,5.5,9833.1805,49.16,0.50,65.83,0.67,-25.58,-0.26,244.6,2.45
538,Entry long,2021-07-03 02:00,S1_LE,1787.851,5.5,9833.1805,49.16,0.50,65.83,0.67,-25.58,-0.26,244.6,2.45
539,Exit long,2021-07-08 16:30,S1_LX_TP1,1810.746,5.5,9909.5645,49.54,0.50,57.92,0.58,-37.06,-0.37,294.14,2.94
539,Entry long,2021-07-07 09:30,S1_LE,1801.739,5.5,9909.5645,49.54,0.50,57.92,0.58,-37.06,-0.37,294.14,2.94
540,Exit long,2021-07-12 21:30,S1_SL,1794.024,5.5,9916.7255,-49.59,-0.50,51.47,0.52,-49.59,-0.50,244.55,2.45
540,Entry long,2021-07-09 07:30,S1_LE,1803.041,5.5,9916.7255,-49.59,-0.50,51.47,0.52,-49.59,-0.50,244.55,2.45
541,Exit long,2021-07-14 18:30,S1_LX_TP1,1814.346,5.5,9929.2655,49.64,0.50,65.17,0.66,-40.82,-0.41,294.19,2.94
541,Entry long,2021-07-12 23:00,S1_LE,1805.321,5.5,9929.2655,49.64,0.50,65.17,0.66,-40.82,-0.41,294.19,2.94
542,Exit long,2021-07-16 18:30,S1_SL,1819.019,5.4,9872.0694,-49.37,-0.50,20.95,0.21,-49.37,-0.50,244.82,2.45
542,Entry long,2021-07-16 01:30,S1_LE,1828.161,5.4,9872.0694,-49.37,-0.50,20.95,0.21,-49.37,-0.50,244.82,2.45
543,Exit long,2021-07-16 22:30,S1_SL,1815.884,5.4,9855.0594,-49.29,-0.50,6.31,0.06,-63.78,-0.65,195.53,1.96
543,Entry long,2021-07-16 22:00,S1_LE,1825.011,5.4,9855.0594,-49.29,-0.50,6.31,0.06,-63.78,-0.65,195.53,1.96
544,Exit long,2021-07-19 14:00,S1_SL,1806.83,5.5,9987.5105,-49.95,-0.50,4.01,0.04,-49.95,-0.50,145.59,1.46
544,Entry long,2021-07-19 08:30,S1_LE,1815.911,5.5,9987.5105,-49.95,-0.50,4.01,0.04,-49.95,-0.50,145.59,1.46
545,Exit long,2021-07-20 21:00,S1_LX_TP1,1820.454,5.5,9962.6945,49.8,0.50,74.26,0.75,-42.34,-0.43,195.39,1.95
545,Entry long,2021-07-19 21:30,S1_LE,1811.399,5.5,9962.6945,49.8,0.50,74.26,0.75,-42.34,-0.43,195.39,1.95
546,Exit long,2021-07-21 16:00,S1_SL,1803.477,5.5,9968.9755,-49.85,-0.50,6.54,0.07,-49.85,-0.50,145.54,1.46
546,Entry long,2021-07-21 14:30,S1_LE,1812.541,5.5,9968.9755,-49.85,-0.50,6.54,0.07,-49.85,-0.50,145.54,1.46
547,Exit long,2021-07-22 16:00,S1_SL,1793.188,5.5,9912.1055,-49.57,-0.50,1.09,0.01,-49.57,-0.50,95.97,0.96
547,Entry long,2021-07-22 15:30,S1_LE,1802.201,5.5,9912.1055,-49.57,-0.50,1.09,0.01,-49.57,-0.50,95.97,0.96
548,Exit long,2021-07-23 19:00,S1_SL,1793.845,5.5,9915.7355,-49.59,-0.50,41.3,0.42,-49.59,-0.50,46.38,0.46
548,Entry long,2021-07-22 21:00,S1_LE,1802.861,5.5,9915.7355,-49.59,-0.50,41.3,0.42,-49.59,-0.50,46.38,0.46
549,Exit long,2021-07-27 09:30,S1_SL,1794.89,5.5,9921.5105,-49.62,-0.50,41.9,0.42,-49.62,-0.50,-3.24,-0.03
549,Entry long,2021-07-24 00:30,S1_LE,1803.911,5.5,9921.5105,-49.62,-0.50,41.9,0.42,-49.62,-0.50,-3.24,-0.03
550,Exit long,2021-07-29 04:00,S1_LX_TP1,1808.165,5.5,9895.4405,49.47,0.50,58.62,0.59,-37.74,-0.38,46.23,0.46
550,Entry long,2021-07-27 11:00,S1_LE,1799.171,5.5,9895.4405,49.47,0.50,58.62,0.59,-37.74,-0.38,46.23,0.46
551,Exit long,2021-07-30 20:30,S1_SL,1821.531,5.4,9885.7044,-49.44,-0.50,0.72,0.01,-49.44,-0.50,-3.21,-0.03
551,Entry long,2021-07-30 15:30,S1_LE,1830.686,5.4,9885.7044,-49.44,-0.50,0.72,0.01,-49.44,-0.50,-3.21,-0.03
552,Exit long,2021-08-04 22:00,S1_LX_TP1,1820.316,5.5,9961.9355,49.8,0.50,112.52,1.13,-37.74,-0.38,46.6,0.47
552,Entry long,2021-08-02 20:00,S1_LE,1811.261,5.5,9961.9355,49.8,0.50,112.52,1.13,-37.74,-0.38,46.6,0.47
553,Exit long,2021-08-05 21:30,S1_SL,1802.76,5.5,9965.0155,-49.84,-0.50,16.99,0.17,-49.84,-0.50,-3.24,-0.03
553,Entry long,2021-08-05 15:30,S1_LE,1811.821,5.5,9965.0155,-49.84,-0.50,16.99,0.17,-49.84,-0.50,-3.24,-0.03
554,Exit long,2021-08-09 22:30,S1_SL,1734.613,5.7,9936.9867,-49.69,-0.50,53.23,0.54,-49.69,-0.50,-52.93,-0.53
554,Entry long,2021-08-09 13:30,S1_LE,1743.331,5.7,9936.9867,-49.69,-0.50,53.23,0.54,-49.69,-0.50,-52.93,-0.53
555,Exit long,2021-08-10 21:30,S1_SL,1722.782,5.7,9869.2137,-49.36,-0.50,38.98,0.39,-49.36,-0.50,-102.29,-1.02
555,Entry long,2021-08-10 08:00,S1_LE,1731.441,5.7,9869.2137,-49.36,-0.50,38.98,0.39,-49.36,-0.50,-102.29,-1.02
556,Exit long,2021-08-11 09:00,S1_SL,1723.16,5.7,9871.3797,-49.37,-0.50,2.39,0.02,-49.37,-0.50,-151.66,-1.52
556,Entry long,2021-08-11 00:30,S1_LE,1731.821,5.7,9871.3797,-49.37,-0.50,2.39,0.02,-49.37,-0.50,-151.66,-1.52
557,Exit long,2021-08-18 23:00,S1_SL,1777.398,5.5,9824.8205,-49.13,-0.50,41.13,0.42,-49.13,-0.50,-200.79,-2.01
557,Entry long,2021-08-18 07:00,S1_LE,1786.331,5.5,9824.8205,-49.13,-0.50,41.13,0.42,-49.13,-0.50,-200.79,-2.01
558,Exit long,2023-12-04 14:30,S1_LX_TP2,2081.299,4.8,9796.1808,194.05,1.98,508.42,5.19,-36.34,-0.37,-6.73,-0.07
558,Entry long,2023-12-01 01:30,S1_LE,2040.871,4.8,9796.1808,194.05,1.98,508.42,5.19,-36.34,-0.37,-6.73,-0.07
559,Exit long,2023-12-05 18:00,S1_SL,2027.305,4.9,9983.7206,-49.93,-0.50,18.36,0.18,-49.93,-0.50,-56.66,-0.57
559,Entry long,2023-12-05 08:30,S1_LE,2037.494,4.9,9983.7206,-49.93,-0.50,18.36,0.18,-49.93,-0.50,-56.66,-0.57
560,Exit long,2023-12-06 16:30,S1_LX_TP1,2030.052,4.9,9897.7746,49.48,0.50,77.94,0.79,-6.63,-0.07,-7.18,-0.07
560,Entry long,2023-12-06 08:30,S1_LE,2019.954,4.9,9897.7746,49.48,0.50,77.94,0.79,-6.63,-0.07,-7.18,-0.07
561,Exit long,2023-12-08 01:00,S1_SL,2020.029,4.9,9947.8869,-49.74,-0.50,47.77,0.48,-49.74,-0.50,-56.92,-0.57
561,Entry long,2023-12-06 21:30,S1_LE,2030.181,4.9,9947.8869,-49.74,-0.50,47.77,0.48,-49.74,-0.50,-56.92,-0.57
562,Exit long,2023-12-11 10:30,S1_SL,1996.988,4.9,9834.4225,-49.18,-0.50,3.85,0.04,-49.18,-0.50,-106.11,-1.06
562,Entry long,2023-12-11 08:00,S1_LE,2007.025,4.9,9834.4225,-49.18,-0.50,3.85,0.04,-49.18,-0.50,-106.11,-1.06
563,Exit long,2023-12-14 04:30,S1_LX_TP1,2016.019,4.9,9829.4049,49.09,0.50,75.31,0.77,-16.17,-0.16,-57.02,-0.57
563,Entry long,2023-12-14 03:30,S1_LE,2006.001,4.9,9829.4049,49.09,0.50,75.31,0.77,-16.17,-0.16,-57.02,-0.57
564,Exit long,2023-12-19 02:00,S1_LX_TP1,2033.472,4.9,9914.5326,49.48,0.50,49.72,0.50,-23.88,-0.24,-7.54,-0.08
564,Entry long,2023-12-18 11:30,S1_LE,2023.374,4.9,9914.5326,49.48,0.50,49.72,0.50,-23.88,-0.24,-7.54,-0.08
565,Exit long,2023-12-20 02:00,S1_LX_TP1,2037.068,4.9,9931.9815,49.65,0.50,98.27,0.99,-15.36,-0.15,42.11,0.42
565,Entry long,2023-12-19 16:30,S1_LE,2026.935,4.9,9931.9815,49.65,0.50,98.27,0.99,-15.36,-0.15,42.11,0.42
566,Exit long,2023-12-26 22:00,S1_LX_TP1,2058.584,4.9,9977.3604,109.7,1.10,168.73,1.69,-44.08,-0.44,151.82,1.52
566,Entry long,2023-12-21 03:00,S1_LE,2036.196,4.9,9977.3604,109.7,1.10,168.73,1.69,-44.08,-0.44,151.82,1.52
567,Exit long,2023-12-28 17:00,S1_LX_TP1,2076.199,4.8,9895.9728,69.78,0.71,128.73,1.30,-2.21,-0.02,221.6,2.22
567,Entry long,2023-12-27 04:00,S1_LE,2061.661,4.8,9895.9728,69.78,0.71,128.73,1.30,-2.21,-0.02,221.6,2.22
568,Exit long,2024-01-02 23:30,S1_SL,2056.485,4.8,9920.7408,-49.61,-0.50,57.98,0.58,-49.61,-0.50,171.99,1.72
568,Entry long,2023-12-30 01:30,S1_LE,2066.821,4.8,9920.7408,-49.61,-0.50,57.98,0.58,-49.61,-0.50,171.99,1.72
569,Exit long,2024-01-03 19:00,S1_SL,2052.107,4.8,9899.6208,-49.51,-0.50,17.13,0.17,-49.51,-0.50,122.48,1.22
569,Entry long,2024-01-03 10:00,S1_LE,2062.421,4.8,9899.6208,-49.51,-0.50,17.13,0.17,-49.51,-0.50,122.48,1.22
570,Exit long,2024-01-05 21:30,S1_SL,2030.643,4.8,9796.0752,-48.99,-0.50,48.48,0.49,-48.99,-0.50,73.49,0.73
570,Entry long,2024-01-04 05:00,S1_LE,2040.849,4.8,9796.0752,-48.99,-0.50,48.48,0.49,-48.99,-0.50,73.49,0.73
571,Exit long,2024-01-05 23:30,S1_LX_TP1,2057.094,4.8,9824.9328,49.12,0.50,82.17,0.84,-26.21,-0.27,122.61,1.23
571,Entry long,2024-01-05 22:30,S1_LE,2046.861,4.8,9824.9328,49.12,0.50,82.17,0.84,-26.21,-0.27,122.61,1.23
572,Exit long,2024-01-11 03:00,S1_SL,2020.188,4.9,9948.6709,-49.75,-0.50,57.18,0.57,-49.75,-0.50,72.86,0.73
572,Entry long,2024-01-08 23:30,S1_LE,2030.341,4.9,9948.6709,-49.75,-0.50,57.18,0.57,-49.75,-0.50,72.86,0.73
573,Exit long,2024-01-11 21:30,S1_LX_TP1,2037.197,4.9,9933.6279,48.64,0.49,60.27,0.61,-2.8,-0.03,121.5,1.21
573,Entry long,2024-01-11 08:30,S1_LE,2027.271,4.9,9933.6279,48.64,0.49,60.27,0.61,-2.8,-0.03,121.5,1.21
574,Exit long,2024-01-12 16:30,S1_LX_TP1,2038.586,4.9,9939.3805,49.69,0.50,55.69,0.56,-6.62,-0.07,171.19,1.71
574,Entry long,2024-01-12 05:30,S1_LE,2028.445,4.9,9939.3805,49.69,0.50,55.69,0.56,-6.62,-0.07,171.19,1.71
575,Exit long,2024-01-16 17:00,S1_SL,2040.748,4.8,9844.824,-49.23,-0.50,36.55,0.37,-49.23,-0.50,121.95,1.22
575,Entry long,2024-01-15 10:00,S1_LE,2051.005,4.8,9844.824,-49.23,-0.50,36.55,0.37,-49.23,-0.50,121.95,1.22
576,Exit long,2024-01-17 13:00,S1_SL,2019.8,4.9,9946.7599,-49.74,-0.50,0.63,0.01,-49.74,-0.50,72.21,0.72
576,Entry long,2024-01-17 10:30,S1_LE,2029.951,4.9,9946.7599,-49.74,-0.50,0.63,0.01,-49.74,-0.50,72.21,0.72
577,Exit long,2024-01-17 22:00,S1_SL,2015.884,4.9,9927.4784,-49.65,-0.50,14.96,0.15,-49.65,-0.50,22.57,0.23
577,Entry long,2024-01-17 19:00,S1_LE,2026.016,4.9,9927.4784,-49.65,-0.50,14.96,0.15,-49.65,-0.50,22.57,0.23
578,Exit long,2024-01-19 03:00,S1_LX_TP1,2018.914,4.9,9843.4679,49.21,0.50,59.92,0.61,-17.01,-0.17,71.78,0.72
578,Entry long,2024-01-18 08:30,S1_LE,2008.871,4.9,9843.4679,49.21,0.50,59.92,0.61,-17.01,-0.17,71.78,0.72
579,Exit long,2024-01-19 22:00,S1_LX_TP1,2033.803,4.9,9916.0614,49.57,0.50,77,0.78,-0.91,-0.01,121.35,1.21
579,Entry long,2024-01-19 15:00,S1_LE,2023.686,4.9,9916.0614,49.57,0.50,77,0.78,-0.91,-0.01,121.35,1.21
580,Exit long,2024-01-24 23:30,S1_SL,2015.969,4.9,9927.8949,-49.65,-0.50,57.96,0.58,-49.65,-0.50,71.7,0.72
580,Entry long,2024-01-22 20:00,S1_LE,2026.101,4.9,9927.8949,-49.65,-0.50,57.96,0.58,-49.65,-0.50,71.7,0.72
581,Exit long,2024-01-29 07:30,S1_LX_TP1,2026.542,4.9,9880.6589,49.4,0.50,59.48,0.60,-36.56,-0.37,121.1,1.21
581,Entry long,2024-01-25 10:00,S1_LE,2016.461,4.9,9880.6589,49.4,0.50,59.48,0.60,-36.56,-0.37,121.1,1.21
582,Exit long,2024-01-30 23:00,S1_LX_TP1,2042.843,4.9,9960.1369,49.79,0.50,78.1,0.78,-17.77,-0.18,170.89,1.71
582,Entry long,2024-01-30 04:30,S1_LE,2032.681,4.9,9960.1369,49.79,0.50,78.1,0.78,-17.77,-0.18,170.89,1.71
583,Exit long,2024-02-01 02:30,S1_LX_TP1,2046.089,4.9,9975.9639,49.87,0.50,98.34,0.99,-17.2,-0.17,220.77,2.21
583,Entry long,2024-01-31 05:00,S1_LE,2035.911,4.9,9975.9639,49.87,0.50,98.34,0.99,-17.2,-0.17,220.77,2.21
584,Exit long,2024-02-01 18:30,S1_SL,2036.262,4.8,9823.1808,-49.12,-0.50,9.86,0.10,-49.12,-0.50,171.64,1.72
584,Entry long,2024-02-01 10:30,S1_LE,2046.496,4.8,9823.1808,-49.12,-0.50,9.86,0.10,-49.12,-0.50,171.64,1.72
585,Exit long,2024-02-02 01:30,S1_LX_TP1,2058.059,4.8,9829.5408,49.14,0.50,85.34,0.87,-39.03,-0.40,220.79,2.21
585,Entry long,2024-02-01 22:30,S1_LE,2047.821,4.8,9829.5408,49.14,0.50,85.34,0.87,-39.03,-0.40,220.79,2.21
586,Exit long,2024-02-02 21:30,S1_SL,2045.087,4.8,9865.752,-49.33,-0.50,10.82,0.11,-49.33,-0.50,171.45,1.71
586,Entry long,2024-02-02 19:30,S1_LE,2055.365,4.8,9865.752,-49.33,-0.50,10.82,0.11,-49.33,-0.50,171.45,1.71
587,Exit long,2024-02-05 11:00,S1_SL,2031.345,4.8,9799.4592,-49,-0.50,0.56,0.01,-49,-0.50,122.45,1.22
587,Entry long,2024-02-05 07:30,S1_LE,2041.554,4.8,9799.4592,-49,-0.50,0.56,0.01,-49,-0.50,122.45,1.22
588,Exit long,2024-02-07 00:00,S1_LX_TP1,2035.722,4.9,9925.4204,49.62,0.50,62.25,0.63,-15.17,-0.15,172.06,1.72
588,Entry long,2024-02-06 02:00,S1_LE,2025.596,4.9,9925.4204,49.62,0.50,62.25,0.63,-15.17,-0.15,172.06,1.72
589,Exit long,2024-02-08 20:00,S1_SL,2025.912,4.9,9976.8606,-49.89,-0.50,41.43,0.42,-49.89,-0.50,122.17,1.22
589,Entry long,2024-02-07 22:00,S1_LE,2036.094,4.9,9976.8606,-49.89,-0.50,41.43,0.42,-49.89,-0.50,122.17,1.22
590,Exit long,2024-02-09 23:30,S1_SL,2021.706,4.9,9956.1483,-49.79,-0.50,26.33,0.26,-49.79,-0.50,72.38,0.72
590,Entry long,2024-02-09 01:00,S1_LE,2031.867,4.9,9956.1483,-49.79,-0.50,26.33,0.26,-49.79,-0.50,72.38,0.72
591,Exit long,2024-02-12 22:00,S1_SL,2015.198,4.9,9924.0974,-49.63,-0.50,11.04,0.11,-49.63,-0.50,22.76,0.23
591,Entry long,2024-02-12 07:30,S1_LE,2025.326,4.9,9924.0974,-49.63,-0.50,11.04,0.11,-49.63,-0.50,22.76,0.23
592,Exit long,2024-02-13 21:30,S1_SL,2011.288,4.9,9904.8404,-49.53,-0.50,56.1,0.57,-49.53,-0.50,-26.77,-0.27
592,Entry long,2024-02-13 03:00,S1_LE,2021.396,4.9,9904.8404,-49.53,-0.50,56.1,0.57,-49.53,-0.50,-26.77,-0.27
593,Exit long,2024-02-15 22:00,S1_LX_TP1,2002.723,5,9963.805,49.81,0.50,60.7,0.61,-43.36,-0.44,23.04,0.23
593,Entry long,2024-02-14 13:30,S1_LE,1992.761,5,9963.805,49.81,0.50,60.7,0.61,-43.36,-0.44,23.04,0.23
594,Exit long,2024-02-19 09:00,S1_LX_TP1,2017.915,4.9,9838.5973,49.19,0.50,62.98,0.64,-4.79,-0.05,72.22,0.72
594,Entry long,2024-02-17 00:00,S1_LE,2007.877,4.9,9838.5973,49.19,0.50,62.98,0.64,-4.79,-0.05,72.22,0.72
595,Exit long,2024-02-20 21:30,S1_LX_TP1,2027.5,4.9,9885.3286,49.42,0.50,54.17,0.55,-16.29,-0.16,121.65,1.22
595,Entry long,2024-02-20 07:00,S1_LE,2017.414,4.9,9885.3286,49.42,0.50,54.17,0.55,-16.29,-0.16,121.65,1.22
596,Exit long,2024-02-23 17:00,S1_SL,2017.461,4.9,9935.2449,-49.69,-0.50,35.57,0.36,-49.69,-0.50,71.96,0.72
596,Entry long,2024-02-21 10:30,S1_LE,2027.601,4.9,9935.2449,-49.69,-0.50,35.57,0.36,-49.69,-0.50,71.96,0.72
597,Exit long,2024-02-26 07:00,S1_LX_TP1,2033.942,4.9,9916.7376,49.58,0.50,86.76,0.87,-4.53,-0.05,121.54,1.22
597,Entry long,2024-02-23 20:00,S1_LE,2023.824,4.9,9916.7376,49.58,0.50,86.76,0.87,-4.53,-0.05,121.54,1.22
598,Exit long,2024-02-28 17:30,S1_SL,2024.834,4.9,9971.5539,-49.87,-0.50,21.85,0.22,-49.87,-0.50,71.67,0.72
598,Entry long,2024-02-26 15:30,S1_LE,2035.011,4.9,9971.5539,-49.87,-0.50,21.85,0.22,-49.87,-0.50,71.67,0.72
599,Exit long,2024-03-01 16:30,S1_LX_TP1,2041.429,4.9,9944.9959,58.01,0.58,103.68,1.04,-9.27,-0.09,129.68,1.30
599,Entry long,2024-02-28 21:00,S1_LE,2029.591,4.9,9944.9959,58.01,0.58,103.68,1.04,-9.27,-0.09,129.68,1.30
600,Exit long,2024-03-04 16:00,S1_LX_TP2,2086.444,4.8,9842.6928,172.24,1.75,181.29,1.84,-25.73,-0.26,301.91,3.02
600,Entry long,2024-03-01 18:30,S1_LE,2050.561,4.8,9842.6928,172.24,1.75,181.29,1.84,-25.73,-0.26,301.91,3.02
601,Exit long,2024-03-05 21:30,S1_LX_TP2,2128.182,4.7,9830.4307,172.02,1.75,189.64,1.93,-6.49,-0.07,473.94,4.74
601,Entry long,2024-03-04 22:00,S1_LE,2091.581,4.7,9830.4307,172.02,1.75,189.64,1.93,-6.49,-0.07,473.94,4.74
602,Exit long,2024-03-06 23:00,S1_LX_TP1,2140.127,4.6,9795.6126,48.97,0.50,90.75,0.93,-25.67,-0.26,522.91,5.23
602,Entry long,2024-03-06 15:30,S1_LE,2129.481,4.6,9795.6126,48.97,0.50,90.75,0.93,-25.67,-0.26,522.91,5.23
603,Exit long,2024-03-08 18:00,S1_LX_TP1,2167.788,4.6,9922.2184,49.61,0.50,64.47,0.65,-15.66,-0.16,572.52,5.73
603,Entry long,2024-03-08 01:30,S1_LE,2157.004,4.6,9922.2184,49.61,0.50,64.47,0.65,-15.66,-0.16,572.52,5.73
604,Exit long,2024-03-12 19:00,S1_SL,2170.687,4.5,9817.182,-49.09,-0.50,18.42,0.19,-49.09,-0.50,523.43,5.23
604,Entry long,2024-03-11 22:00,S1_LE,2181.596,4.5,9817.182,-49.09,-0.50,18.42,0.19,-49.09,-0.50,523.43,5.23
605,Exit long,2024-03-14 00:00,S1_LX_TP1,2170.056,4.6,9932.6006,49.66,0.50,70.28,0.71,-11.32,-0.11,573.08,5.73
605,Entry long,2024-03-13 09:00,S1_LE,2159.261,4.6,9932.6006,49.66,0.50,70.28,0.71,-11.32,-0.11,573.08,5.73
606,Exit long,2024-03-21 02:30,S1_LX_TP1,2163.354,4.6,9901.9278,49.5,0.50,103.6,1.05,-26.19,-0.26,622.58,6.23
606,Entry long,2024-03-18 16:30,S1_LE,2152.593,4.6,9901.9278,49.5,0.50,103.6,1.05,-26.19,-0.26,622.58,6.23
607,Exit long,2024-03-22 14:30,S1_SL,2170.823,4.5,9817.7985,-49.09,-0.50,19.65,0.20,-49.09,-0.50,573.49,5.73
607,Entry long,2024-03-22 08:00,S1_LE,2181.733,4.5,9817.7985,-49.09,-0.50,19.65,0.20,-49.09,-0.50,573.49,5.73
608,Exit long,2024-03-23 00:30,S1_SL,2163.622,4.5,9785.232,-48.93,-0.50,25.35,0.26,-48.93,-0.50,524.56,5.25
608,Entry long,2024-03-22 21:00,S1_LE,2174.496,4.5,9785.232,-48.93,-0.50,25.35,0.26,-48.93,-0.50,524.56,5.25
609,Exit long,2024-03-26 21:30,S1_LX_TP1,2179.135,4.6,9974.157,49.86,0.50,146.35,1.47,-23.44,-0.23,574.42,5.74
609,Entry long,2024-03-25 08:00,S1_LE,2168.295,4.6,9974.157,49.86,0.50,146.35,1.47,-23.44,-0.23,574.42,5.74
610,Exit long,2024-03-27 19:30,S1_LX_TP1,2190.332,4.5,9807.462,49.03,0.50,81.74,0.83,-28.51,-0.29,623.45,6.23
610,Entry long,2024-03-27 08:00,S1_LE,2179.436,4.5,9807.462,49.03,0.50,81.74,0.83,-28.51,-0.29,623.45,6.23
611,Exit long,2024-04-02 16:30,S1_LX_TP1,2259.766,4.4,9893.51,49.46,0.50,62.94,0.64,-9.79,-0.10,672.91,6.73
611,Entry long,2024-04-02 04:30,S1_LE,2248.525,4.4,9893.51,49.46,0.50,62.94,0.64,-9.79,-0.10,672.91,6.73
612,Exit long,2024-04-03 04:00,S1_LX_TP1,2277.173,4.4,9969.718,49.84,0.50,59.4,0.60,-4.16,-0.04,722.76,7.23
612,Entry long,2024-04-03 02:00,S1_LE,2265.845,4.4,9969.718,49.84,0.50,59.4,0.60,-4.16,-0.04,722.76,7.23
613,Exit long,2024-04-05 03:30,S1_SL,2283.635,4.3,9868.9816,-49.35,-0.50,45.14,0.46,-49.35,-0.50,673.41,6.73
613,Entry long,2024-04-04 23:00,S1_LE,2295.112,4.3,9868.9816,-49.35,-0.50,45.14,0.46,-49.35,-0.50,673.41,6.73
614,Exit long,2024-04-05 22:00,S1_LX_TP1,2297.54,4.3,9830.2773,49.14,0.50,75.5,0.77,-25.27,-0.26,722.55,7.23
614,Entry long,2024-04-05 15:30,S1_LE,2286.111,4.3,9830.2773,49.14,0.50,75.5,0.77,-25.27,-0.26,722.55,7.23
615,Exit long,2024-04-08 13:00,S1_LX_TP1,2339.077,4.2,9775.2522,48.87,0.50,111.72,1.14,-2.69,-0.03,771.42,7.71
615,Entry long,2024-04-08 10:30,S1_LE,2327.441,4.2,9775.2522,48.87,0.50,111.72,1.14,-2.69,-0.03,771.42,7.71
616,Exit long,2024-04-09 19:30,S1_LX_TP1,2349.58,4.2,9819.1464,49.09,0.50,115.11,1.17,-6.27,-0.06,820.51,8.21
616,Entry long,2024-04-09 02:00,S1_LE,2337.892,4.2,9819.1464,49.09,0.50,115.11,1.17,-6.27,-0.06,820.51,8.21
617,Exit long,2024-04-10 20:30,S1_SL,2341.584,4.2,9884.0784,-49.43,-0.50,28.22,0.29,-49.43,-0.50,771.09,7.71
617,Entry long,2024-04-10 04:30,S1_LE,2353.352,4.2,9884.0784,-49.43,-0.50,28.22,0.29,-49.43,-0.50,771.09,7.71
618,Exit long,2024-04-12 08:00,S1_LX_TP2,2376.423,4.2,9809.3184,171.66,1.75,184.88,1.88,-41.84,-0.43,942.74,9.43
618,Entry long,2024-04-11 07:30,S1_LE,2335.552,4.2,9809.3184,171.66,1.75,184.88,1.88,-41.84,-0.43,942.74,9.43
619,Exit long,2024-04-15 16:00,S1_SL,2349.549,4.2,9917.6994,-49.59,-0.50,6.4,0.06,-49.59,-0.50,893.15,8.93
619,Entry long,2024-04-15 10:30,S1_LE,2361.357,4.2,9917.6994,-49.59,-0.50,6.4,0.06,-49.59,-0.50,893.15,8.93
620,Exit long,2024-04-15 21:30,S1_SL,2346.22,4.2,9903.6504,-49.53,-0.50,12.93,0.13,-49.53,-0.50,843.62,8.44
620,Entry long,2024-04-15 20:00,S1_LE,2358.012,4.2,9903.6504,-49.53,-0.50,12.93,0.13,-49.53,-0.50,843.62,8.44
621,Exit long,2024-04-16 14:30,S1_LX_TP1,2368.87,4.2,9899.7612,49.49,0.50,147.31,1.49,-13.38,-0.14,893.12,8.93
621,Entry long,2024-04-16 01:00,S1_LE,2357.086,4.2,9899.7612,49.49,0.50,147.31,1.49,-13.38,-0.14,893.12,8.93
622,Exit long,2024-04-16 22:00,S1_SL,2366.229,4.2,9989.5362,-51.37,-0.51,0.58,0.01,-56,-0.56,841.74,8.42
622,Entry long,2024-04-16 21:30,S1_LE,2378.461,4.2,9989.5362,-51.37,-0.51,0.58,0.01,-56,-0.56,841.74,8.42
623,Exit long,2024-04-17 01:00,S1_LX_TP1,2394.854,4.1,9770.0581,48.84,0.50,62.64,0.64,-22.35,-0.23,890.58,8.91
623,Entry long,2024-04-16 23:00,S1_LE,2382.941,4.1,9770.0581,48.84,0.50,62.64,0.64,-22.35,-0.23,890.58,8.91
624,Exit long,2024-04-18 00:30,S1_SL,2376.513,4.1,9792.6737,-48.97,-0.50,29.04,0.30,-48.97,-0.50,841.61,8.42
624,Entry long,2024-04-17 16:30,S1_LE,2388.457,4.1,9792.6737,-48.97,-0.50,29.04,0.30,-48.97,-0.50,841.61,8.42
625,Exit long,2024-04-18 21:00,S1_LX_TP1,2384.916,4.2,9966.8184,49.83,0.50,60.72,0.61,-4.42,-0.04,891.44,8.91
625,Entry long,2024-04-18 11:00,S1_LE,2373.052,4.2,9966.8184,49.83,0.50,60.72,0.61,-4.42,-0.04,891.44,8.91
626,Exit long,2024-04-19 10:00,S1_LX_TP1,2407.588,4.1,9822.0051,49.11,0.50,91.34,0.93,-2.1,-0.02,940.55,9.41
626,Entry long,2024-04-19 09:30,S1_LE,2395.611,4.1,9822.0051,49.11,0.50,91.34,0.93,-2.1,-0.02,940.55,9.41
627,Exit long,2024-04-22 09:30,S1_SL,2376.344,4.1,9791.9767,-48.97,-0.50,55.94,0.57,-48.97,-0.50,891.58,8.92
627,Entry long,2024-04-19 22:30,S1_LE,2388.287,4.1,9791.9767,-48.97,-0.50,55.94,0.57,-48.97,-0.50,891.58,8.92
628,Exit long,2024-04-23 09:30,S1_SL,2320.888,4.2,9796.7184,-48.99,-0.50,7.89,0.08,-48.99,-0.50,842.59,8.43
628,Entry long,2024-04-23 09:00,S1_LE,2332.552,4.2,9796.7184,-48.99,-0.50,7.89,0.08,-48.99,-0.50,842.59,8.43
629,Exit long,2024-04-23 22:30,S1_LX_TP1,2319.801,4.3,9925.5223,49.62,0.50,102.46,1.03,-13.82,-0.14,892.22,8.92
629,Entry long,2024-04-23 20:30,S1_LE,2308.261,4.3,9925.5223,49.62,0.50,102.46,1.03,-13.82,-0.14,892.22,8.92
630,Exit long,2024-04-24 16:00,S1_SL,2316.175,4.2,9776.8272,-48.89,-0.50,14.6,0.15,-48.89,-0.50,843.32,8.43
630,Entry long,2024-04-24 12:00,S1_LE,2327.816,4.2,9776.8272,-48.89,-0.50,14.6,0.15,-48.89,-0.50,843.32,8.43
631,Exit long,2024-04-25 23:00,S1_LX_TP1,2331.05,4.3,9973.6522,49.86,0.50,109.37,1.10,-28.91,-0.29,893.19,8.93
631,Entry long,2024-04-25 14:00,S1_LE,2319.454,4.3,9973.6522,49.86,0.50,109.37,1.10,-28.91,-0.29,893.19,8.93
632,Exit long,2024-04-26 16:30,S1_LX_TP1,2346.353,4.2,9805.6602,49.02,0.50,65.18,0.66,-13.93,-0.14,942.21,9.42
632,Entry long,2024-04-26 10:30,S1_LE,2334.681,4.2,9805.6602,49.02,0.50,65.18,0.66,-13.93,-0.14,942.21,9.42
633,Exit long,2024-04-29 21:30,S1_SL,2325.479,4.2,9816.0972,-49.09,-0.50,30.13,0.31,-49.09,-0.50,893.12,8.93
633,Entry long,2024-04-29 16:00,S1_LE,2337.166,4.2,9816.0972,-49.09,-0.50,30.13,0.31,-49.09,-0.50,893.12,8.93
634,Exit long,2024-05-01 22:30,S1_LX_TP1,2303.31,4.3,9854.9636,49.27,0.50,80.19,0.81,-13.55,-0.14,942.39,9.42
634,Entry long,2024-05-01 18:00,S1_LE,2291.852,4.3,9854.9636,49.27,0.50,80.19,0.81,-13.55,-0.14,942.39,9.42
635,Exit long,2024-05-03 20:00,S1_SL,2295.747,4.3,9921.3255,-49.61,-0.50,6.34,0.06,-49.61,-0.50,892.78,8.93
635,Entry long,2024-05-03 13:00,S1_LE,2307.285,4.3,9921.3255,-49.61,-0.50,6.34,0.06,-49.61,-0.50,892.78,8.93
636,Exit long,2024-05-06 10:30,S1_LX_TP1,2311.203,4.3,9888.7358,49.44,0.50,67.31,0.68,-34.86,-0.35,942.22,9.42
636,Entry long,2024-05-04 01:30,S1_LE,2299.706,4.3,9888.7358,49.44,0.50,67.31,0.68,-34.86,-0.35,942.22,9.42
637,Exit long,2024-05-08 09:30,S1_SL,2308.23,4.3,9975.2733,-49.88,-0.50,6.57,0.07,-49.88,-0.50,892.33,8.92
637,Entry long,2024-05-07 22:30,S1_LE,2319.831,4.3,9975.2733,-49.88,-0.50,6.57,0.07,-49.88,-0.50,892.33,8.92
638,Exit long,2024-05-08 16:00,S1_SL,2304.364,4.3,9958.5635,-49.8,-0.50,23.41,0.24,-49.8,-0.50,842.53,8.43
638,Entry long,2024-05-08 11:30,S1_LE,2315.945,4.3,9958.5635,-49.8,-0.50,23.41,0.24,-49.8,-0.50,842.53,8.43
639,Exit long,2024-05-10 14:00,S1_LX_TP2,2355.962,4.3,9956.4049,174.23,1.75,186.52,1.87,-39.31,-0.39,1016.77,10.17
639,Entry long,2024-05-08 19:00,S1_LE,2315.443,4.3,9956.4049,174.23,1.75,186.52,1.87,-39.31,-0.39,1016.77,10.17
640,Exit long,2024-05-13 09:00,S1_SL,2357.703,4.2,9952.1184,-49.77,-0.50,5.91,0.06,-49.77,-0.50,967,9.67
640,Entry long,2024-05-11 02:00,S1_LE,2369.552,4.2,9952.1184,-49.77,-0.50,5.91,0.06,-49.77,-0.50,967,9.67
641,Exit long,2024-05-14 22:00,S1_LX_TP1,2349.962,4.2,9820.7424,49.1,0.50,78.7,0.80,-15.84,-0.16,1016.1,10.16
641,Entry long,2024-05-14 08:30,S1_LE,2338.272,4.2,9820.7424,49.1,0.50,78.7,0.80,-15.84,-0.16,1016.1,10.16
642,Exit long,2024-05-20 19:00,S1_LX_TP2,2431.699,4.2,9999.6162,213.52,2.14,290.8,2.91,-30.5,-0.30,1229.62,12.30
642,Entry long,2024-05-17 10:30,S1_LE,2380.861,4.2,9999.6162,213.52,2.14,290.8,2.91,-30.5,-0.30,1229.62,12.30
643,Exit long,2024-05-21 09:30,S1_SL,2421.967,4.1,9979.9699,-49.91,-0.50,13.25,0.13,-49.91,-0.50,1179.71,11.80
643,Entry long,2024-05-21 01:30,S1_LE,2434.139,4.1,9979.9699,-49.91,-0.50,13.25,0.13,-49.91,-0.50,1179.71,11.80
644,Exit long,2024-05-22 19:30,S1_SL,2407.691,4.1,9921.1431,-49.61,-0.50,57.85,0.58,-49.61,-0.50,1130.1,11.30
644,Entry long,2024-05-21 19:00,S1_LE,2419.791,4.1,9921.1431,-49.61,-0.50,57.85,0.58,-49.61,-0.50,1130.1,11.30
645,Exit long,2024-05-23 21:30,S1_SL,2356.847,4.2,9948.5064,-49.75,-0.50,5.33,0.05,-49.75,-0.50,1080.35,10.80
645,Entry long,2024-05-23 19:30,S1_LE,2368.692,4.2,9948.5064,-49.75,-0.50,5.33,0.05,-49.75,-0.50,1080.35,10.80
646,Exit long,2024-05-27 11:30,S1_LX_TP1,2346.725,4.2,9807.2142,49.03,0.50,52.71,0.54,-14.91,-0.15,1129.38,11.29
646,Entry long,2024-05-24 13:00,S1_LE,2335.051,4.2,9807.2142,49.03,0.50,52.71,0.54,-14.91,-0.15,1129.38,11.29
647,Exit long,2024-05-28 14:00,S1_SL,2342.957,4.2,9889.8744,-49.45,-0.50,4.95,0.05,-49.45,-0.50,1079.93,10.80
647,Entry long,2024-05-28 10:00,S1_LE,2354.732,4.2,9889.8744,-49.45,-0.50,4.95,0.05,-49.45,-0.50,1079.93,10.80
648,Exit long,2024-05-29 17:00,S1_SL,2342.563,4.2,9888.2112,-49.45,-0.50,41.09,0.42,-49.45,-0.50,1030.48,10.30
648,Entry long,2024-05-28 20:30,S1_LE,2354.336,4.2,9888.2112,-49.45,-0.50,41.09,0.42,-49.45,-0.50,1030.48,10.30
649,Exit long,2024-05-30 22:00,S1_LX_TP1,2346.705,4.2,9807.1302,49.03,0.50,57.03,0.58,-19.87,-0.20,1079.51,10.80
649,Entry long,2024-05-30 17:00,S1_LE,2335.031,4.2,9807.1302,49.03,0.50,57.03,0.58,-19.87,-0.20,1079.51,10.80
650,Exit long,2024-05-31 23:00,S1_SL,2332.042,4.2,9843.8004,-49.22,-0.50,67.11,0.68,-49.22,-0.50,1030.29,10.30
650,Entry long,2024-05-31 06:30,S1_LE,2343.762,4.2,9843.8004,-49.22,-0.50,67.11,0.68,-49.22,-0.50,1030.29,10.30
651,Exit long,2024-06-03 13:30,S1_SL,2317.146,4.2,9780.9222,-48.91,-0.50,9.24,0.09,-48.91,-0.50,981.38,9.81
651,Entry long,2024-06-03 09:30,S1_LE,2328.791,4.2,9780.9222,-48.91,-0.50,9.24,0.09,-48.91,-0.50,981.38,9.81
652,Exit long,2024-06-03 22:30,S1_LX_TP1,2339.318,4.2,9776.2602,48.88,0.50,62.66,0.64,-15.04,-0.15,1030.26,10.30
652,Entry long,2024-06-03 16:30,S1_LE,2327.681,4.2,9776.2602,48.88,0.50,62.66,0.64,-15.04,-0.15,1030.26,10.30
653,Exit long,2024-06-05 13:30,S1_LX_TP1,2339.81,4.2,9778.3182,48.88,0.50,56.74,0.58,-10.8,-0.11,1079.14,10.79
653,Entry long,2024-06-05 03:00,S1_LE,2328.171,4.2,9778.3182,48.88,0.50,56.74,0.58,-10.8,-0.11,1079.14,10.79
654,Exit long,2024-06-07 06:30,S1_LX_TP1,2375.88,4.2,9929.0562,49.64,0.50,60.52,0.61,-0.68,-0.01,1128.78,11.29
654,Entry long,2024-06-06 23:00,S1_LE,2364.061,4.2,9929.0562,49.64,0.50,60.52,0.61,-0.68,-0.01,1128.78,11.29
655,Exit long,2024-06-11 00:00,S1_LX_TP1,2307.109,4.3,9871.2176,49.35,0.50,56.36,0.57,-35.83,-0.36,1178.13,11.78
655,Entry long,2024-06-10 14:00,S1_LE,2295.632,4.3,9871.2176,49.35,0.50,56.36,0.57,-35.83,-0.36,1178.13,11.78
656,Exit long,2024-06-13 03:00,S1_LX_TP1,2318.478,4.3,9919.8635,49.59,0.50,149.4,1.51,-23.76,-0.24,1227.72,12.28
656,Entry long,2024-06-11 16:30,S1_LE,2306.945,4.3,9919.8635,49.59,0.50,149.4,1.51,-23.76,-0.24,1227.72,12.28
657,Exit long,2024-06-13 21:30,S1_SL,2311.704,4.3,9990.2846,-49.96,-0.50,6.18,0.06,-49.96,-0.50,1177.76,11.78
657,Entry long,2024-06-13 21:00,S1_LE,2323.322,4.3,9990.2846,-49.96,-0.50,6.18,0.06,-49.96,-0.50,1177.76,11.78
658,Exit long,2024-06-14 16:30,S1_LX_TP1,2316.444,4.3,9911.1603,49.55,0.50,72.24,0.73,-8.69,-0.09,1227.31,12.27
658,Entry long,2024-06-14 09:00,S1_LE,2304.921,4.3,9911.1603,49.55,0.50,72.24,0.73,-8.69,-0.09,1227.31,12.27
659,Exit long,2024-06-17 23:30,S1_SL,2312.001,4.3,9991.5703,-49.97,-0.50,17.28,0.17,-49.97,-0.50,1177.35,11.77
659,Entry long,2024-06-17 21:30,S1_LE,2323.621,4.3,9991.5703,-49.97,-0.50,17.28,0.17,-49.97,-0.50,1177.35,11.77
660,Exit long,2024-06-18 18:30,S1_SL,2307.398,4.3,9971.6742,-49.86,-0.50,28.75,0.29,-49.86,-0.50,1127.48,11.27
660,Entry long,2024-06-18 04:30,S1_LE,2318.994,4.3,9971.6742,-49.86,-0.50,28.75,0.29,-49.86,-0.50,1127.48,11.27
661,Exit long,2024-06-20 12:30,S1_LX_TP1,2338.237,4.2,9771.741,48.85,0.50,52.02,0.53,-33.62,-0.34,1176.34,11.76
661,Entry long,2024-06-18 22:00,S1_LE,2326.605,4.2,9771.741,48.85,0.50,52.02,0.53,-33.62,-0.34,1176.34,11.76
662,Exit long,2024-06-21 15:00,S1_LX_TP1,2356.599,4.2,9826.0722,71.64,0.73,109.45,1.11,-18.21,-0.19,1247.98,12.48
662,Entry long,2024-06-20 19:00,S1_LE,2339.541,4.2,9826.0722,71.64,0.73,109.45,1.11,-18.21,-0.19,1247.98,12.48
663,Exit long,2024-06-25 18:30,S1_LX_TP1,2335.187,4.3,9991.3553,49.95,0.50,58.26,0.58,-18.37,-0.18,1297.93,12.98
663,Entry long,2024-06-24 10:00,S1_LE,2323.571,4.3,9991.3553,49.95,0.50,58.26,0.58,-18.37,-0.18,1297.93,12.98
664,Exit long,2024-06-26 18:00,S1_SL,2308.901,4.3,9978.1715,-49.9,-0.50,2.3,0.02,-49.9,-0.50,1248.03,12.48
664,Entry long,2024-06-26 11:30,S1_LE,2320.505,4.3,9978.1715,-49.9,-0.50,2.3,0.02,-49.9,-0.50,1248.03,12.48
665,Exit long,2024-06-27 17:30,S1_LX_TP1,2311.364,4.3,9889.4238,49.44,0.50,59.92,0.61,-15.76,-0.16,1297.48,12.97
665,Entry long,2024-06-27 12:30,S1_LE,2299.866,4.3,9889.4238,49.44,0.50,59.92,0.61,-15.76,-0.16,1297.48,12.97
666,Exit long,2024-07-03 15:30,S1_LX_TP1,2339.308,4.2,9776.2182,48.88,0.50,70.18,0.72,-40.2,-0.41,1346.35,13.46
666,Entry long,2024-06-28 14:30,S1_LE,2327.671,4.2,9776.2182,48.88,0.50,70.18,0.72,-40.2,-0.41,1346.35,13.46
667,Exit long,2024-07-08 14:30,S1_LX_TP1,2380.534,4.2,9905.0742,93.17,0.94,145.15,1.47,-44.36,-0.45,1439.52,14.40
667,Entry long,2024-07-04 19:30,S1_LE,2358.351,4.2,9905.0742,93.17,0.94,145.15,1.47,-44.36,-0.45,1439.52,14.40
668,Exit long,2024-07-09 23:00,S1_SL,2349.901,4.2,9919.1862,-49.6,-0.50,41.07,0.41,-49.6,-0.50,1389.92,13.90
668,Entry long,2024-07-09 08:30,S1_LE,2361.711,4.2,9919.1862,-49.6,-0.50,41.07,0.41,-49.6,-0.50,1389.92,13.90
669,Exit long,2024-07-10 22:30,S1_LX_TP1,2375.77,4.2,9928.5984,49.64,0.50,95.63,0.96,-7.82,-0.08,1439.55,14.40
669,Entry long,2024-07-10 02:30,S1_LE,2363.952,4.2,9928.5984,49.64,0.50,95.63,0.96,-7.82,-0.08,1439.55,14.40
670,Exit long,2024-07-11 23:00,S1_LX_TP2,2417.427,4.2,9978.5742,174.62,1.75,176.94,1.77,-10.71,-0.11,1614.17,16.14
670,Entry long,2024-07-11 10:00,S1_LE,2375.851,4.2,9978.5742,174.62,1.75,176.94,1.77,-10.71,-0.11,1614.17,16.14
671,Exit long,2024-07-16 01:30,S1_LX_TP1,2420.125,4.1,9873.1526,49.36,0.50,129.83,1.32,-29.46,-0.30,1663.53,16.64
671,Entry long,2024-07-12 22:30,S1_LE,2408.086,4.1,9873.1526,49.36,0.50,129.83,1.32,-29.46,-0.30,1663.53,16.64
672,Exit long,2024-07-16 18:30,S1_LX_TP1,2439.436,4.1,9951.9341,49.75,0.50,65.93,0.66,-10.25,-0.10,1713.29,17.13
672,Entry long,2024-07-16 10:00,S1_LE,2427.301,4.1,9951.9341,49.75,0.50,65.93,0.66,-10.25,-0.10,1713.29,17.13
673,Exit long,2024-07-22 19:30,S1_SL,2398.388,4.1,9882.8122,-49.42,-0.50,7.29,0.07,-49.42,-0.50,1663.86,16.64
673,Entry long,2024-07-22 06:30,S1_LE,2410.442,4.1,9882.8122,-49.42,-0.50,7.29,0.07,-49.42,-0.50,1663.86,16.64
674,Exit long,2024-07-23 19:30,S1_LX_TP1,2409.095,4.1,9828.1551,49.13,0.50,61.13,0.62,-37.77,-0.38,1713,17.13
674,Entry long,2024-07-23 03:30,S1_LE,2397.111,4.1,9828.1551,49.13,0.50,61.13,0.62,-37.77,-0.38,1713,17.13
675,Exit long,2024-07-24 21:00,S1_LX_TP1,2419.808,4.1,9871.8611,49.35,0.50,62.64,0.63,-12.59,-0.13,1762.35,17.62
675,Entry long,2024-07-24 03:30,S1_LE,2407.771,4.1,9871.8611,49.35,0.50,62.64,0.63,-12.59,-0.13,1762.35,17.62
676,Exit long,2024-07-25 19:30,S1_SL,2369.303,4.1,9762.9651,-48.82,-0.50,2.13,0.02,-48.82,-0.50,1713.53,17.14
676,Entry long,2024-07-25 19:00,S1_LE,2381.211,4.1,9762.9651,-48.82,-0.50,2.13,0.02,-48.82,-0.50,1713.53,17.14
677,Exit long,2024-07-26 11:30,S1_LX_TP1,2375.649,4.2,9928.0902,49.64,0.50,65.35,0.66,-34.57,-0.35,1763.16,17.63
677,Entry long,2024-07-26 08:00,S1_LE,2363.831,4.2,9928.0902,49.64,0.50,65.35,0.66,-34.57,-0.35,1763.16,17.63
678,Exit long,2024-07-29 22:30,S1_SL,2382.775,4.1,9818.475,-49.1,-0.50,8.12,0.08,-49.1,-0.50,1714.07,17.14
678,Entry long,2024-07-29 18:30,S1_LE,2394.75,4.1,9818.475,-49.1,-0.50,8.12,0.08,-49.1,-0.50,1714.07,17.14
679,Exit long,2024-07-31 22:00,S1_LX_TP2,2425.609,4.1,9773.9572,171.04,1.75,185.11,1.89,-31.95,-0.33,1885.11,18.85
679,Entry long,2024-07-30 07:00,S1_LE,2383.892,4.1,9773.9572,171.04,1.75,185.11,1.89,-31.95,-0.33,1885.11,18.85
680,Exit long,2024-08-02 12:30,S1_LX_TP1,2455.958,4,9774.964,48.87,0.50,74.2,0.76,-36.96,-0.38,1933.97,19.34
680,Entry long,2024-08-01 20:30,S1_LE,2443.741,4,9774.964,48.87,0.50,74.2,0.76,-36.96,-0.38,1933.97,19.34
681,Exit long,2024-08-05 08:00,S1_SL,2431.496,4,9774.864,-48.88,-0.50,1.58,0.02,-48.88,-0.50,1885.09,18.85
681,Entry long,2024-08-05 07:30,S1_LE,2443.716,4,9774.864,-48.88,-0.50,1.58,0.02,-48.88,-0.50,1885.09,18.85
682,Exit long,2024-08-06 20:30,S1_SL,2392.881,4.1,9860.1187,-49.31,-0.50,55.03,0.56,-49.31,-0.50,1835.79,18.36
682,Entry long,2024-08-06 02:00,S1_LE,2404.907,4.1,9860.1187,-49.31,-0.50,55.03,0.56,-49.31,-0.50,1835.79,18.36
683,Exit long,2024-08-08 21:00,S1_LX_TP1,2403.79,4.1,9806.5112,49.03,0.50,97.04,0.99,-45.64,-0.47,1884.82,18.85
683,Entry long,2024-08-07 12:30,S1_LE,2391.832,4.1,9806.5112,49.03,0.50,97.04,0.99,-45.64,-0.47,1884.82,18.85
684,Exit long,2024-08-12 15:00,S1_LX_TP1,2435.59,4.1,9936.2434,49.68,0.50,56.32,0.57,-10.27,-0.10,1934.49,19.34
684,Entry long,2024-08-09 16:30,S1_LE,2423.474,4.1,9936.2434,49.68,0.50,56.32,0.57,-10.27,-0.10,1934.49,19.34
685,Exit long,2024-08-14 21:00,S1_SL,2452.073,4,9857.584,-49.29,-0.50,62.18,0.63,-49.29,-0.50,1885.2,18.85
685,Entry long,2024-08-13 19:30,S1_LE,2464.396,4,9857.584,-49.29,-0.50,62.18,0.63,-49.29,-0.50,1885.2,18.85
686,Exit long,2024-08-15 20:30,S1_LX_TP1,2461.546,4,9797.204,48.98,0.50,82.92,0.85,-6,-0.06,1934.18,19.34
686,Entry long,2024-08-15 08:00,S1_LE,2449.301,4,9797.204,48.98,0.50,82.92,0.85,-6,-0.06,1934.18,19.34
687,Exit long,2024-08-17 03:00,S1_LX_TP2,2501.371,4,9833.404,172.08,1.75,188.88,1.92,-32.6,-0.33,2106.26,21.06
687,Entry long,2024-08-16 00:00,S1_LE,2458.351,4,9833.404,172.08,1.75,188.88,1.92,-32.6,-0.33,2106.26,21.06
688,Exit long,2024-08-19 18:30,S1_SL,2491.241,3.9,9764.6679,-48.83,-0.50,13.22,0.14,-48.83,-0.50,2057.43,20.57
688,Entry long,2024-08-19 15:30,S1_LE,2503.761,3.9,9764.6679,-48.83,-0.50,13.22,0.14,-48.83,-0.50,2057.43,20.57
689,Exit long,2024-08-20 23:00,S1_LX_TP1,2513.716,3.9,9754.7229,48.77,0.50,118.79,1.22,-16.42,-0.17,2106.2,21.06
689,Entry long,2024-08-19 23:00,S1_LE,2501.211,3.9,9754.7229,48.77,0.50,118.79,1.22,-16.42,-0.17,2106.2,21.06
690,Exit long,2024-08-22 20:00,S1_SL,2496.917,3.9,9786.9174,-48.94,-0.50,37.61,0.38,-48.94,-0.50,2057.26,20.57
690,Entry long,2024-08-22 01:30,S1_LE,2509.466,3.9,9786.9174,-48.94,-0.50,37.61,0.38,-48.94,-0.50,2057.26,20.57
691,Exit long,2024-08-23 17:00,S1_LX_TP1,2497.515,4,9940.364,49.7,0.50,59.48,0.60,-2.36,-0.02,2106.96,21.07
691,Entry long,2024-08-23 07:00,S1_LE,2485.091,4,9940.364,49.7,0.50,59.48,0.60,-2.36,-0.02,2106.96,21.07
692,Exit long,2024-08-28 18:30,S1_SL,2502.436,3.9,9808.5507,-49.05,-0.50,54.63,0.56,-49.05,-0.50,2057.9,20.58
692,Entry long,2024-08-26 15:00,S1_LE,2515.013,3.9,9808.5507,-49.05,-0.50,54.63,0.56,-49.05,-0.50,2057.9,20.58
693,Exit long,2024-08-29 14:30,S1_LX_TP1,2520.009,3.9,9779.1447,48.89,0.50,53.61,0.55,-44.35,-0.45,2106.8,21.07
693,Entry long,2024-08-28 23:00,S1_LE,2507.473,3.9,9779.1447,48.89,0.50,53.61,0.55,-44.35,-0.45,2106.8,21.07
694,Exit long,2024-08-30 22:00,S1_SL,2509.795,3.9,9837.3951,-49.19,-0.50,17.36,0.18,-49.19,-0.50,2057.6,20.58
694,Entry long,2024-08-30 14:30,S1_LE,2522.409,3.9,9837.3951,-49.19,-0.50,17.36,0.18,-49.19,-0.50,2057.6,20.58
695,Exit long,2024-09-02 10:30,S1_SL,2490.524,3.9,9761.8599,-48.82,-0.50,5.53,0.06,-48.82,-0.50,2008.78,20.09
695,Entry long,2024-09-02 09:30,S1_LE,2503.041,3.9,9761.8599,-48.82,-0.50,5.53,0.06,-48.82,-0.50,2008.78,20.09
696,Exit long,2024-09-03 19:30,S1_SL,2485.41,4,9991.604,-49.96,-0.50,33.56,0.34,-49.96,-0.50,1958.82,19.59
696,Entry long,2024-09-03 15:00,S1_LE,2497.901,4,9991.604,-49.96,-0.50,33.56,0.34,-49.96,-0.50,1958.82,19.59
697,Exit long,2024-09-04 16:00,S1_SL,2481.41,4,9975.524,-49.88,-0.50,12.08,0.12,-49.88,-0.50,1908.94,19.09
697,Entry long,2024-09-04 03:30,S1_LE,2493.881,4,9975.524,-49.88,-0.50,12.08,0.12,-49.88,-0.50,1908.94,19.09
698,Exit long,2024-09-05 14:00,S1_LX_TP1,2501.686,4,9956.964,49.78,0.50,52.32,0.53,-29.36,-0.29,1958.72,19.59
698,Entry long,2024-09-04 20:00,S1_LE,2489.241,4,9956.964,49.78,0.50,52.32,0.53,-29.36,-0.29,1958.72,19.59
699,Exit long,2024-09-06 21:30,S1_SL,2503.031,3.9,9810.8829,-49.06,-0.50,52.84,0.54,-49.06,-0.50,1909.65,19.10
699,Entry long,2024-09-06 02:30,S1_LE,2515.611,3.9,9810.8829,-49.06,-0.50,52.84,0.54,-49.06,-0.50,1909.65,19.10
700,Exit long,2024-09-10 21:30,S1_LX_TP1,2510.118,4,9990.524,49.95,0.50,70.88,0.71,-49.32,-0.49,1959.6,19.60
700,Entry long,2024-09-09 10:00,S1_LE,2497.631,4,9990.524,49.95,0.50,70.88,0.71,-49.32,-0.49,1959.6,19.60
701,Exit long,2024-09-12 21:00,S1_LX_TP1,2526.057,3.9,9802.6149,49.01,0.50,85.02,0.87,-11.27,-0.12,2008.61,20.09
701,Entry long,2024-09-12 06:30,S1_LE,2513.491,3.9,9802.6149,49.01,0.50,85.02,0.87,-11.27,-0.12,2008.61,20.09
702,Exit long,2024-09-17 12:30,S1_SL,2575.209,3.8,9834.9738,-49.18,-0.50,1.55,0.02,-49.18,-0.50,1959.43,19.59
702,Entry long,2024-09-16 22:00,S1_LE,2588.151,3.8,9834.9738,-49.18,-0.50,1.55,0.02,-49.18,-0.50,1959.43,19.59
703,Exit long,2024-09-17 17:30,S1_SL,2572.273,3.8,9823.7638,-49.13,-0.50,6.68,0.07,-49.13,-0.50,1910.3,19.10
703,Entry long,2024-09-17 14:30,S1_LE,2585.201,3.8,9823.7638,-49.13,-0.50,6.68,0.07,-49.13,-0.50,1910.3,19.10
704,Exit long,2024-09-19 02:30,S1_LX_TP1,2586.196,3.8,9778.6578,48.89,0.50,101.87,1.04,-29,-0.30,1959.19,19.59
704,Entry long,2024-09-18 07:30,S1_LE,2573.331,3.8,9778.6578,48.89,0.50,101.87,1.04,-29,-0.30,1959.19,19.59
705,Exit long,2024-09-19 20:30,S1_LX_TP1,2576.779,3.9,9999.4479,49.99,0.50,120.78,1.21,-17.65,-0.18,2009.18,20.09
705,Entry long,2024-09-19 12:00,S1_LE,2563.961,3.9,9999.4479,49.99,0.50,120.78,1.21,-17.65,-0.18,2009.18,20.09
706,Exit long,2024-09-23 15:30,S1_LX_TP1,2615.944,3.8,9838.2456,102.34,1.04,160.92,1.64,-16.56,-0.17,2111.52,21.12
706,Entry long,2024-09-20 00:00,S1_LE,2589.012,3.8,9838.2456,102.34,1.04,160.92,1.64,-16.56,-0.17,2111.52,21.12
707,Exit long,2024-09-24 23:30,S1_LX_TP1,2640.124,3.8,9982.5658,49.91,0.50,81.32,0.81,-17.16,-0.17,2161.43,21.61
707,Entry long,2024-09-23 21:00,S1_LE,2626.991,3.8,9982.5658,49.91,0.50,81.32,0.81,-17.16,-0.17,2161.43,21.61
708,Exit long,2024-09-26 20:30,S1_LX_TP1,2672.772,3.7,9840.0612,49.2,0.50,96.58,0.98,-36.42,-0.37,2210.62,22.11
708,Entry long,2024-09-25 20:30,S1_LE,2659.476,3.7,9840.0612,49.2,0.50,96.58,0.98,-36.42,-0.37,2210.62,22.11
709,Exit long,2024-09-27 22:30,S1_SL,2656.688,3.7,9879.148,-49.4,-0.50,3.81,0.04,-49.4,-0.50,2161.22,21.61
709,Entry long,2024-09-27 21:00,S1_LE,2670.04,3.7,9879.148,-49.4,-0.50,3.81,0.04,-49.4,-0.50,2161.22,21.61
710,Exit long,2024-09-30 09:30,S1_SL,2648.57,3.7,9848.9597,-49.25,-0.50,15.2,0.15,-49.25,-0.50,2111.97,21.12
710,Entry long,2024-09-30 06:30,S1_LE,2661.881,3.7,9848.9597,-49.25,-0.50,15.2,0.15,-49.25,-0.50,2111.97,21.12
711,Exit long,2024-09-30 18:00,S1_SL,2645.865,3.7,9838.8994,-49.2,-0.50,5.51,0.06,-49.2,-0.50,2062.77,20.63
711,Entry long,2024-09-30 14:30,S1_LE,2659.162,3.7,9838.8994,-49.2,-0.50,5.51,0.06,-49.2,-0.50,2062.77,20.63
712,Exit long,2024-10-01 18:30,S1_LX_TP1,2648.305,3.7,9749.9847,48.74,0.50,56.98,0.58,-4.92,-0.05,2111.52,21.12
712,Entry long,2024-10-01 07:30,S1_LE,2635.131,3.7,9749.9847,48.74,0.50,56.98,0.58,-4.92,-0.05,2111.52,21.12
713,Exit long,2024-10-02 23:00,S1_SL,2644.525,3.7,9833.9192,-49.18,-0.50,20.51,0.21,-49.18,-0.50,2062.34,20.62
713,Entry long,2024-10-02 21:30,S1_LE,2657.816,3.7,9833.9192,-49.18,-0.50,20.51,0.21,-49.18,-0.50,2062.34,20.62
714,Exit long,2024-10-03 22:00,S1_SL,2639.585,3.7,9815.5487,-49.08,-0.50,37.26,0.38,-49.08,-0.50,2013.25,20.13
714,Entry long,2024-10-03 02:30,S1_LE,2652.851,3.7,9815.5487,-49.08,-0.50,37.26,0.38,-49.08,-0.50,2013.25,20.13
715,Exit long,2024-10-04 11:30,S1_LX_TP1,2663.394,3.7,9805.7437,48.81,0.50,49.72,0.51,-8.75,-0.09,2062.07,20.62
715,Entry long,2024-10-03 23:00,S1_LE,2650.201,3.7,9805.7437,48.81,0.50,49.72,0.51,-8.75,-0.09,2062.07,20.62
716,Exit long,2024-10-08 10:00,S1_SL,2637.625,3.7,9808.2597,-49.05,-0.50,32.37,0.33,-49.05,-0.50,2013.02,20.13
716,Entry long,2024-10-07 06:00,S1_LE,2650.881,3.7,9808.2597,-49.05,-0.50,32.37,0.33,-49.05,-0.50,2013.02,20.13
717,Exit long,2024-10-08 22:00,S1_SL,2633.068,3.7,9791.3137,-48.96,-0.50,24.93,0.25,-48.96,-0.50,1964.06,19.64
717,Entry long,2024-10-08 19:00,S1_LE,2646.301,3.7,9791.3137,-48.96,-0.50,24.93,0.25,-48.96,-0.50,1964.06,19.64
718,Exit long,2024-10-09 15:00,S1_SL,2609.899,3.8,9967.4608,-49.84,-0.50,4.99,0.05,-49.84,-0.50,1914.21,19.14
718,Entry long,2024-10-09 07:30,S1_LE,2623.016,3.8,9967.4608,-49.84,-0.50,4.99,0.05,-49.84,-0.50,1914.21,19.14
719,Exit long,2024-10-09 21:30,S1_SL,2608.014,3.8,9960.2598,-49.81,-0.50,5.01,0.05,-49.81,-0.50,1864.41,18.64
719,Entry long,2024-10-09 19:00,S1_LE,2621.121,3.8,9960.2598,-49.81,-0.50,5.01,0.05,-49.81,-0.50,1864.41,18.64
720,Exit long,2024-10-10 21:00,S1_LX_TP1,2623.698,3.8,9920.4548,49.6,0.50,65.09,0.66,-33.58,-0.34,1914.01,19.14
720,Entry long,2024-10-10 09:30,S1_LE,2610.646,3.8,9920.4548,49.6,0.50,65.09,0.66,-33.58,-0.34,1914.01,19.14
721,Exit long,2024-10-11 23:30,S1_LX_TP1,2657.901,3.7,9785.3123,48.92,0.50,53.91,0.55,-15.59,-0.16,1962.93,19.63
721,Entry long,2024-10-11 20:00,S1_LE,2644.679,3.7,9785.3123,48.92,0.50,53.91,0.55,-15.59,-0.16,1962.93,19.63
722,Exit long,2024-10-15 12:30,S1_SL,2642.839,3.7,9827.6477,-49.14,-0.50,39.77,0.40,-49.14,-0.50,1913.78,19.14
722,Entry long,2024-10-14 11:30,S1_LE,2656.121,3.7,9827.6477,-49.14,-0.50,39.77,0.40,-49.14,-0.50,1913.78,19.14
723,Exit long,2024-10-16 00:30,S1_LX_TP1,2665.19,3.7,9812.1484,49.05,0.50,62.82,0.64,-23.78,-0.24,1962.84,19.63
723,Entry long,2024-10-15 15:30,S1_LE,2651.932,3.7,9812.1484,49.05,0.50,62.82,0.64,-23.78,-0.24,1962.84,19.63
724,Exit long,2024-10-16 21:00,S1_LX_TP1,2681.187,3.7,9871.0413,49.35,0.50,55.1,0.56,-10,-0.10,2012.19,20.12
724,Entry long,2024-10-16 10:00,S1_LE,2667.849,3.7,9871.0413,49.35,0.50,55.1,0.56,-10,-0.10,2012.19,20.12
725,Exit long,2024-10-17 22:30,S1_LX_TP1,2689.168,3.7,9900.4267,49.49,0.50,59.27,0.60,-10.64,-0.11,2061.68,20.62
725,Entry long,2024-10-17 08:30,S1_LE,2675.791,3.7,9900.4267,49.49,0.50,59.27,0.60,-10.64,-0.11,2061.68,20.62
726,Exit long,2024-10-22 19:00,S1_LX_TP1,2738.228,3.6,9808.5816,49.04,0.50,53.08,0.54,-2.44,-0.02,2110.72,21.11
726,Entry long,2024-10-22 09:00,S1_LE,2724.606,3.6,9808.5816,49.04,0.50,53.08,0.54,-2.44,-0.02,2110.72,21.11
727,Exit long,2024-10-23 21:00,S1_SL,2735.312,3.6,9896.6124,-49.49,-0.50,33.81,0.34,-49.49,-0.50,2061.23,20.61
727,Entry long,2024-10-23 12:30,S1_LE,2749.059,3.6,9896.6124,-49.49,-0.50,33.81,0.34,-49.49,-0.50,2061.23,20.61
728,Exit long,2024-10-24 15:00,S1_LX_TP1,2734.864,3.6,9796.5324,48.98,0.50,54.83,0.56,-12.8,-0.13,2110.21,21.10
728,Entry long,2024-10-24 08:00,S1_LE,2721.259,3.6,9796.5324,48.98,0.50,54.83,0.56,-12.8,-0.13,2110.21,21.10
729,Exit long,2024-10-25 16:00,S1_SL,2723.658,3.6,9854.4456,-49.28,-0.50,0.63,0.01,-49.28,-0.50,2060.93,20.61
729,Entry long,2024-10-25 02:30,S1_LE,2737.346,3.6,9854.4456,-49.28,-0.50,0.63,0.01,-49.28,-0.50,2060.93,20.61
730,Exit long,2024-10-28 06:00,S1_LX_TP1,2736.179,3.6,9833.5476,16.7,0.17,58.42,0.59,-23.13,-0.24,2077.63,20.78
730,Entry long,2024-10-25 21:00,S1_LE,2731.541,3.6,9833.5476,16.7,0.17,58.42,0.59,-23.13,-0.24,2077.63,20.78
731,Exit long,2024-10-29 10:30,S1_LX_TP1,2752.102,3.6,9858.2796,49.29,0.50,69.55,0.71,-38.51,-0.39,2126.92,21.27
731,Entry long,2024-10-28 14:00,S1_LE,2738.411,3.6,9858.2796,49.29,0.50,69.55,0.71,-38.51,-0.39,2126.92,21.27
732,Exit long,2024-10-29 23:00,S1_LX_TP1,2768.883,3.6,9918.3924,49.59,0.50,59.87,0.60,-9.91,-0.10,2176.51,21.77
732,Entry long,2024-10-29 21:30,S1_LE,2755.109,3.6,9918.3924,49.59,0.50,59.87,0.60,-9.91,-0.10,2176.51,21.77
733,Exit long,2024-11-04 07:00,S1_SL,2732.884,3.6,9887.8284,-49.45,-0.50,56.2,0.57,-49.45,-0.50,2127.06,21.27
733,Entry long,2024-11-01 08:00,S1_LE,2746.619,3.6,9887.8284,-49.45,-0.50,56.2,0.57,-49.45,-0.50,2127.06,21.27
734,Exit long,2024-11-05 10:30,S1_SL,2729.613,3.6,9875.9916,-49.38,-0.50,17.46,0.18,-49.38,-0.50,2077.67,20.78
734,Entry long,2024-11-04 18:00,S1_LE,2743.331,3.6,9875.9916,-49.38,-0.50,17.46,0.18,-49.38,-0.50,2077.67,20.78
735,Exit long,2024-11-06 14:00,S1_SL,2724.12,3.6,9856.1196,-49.29,-0.50,43.74,0.44,-49.29,-0.50,2028.39,20.28
735,Entry long,2024-11-05 15:00,S1_LE,2737.811,3.6,9856.1196,-49.29,-0.50,43.74,0.44,-49.29,-0.50,2028.39,20.28
736,Exit long,2024-11-08 14:00,S1_LX_TP1,2687.404,3.7,9858.9793,84.42,0.86,170.28,1.73,-27.1,-0.27,2112.8,21.13
736,Entry long,2024-11-07 15:30,S1_LE,2664.589,3.7,9858.9793,84.42,0.86,170.28,1.73,-27.1,-0.27,2112.8,21.13
737,Exit long,2024-11-11 07:00,S1_SL,2678.46,3.7,9960.1077,-49.81,-0.50,44.76,0.45,-49.81,-0.50,2063,20.63
737,Entry long,2024-11-08 21:00,S1_LE,2691.921,3.7,9960.1077,-49.81,-0.50,44.76,0.45,-49.81,-0.50,2063,20.63
738,Exit long,2024-11-12 13:30,S1_SL,2610.769,3.8,9970.782,-49.86,-0.50,12.35,0.12,-49.86,-0.50,2013.14,20.13
738,Entry long,2024-11-12 08:00,S1_LE,2623.89,3.8,9970.782,-49.86,-0.50,12.35,0.12,-49.86,-0.50,2013.14,20.13
739,Exit long,2024-11-12 23:30,S1_SL,2601.283,3.8,9934.5528,-49.68,-0.50,10.2,0.10,-49.68,-0.50,1963.46,19.63
739,Entry long,2024-11-12 21:30,S1_LE,2614.356,3.8,9934.5528,-49.68,-0.50,10.2,0.10,-49.68,-0.50,1963.46,19.63
740,Exit long,2024-11-13 23:00,S1_SL,2595.094,3.8,9910.9168,-49.56,-0.50,40.68,0.41,-49.56,-0.50,1913.9,19.14
740,Entry long,2024-11-13 09:30,S1_LE,2608.136,3.8,9910.9168,-49.56,-0.50,40.68,0.41,-49.56,-0.50,1913.9,19.14
741,Exit long,2024-11-14 23:30,S1_LX_TP1,2569.809,3.9,9972.3975,49.86,0.50,62.19,0.62,-11.23,-0.11,1963.76,19.64
741,Entry long,2024-11-14 22:00,S1_LE,2557.025,3.9,9972.3975,49.86,0.50,62.19,0.62,-11.23,-0.11,1963.76,19.64
742,Exit long,2024-11-18 14:00,S1_LX_TP1,2581.89,3.8,9762.3748,48.81,0.50,107.21,1.10,-36.69,-0.38,2012.56,20.13
742,Entry long,2024-11-15 18:30,S1_LE,2569.046,3.8,9762.3748,48.81,0.50,107.21,1.10,-36.69,-0.38,2012.56,20.13
743,Exit long,2024-11-20 16:00,S1_SL,2618.839,3.7,9738.4037,-48.7,-0.50,36.7,0.38,-48.7,-0.50,1963.87,19.64
743,Entry long,2024-11-20 04:30,S1_LE,2632.001,3.7,9738.4037,-48.7,-0.50,36.7,0.38,-48.7,-0.50,1963.87,19.64
744,Exit long,2024-11-20 23:30,S1_LX_TP1,2644.888,3.7,9737.4047,48.68,0.50,63.53,0.65,-2.64,-0.03,2012.55,20.13
744,Entry long,2024-11-20 21:00,S1_LE,2631.731,3.7,9737.4047,48.68,0.50,63.53,0.65,-2.64,-0.03,2012.55,20.13
745,Exit long,2024-11-22 11:30,S1_LX_TP1,2685.098,3.7,9885.4417,49.42,0.50,69.41,0.70,-15.04,-0.15,2061.97,20.62
745,Entry long,2024-11-22 02:00,S1_LE,2671.741,3.7,9885.4417,49.42,0.50,69.41,0.70,-15.04,-0.15,2061.97,20.62
746,Exit long,2024-11-25 22:00,S1_SL,2669.953,3.7,9928.4727,-49.65,-0.50,19.9,0.20,-49.65,-0.50,2012.32,20.12
746,Entry long,2024-11-25 19:30,S1_LE,2683.371,3.7,9928.4727,-49.65,-0.50,19.9,0.20,-49.65,-0.50,2012.32,20.12
747,Exit long,2024-11-26 15:30,S1_SL,2614.954,3.8,9986.7648,-49.94,-0.50,12.75,0.13,-49.94,-0.50,1962.38,19.62
747,Entry long,2024-11-26 10:00,S1_LE,2628.096,3.8,9986.7648,-49.94,-0.50,12.75,0.13,-49.94,-0.50,1962.38,19.62
748,Exit long,2024-11-27 14:00,S1_LX_TP1,2641.451,3.8,9987.5818,49.93,0.50,66.31,0.66,-44.62,-0.45,2012.31,20.12
748,Entry long,2024-11-26 18:30,S1_LE,2628.311,3.8,9987.5818,49.93,0.50,66.31,0.66,-44.62,-0.45,2012.31,20.12
749,Exit long,2024-11-29 22:30,S1_LX_TP1,2654.377,3.7,9752.1122,69.08,0.71,113.35,1.16,-9.66,-0.10,2081.4,20.81
749,Entry long,2024-11-28 14:30,S1_LE,2635.706,3.7,9752.1122,69.08,0.71,113.35,1.16,-9.66,-0.10,2081.4,20.81
750,Exit long,2024-12-03 14:30,S1_LX_TP1,2648.665,3.7,9751.3093,48.75,0.50,60.35,0.62,-11.08,-0.11,2130.15,21.30
750,Entry long,2024-12-02 17:30,S1_LE,2635.489,3.7,9751.3093,48.75,0.50,60.35,0.62,-11.08,-0.11,2130.15,21.30
751,Exit long,2024-12-04 21:00,S1_SL,2632.62,3.7,9789.6487,-48.95,-0.50,20.72,0.21,-48.95,-0.50,2081.19,20.81
751,Entry long,2024-12-04 11:00,S1_LE,2645.851,3.7,9789.6487,-48.95,-0.50,20.72,0.21,-48.95,-0.50,2081.19,20.81
752,Exit long,2024-12-05 22:30,S1_SL,2639.894,3.7,9816.6957,-49.09,-0.50,5.07,0.05,-49.09,-0.50,2032.1,20.32
752,Entry long,2024-12-05 14:00,S1_LE,2653.161,3.7,9816.6957,-49.09,-0.50,5.07,0.05,-49.09,-0.50,2032.1,20.32
753,Exit long,2024-12-09 16:00,S1_LX_TP1,2649.582,3.7,9754.6837,48.77,0.50,54.83,0.56,-46.39,-0.48,2080.87,20.81
753,Entry long,2024-12-06 11:30,S1_LE,2636.401,3.7,9754.6837,48.77,0.50,54.83,0.56,-46.39,-0.48,2080.87,20.81
754,Exit long,2024-12-11 12:30,S1_LX_TP1,2684.384,3.7,9869.5687,62.65,0.63,136.53,1.38,-23.63,-0.24,2143.53,21.44
754,Entry long,2024-12-10 10:00,S1_LE,2667.451,3.7,9869.5687,62.65,0.63,136.53,1.38,-23.63,-0.24,2143.53,21.44
755,Exit long,2024-12-12 00:00,S1_LX_TP1,2712.665,3.7,9986.9327,49.93,0.50,62.45,0.63,-32.7,-0.33,2193.45,21.93
755,Entry long,2024-12-11 18:30,S1_LE,2699.171,3.7,9986.9327,49.93,0.50,62.45,0.63,-32.7,-0.33,2193.45,21.93
756,Exit long,2024-12-12 21:00,S1_SL,2704.748,3.6,9786.0276,-48.93,-0.50,7.52,0.08,-48.93,-0.50,2144.52,21.45
756,Entry long,2024-12-12 15:00,S1_LE,2718.341,3.6,9786.0276,-48.93,-0.50,7.52,0.08,-48.93,-0.50,2144.52,21.45
757,Exit long,2024-12-13 17:00,S1_SL,2672.003,3.7,9936.0984,-49.69,-0.50,27.11,0.27,-49.69,-0.50,2094.83,20.95
757,Entry long,2024-12-13 09:00,S1_LE,2685.432,3.7,9936.0984,-49.69,-0.50,27.11,0.27,-49.69,-0.50,2094.83,20.95
758,Exit long,2024-12-17 17:30,S1_SL,2639.922,3.7,9816.7993,-49.09,-0.50,41.37,0.42,-49.09,-0.50,2045.74,20.46
758,Entry long,2024-12-16 11:30,S1_LE,2653.189,3.7,9816.7993,-49.09,-0.50,41.37,0.42,-49.09,-0.50,2045.74,20.46
759,Exit long,2024-12-19 03:00,S1_SL,2632.69,3.7,9789.9077,-48.95,-0.50,21.42,0.22,-48.95,-0.50,1996.79,19.97
759,Entry long,2024-12-18 02:00,S1_LE,2645.921,3.7,9789.9077,-48.95,-0.50,21.42,0.22,-48.95,-0.50,1996.79,19.97
760,Exit long,2024-12-23 19:30,S1_LX_TP1,2616.064,3.8,9874.2658,66.78,0.68,132.24,1.34,-11.67,-0.12,2063.57,20.64
760,Entry long,2024-12-20 09:30,S1_LE,2598.491,3.8,9874.2658,66.78,0.68,132.24,1.34,-11.67,-0.12,2063.57,20.64
761,Exit long,2024-12-26 19:30,S1_LX_TP1,2628.667,3.8,9939.2458,49.69,0.50,54.75,0.55,-21.63,-0.22,2113.26,21.13
761,Entry long,2024-12-24 07:30,S1_LE,2615.591,3.8,9939.2458,49.69,0.50,54.75,0.55,-21.63,-0.22,2113.26,21.13
762,Exit long,2024-12-27 21:00,S1_SL,2620.64,3.7,9745.1007,-48.73,-0.50,16.65,0.17,-48.73,-0.50,2064.52,20.65
762,Entry long,2024-12-27 12:00,S1_LE,2633.811,3.7,9745.1007,-48.73,-0.50,16.65,0.17,-48.73,-0.50,2064.52,20.65
763,Exit long,2024-12-30 21:30,S1_SL,2607.397,3.8,9957.9038,-49.8,-0.50,28.95,0.29,-49.8,-0.50,2014.73,20.15
763,Entry long,2024-12-30 07:00,S1_LE,2620.501,3.8,9957.9038,-49.8,-0.50,28.95,0.29,-49.8,-0.50,2014.73,20.15
764,Exit long,2025-01-03 00:00,S1_LX_TP2,2652.439,3.8,9905.9198,173.35,1.75,194.48,1.96,-16.51,-0.17,2188.08,21.88
764,Entry long,2024-12-31 08:30,S1_LE,2606.821,3.8,9905.9198,173.35,1.75,194.48,1.96,-16.51,-0.17,2188.08,21.88
765,Exit long,2025-01-06 15:00,S1_SL,2630.013,3.7,9779.9547,-48.91,-0.50,15.46,0.16,-48.91,-0.50,2139.17,21.39
765,Entry long,2025-01-06 09:00,S1_LE,2643.231,3.7,9779.9547,-48.91,-0.50,15.46,0.16,-48.91,-0.50,2139.17,21.39
766,Exit long,2025-01-06 21:30,S1_SL,2631.615,3.7,9785.9117,-48.94,-0.50,17.05,0.17,-48.94,-0.50,2090.23,20.90
766,Entry long,2025-01-06 19:30,S1_LE,2644.841,3.7,9785.9117,-48.94,-0.50,17.05,0.17,-48.94,-0.50,2090.23,20.90
767,Exit long,2025-01-07 21:00,S1_LX_TP1,2650.757,3.7,9759.0127,48.79,0.50,56.27,0.58,-5.17,-0.05,2139.02,21.39
767,Entry long,2025-01-07 09:30,S1_LE,2637.571,3.7,9759.0127,48.79,0.50,56.27,0.58,-5.17,-0.05,2139.02,21.39
768,Exit long,2025-01-09 00:00,S1_LX_TP1,2663.197,3.7,9804.8113,49.02,0.50,66.09,0.67,-16.94,-0.17,2188.04,21.88
768,Entry long,2025-01-08 14:00,S1_LE,2649.949,3.7,9804.8113,49.02,0.50,66.09,0.67,-16.94,-0.17,2188.04,21.88
769,Exit long,2025-01-10 17:00,S1_LX_TP1,2679.549,3.7,9865.6837,48.65,0.49,52.09,0.53,-22.69,-0.23,2236.69,22.37
769,Entry long,2025-01-09 15:00,S1_LE,2666.401,3.7,9865.6837,48.65,0.49,52.09,0.53,-22.69,-0.23,2236.69,22.37
770,Exit long,2025-01-13 19:30,S1_SL,2676.756,3.7,9953.7733,-49.78,-0.50,4.3,0.04,-49.78,-0.50,2186.91,21.87
770,Entry long,2025-01-13 14:30,S1_LE,2690.209,3.7,9953.7733,-49.78,-0.50,4.3,0.04,-49.78,-0.50,2186.91,21.87
771,Exit long,2025-01-15 14:00,S1_LX_TP1,2679.067,3.7,9863.238,49.31,0.50,50.69,0.51,-22.55,-0.23,2236.22,22.36
771,Entry long,2025-01-14 07:30,S1_LE,2665.74,3.7,9863.238,49.31,0.50,50.69,0.51,-22.55,-0.23,2236.22,22.36
772,Exit long,2025-01-17 09:00,S1_LX_TP1,2711.661,3.7,9983.2364,49.91,0.50,98.32,0.98,-4.72,-0.05,2286.13,22.86
772,Entry long,2025-01-16 16:00,S1_LE,2698.172,3.7,9983.2364,49.91,0.50,98.32,0.98,-4.72,-0.05,2286.13,22.86
773,Exit long,2025-01-18 04:00,S1_SL,2701.832,3.6,9775.4796,-48.88,-0.50,6.8,0.07,-48.88,-0.50,2237.25,22.37
773,Entry long,2025-01-17 12:30,S1_LE,2715.411,3.6,9775.4796,-48.88,-0.50,6.8,0.07,-48.88,-0.50,2237.25,22.37
774,Exit long,2025-01-21 19:00,S1_LX_TP1,2716.997,3.6,9732.5316,48.66,0.50,105.91,1.09,-10.05,-0.10,2285.9,22.86
774,Entry long,2025-01-20 12:00,S1_LE,2703.481,3.6,9732.5316,48.66,0.50,105.91,1.09,-10.05,-0.10,2285.9,22.86
775,Exit long,2025-01-22 00:30,S1_LX_TP1,2740.386,3.6,9816.3144,49.08,0.50,65.47,0.67,-8.35,-0.09,2334.98,23.35
775,Entry long,2025-01-21 21:00,S1_LE,2726.754,3.6,9816.3144,49.08,0.50,65.47,0.67,-8.35,-0.09,2334.98,23.35
776,Exit long,2025-01-23 21:00,S1_SL,2740.409,3.6,9915.0516,-49.58,-0.50,1,0.01,-49.58,-0.50,2285.4,22.85
776,Entry long,2025-01-23 16:30,S1_LE,2754.181,3.6,9915.0516,-49.58,-0.50,1,0.01,-49.58,-0.50,2285.4,22.85
777,Exit long,2025-01-24 10:30,S1_LX_TP1,2767.749,3.6,9914.3316,49.56,0.50,63.03,0.64,-10.45,-0.11,2334.96,23.35
777,Entry long,2025-01-24 01:00,S1_LE,2753.981,3.6,9914.3316,49.56,0.50,63.03,0.64,-10.45,-0.11,2334.96,23.35
778,Exit long,2025-01-27 22:00,S1_SL,2749.45,3.6,9947.7648,-49.74,-0.50,31.58,0.32,-49.74,-0.50,2285.22,22.85
778,Entry long,2025-01-27 18:00,S1_LE,2763.268,3.6,9947.7648,-49.74,-0.50,31.58,0.32,-49.74,-0.50,2285.22,22.85
779,Exit long,2025-01-28 23:30,S1_LX_TP1,2755.629,3.6,9870.9156,49.35,0.50,55.15,0.56,-25.92,-0.26,2334.57,23.35
779,Entry long,2025-01-28 08:30,S1_LE,2741.921,3.6,9870.9156,49.35,0.50,55.15,0.56,-25.92,-0.26,2334.57,23.35
780,Exit long,2025-01-29 23:00,S1_SL,2750.259,3.6,9950.6916,-49.76,-0.50,1.15,0.01,-49.76,-0.50,2284.81,22.85
780,Entry long,2025-01-29 17:00,S1_LE,2764.081,3.6,9950.6916,-49.76,-0.50,1.15,0.01,-49.76,-0.50,2284.81,22.85
781,Exit long,2025-01-30 16:00,S1_LX_TP1,2768.582,3.6,9917.3124,49.58,0.50,53.43,0.54,-3.29,-0.03,2334.39,23.34
781,Entry long,2025-01-30 05:00,S1_LE,2754.809,3.6,9917.3124,49.58,0.50,53.43,0.54,-3.29,-0.03,2334.39,23.34
782,Exit long,2025-02-03 07:30,S1_SL,2786.248,3.5,9800.8785,-49.01,-0.50,59.36,0.61,-49.01,-0.50,2285.38,22.85
782,Entry long,2025-01-31 20:00,S1_LE,2800.251,3.5,9800.8785,-49.01,-0.50,59.36,0.61,-49.01,-0.50,2285.38,22.85
783,Exit long,2025-02-03 20:30,S1_LX_TP1,2803.277,3.5,9762.7635,48.71,0.50,53.02,0.54,-9.12,-0.09,2334.09,23.34
783,Entry long,2025-02-03 16:00,S1_LE,2789.361,3.5,9762.7635,48.71,0.50,53.02,0.54,-9.12,-0.09,2334.09,23.34
784,Exit long,2025-02-04 21:30,S1_LX_TP1,2834.507,3.5,9871.421,49.35,0.50,58.5,0.59,-28.07,-0.28,2383.44,23.83
784,Entry long,2025-02-04 18:00,S1_LE,2820.406,3.5,9871.421,49.35,0.50,58.5,0.59,-28.07,-0.28,2383.44,23.83
785,Exit long,2025-02-06 15:30,S1_SL,2857.097,3.4,9762.9504,-48.82,-0.50,6.27,0.06,-48.82,-0.50,2334.62,23.35
785,Entry long,2025-02-06 10:00,S1_LE,2871.456,3.4,9762.9504,-48.82,-0.50,6.27,0.06,-48.82,-0.50,2334.62,23.35
786,Exit long,2025-02-06 22:30,S1_SL,2852.699,3.4,9747.9224,-48.75,-0.50,6,0.06,-48.75,-0.50,2285.87,22.86
786,Entry long,2025-02-06 20:30,S1_LE,2867.036,3.4,9747.9224,-48.75,-0.50,6,0.06,-48.75,-0.50,2285.87,22.86
787,Exit long,2025-02-08 00:00,S1_LX_TP1,2870.732,3.5,9997.5785,49.98,0.50,106.33,1.06,-15.28,-0.15,2335.86,23.36
787,Entry long,2025-02-07 05:00,S1_LE,2856.451,3.5,9997.5785,49.98,0.50,106.33,1.06,-15.28,-0.15,2335.86,23.36
788,Exit long,2025-02-11 08:00,S1_LX_TP2,2917.668,3.4,9749.4592,170.61,1.75,183.84,1.89,-6.56,-0.07,2506.47,25.06
788,Entry long,2025-02-10 08:00,S1_LE,2867.488,3.4,9749.4592,170.61,1.75,183.84,1.89,-6.56,-0.07,2506.47,25.06
789,Exit long,2025-02-12 08:30,S1_SL,2892.295,3.4,9883.2254,-49.42,-0.50,1.76,0.02,-49.42,-0.50,2457.05,24.57
789,Entry long,2025-02-12 00:30,S1_LE,2906.831,3.4,9883.2254,-49.42,-0.50,1.76,0.02,-49.42,-0.50,2457.05,24.57
790,Exit long,2025-02-12 21:00,S1_SL,2878.293,3.4,9835.3772,-49.18,-0.50,4.29,0.04,-49.18,-0.50,2407.87,24.08
790,Entry long,2025-02-12 16:00,S1_LE,2892.758,3.4,9835.3772,-49.18,-0.50,4.29,0.04,-49.18,-0.50,2407.87,24.08
791,Exit long,2025-02-13 16:30,S1_LX_TP1,2910.118,3.4,9845.1794,49.22,0.50,92.37,0.94,-32.1,-0.33,2457.09,24.57
791,Entry long,2025-02-12 22:30,S1_LE,2895.641,3.4,9845.1794,49.22,0.50,92.37,0.94,-32.1,-0.33,2457.09,24.57
792,Exit long,2025-02-14 16:30,S1_LX_TP1,2934.786,3.4,9928.6358,49.64,0.50,62.57,0.63,-24.83,-0.25,2506.72,25.07
792,Entry long,2025-02-14 00:00,S1_LE,2920.187,3.4,9928.6358,49.64,0.50,62.57,0.63,-24.83,-0.25,2506.72,25.07
793,Exit long,2025-02-18 13:00,S1_LX_TP1,2910.027,3.4,9844.8734,49.22,0.50,52.53,0.53,-25.15,-0.26,2555.94,25.56
793,Entry long,2025-02-17 10:00,S1_LE,2895.551,3.4,9844.8734,49.22,0.50,52.53,0.53,-25.15,-0.26,2555.94,25.56
794,Exit long,2025-02-20 02:00,S1_SL,2920.295,3.4,9978.9014,-49.9,-0.50,40.86,0.41,-49.9,-0.50,2506.04,25.06
794,Entry long,2025-02-19 14:30,S1_LE,2934.971,3.4,9978.9014,-49.9,-0.50,40.86,0.41,-49.9,-0.50,2506.04,25.06
795,Exit long,2025-02-20 17:30,S1_LX_TP1,2950.559,3.4,9981.9954,49.91,0.50,64.81,0.65,-13.13,-0.13,2555.95,25.56
795,Entry long,2025-02-20 05:00,S1_LE,2935.881,3.4,9981.9954,49.91,0.50,64.81,0.65,-13.13,-0.13,2555.95,25.56
796,Exit long,2025-02-21 13:00,S1_SL,2925.658,3.4,9997.2274,-49.99,-0.50,32.13,0.32,-49.99,-0.50,2505.96,25.06
796,Entry long,2025-02-21 07:30,S1_LE,2940.361,3.4,9997.2274,-49.99,-0.50,32.13,0.32,-49.99,-0.50,2505.96,25.06
797,Exit long,2025-02-24 09:00,S1_SL,2921.147,3.4,9981.8152,-49.92,-0.50,23.87,0.24,-49.92,-0.50,2456.04,24.56
797,Entry long,2025-02-21 19:30,S1_LE,2935.828,3.4,9981.8152,-49.92,-0.50,23.87,0.24,-49.92,-0.50,2456.04,24.56
798,Exit long,2025-02-25 20:30,S1_SL,2926.991,3.3,9707.6133,-48.54,-0.50,47.68,0.49,-48.54,-0.50,2407.5,24.08
798,Entry long,2025-02-24 11:30,S1_LE,2941.701,3.3,9707.6133,-48.54,-0.50,47.68,0.49,-48.54,-0.50,2407.5,24.08
799,Exit long,2025-02-25 23:00,S1_SL,2927.746,3.3,9710.118,-48.56,-0.50,8.15,0.08,-48.56,-0.50,2358.94,23.59
799,Entry long,2025-02-25 22:30,S1_LE,2942.46,3.3,9710.118,-48.56,-0.50,8.15,0.08,-48.56,-0.50,2358.94,23.59
800,Exit long,2025-02-26 22:00,S1_SL,2903.897,3.4,9922.8694,-49.62,-0.50,39.49,0.40,-49.62,-0.50,2309.32,23.09
800,Entry long,2025-02-26 08:00,S1_LE,2918.491,3.4,9922.8694,-49.62,-0.50,39.49,0.40,-49.62,-0.50,2309.32,23.09
801,Exit long,2025-02-27 12:30,S1_SL,2898.499,3.4,9904.4244,-49.53,-0.50,25.95,0.26,-49.53,-0.50,2259.8,22.60
801,Entry long,2025-02-27 01:00,S1_LE,2913.066,3.4,9904.4244,-49.53,-0.50,25.95,0.26,-49.53,-0.50,2259.8,22.60
802,Exit long,2025-02-28 04:30,S1_SL,2872.82,3.4,9816.6772,-49.09,-0.50,1.43,0.01,-49.09,-0.50,2210.71,22.11
802,Entry long,2025-02-28 03:00,S1_LE,2887.258,3.4,9816.6772,-49.09,-0.50,1.43,0.01,-49.09,-0.50,2210.71,22.11
803,Exit long,2025-02-28 11:30,S1_SL,2866.395,3.4,9794.7234,-48.98,-0.50,4.82,0.05,-48.98,-0.50,2161.73,21.62
803,Entry long,2025-02-28 09:30,S1_LE,2880.801,3.4,9794.7234,-48.98,-0.50,4.82,0.05,-48.98,-0.50,2161.73,21.62
804,Exit long,2025-03-03 07:30,S1_LX_TP1,2868.913,3.5,9991.2435,49.95,0.50,77.92,0.78,-5.24,-0.05,2211.68,22.12
804,Entry long,2025-03-01 05:00,S1_LE,2854.641,3.5,9991.2435,49.95,0.50,77.92,0.78,-5.24,-0.05,2211.68,22.12
805,Exit long,2025-03-03 23:30,S1_LX_TP1,2883.837,3.4,9756.2694,48.78,0.50,71.43,0.73,-18.18,-0.19,2260.46,22.60
805,Entry long,2025-03-03 17:30,S1_LE,2869.491,3.4,9756.2694,48.78,0.50,71.43,0.73,-18.18,-0.19,2260.46,22.60
806,Exit long,2025-03-04 16:30,S1_LX_TP1,2913.744,3.4,9857.6914,49.04,0.50,50.15,0.51,-10.76,-0.11,2309.49,23.09
806,Entry long,2025-03-04 15:30,S1_LE,2899.321,3.4,9857.6914,49.04,0.50,50.15,0.51,-10.76,-0.11,2309.49,23.09
807,Exit long,2025-03-05 09:00,S1_SL,2904.016,3.4,9923.2774,-49.62,-0.50,0.13,0.00,-49.62,-0.50,2259.87,22.60
807,Entry long,2025-03-05 04:30,S1_LE,2918.611,3.4,9923.2774,-49.62,-0.50,0.13,0.00,-49.62,-0.50,2259.87,22.60
808,Exit long,2025-03-05 21:30,S1_SL,2904.146,3.4,9923.7194,-49.62,-0.50,12.92,0.13,-49.62,-0.50,2210.25,22.10
808,Entry long,2025-03-05 14:00,S1_LE,2918.741,3.4,9923.7194,-49.62,-0.50,12.92,0.13,-49.62,-0.50,2210.25,22.10
809,Exit long,2025-03-06 16:30,S1_SL,2902.491,3.4,9918.0652,-49.6,-0.50,43.49,0.44,-49.6,-0.50,2160.65,21.61
809,Entry long,2025-03-06 00:00,S1_LE,2917.078,3.4,9918.0652,-49.6,-0.50,43.49,0.44,-49.6,-0.50,2160.65,21.61
810,Exit long,2025-03-07 08:00,S1_SL,2900.574,3.4,9911.5134,-49.56,-0.50,26.04,0.26,-49.56,-0.50,2111.09,21.11
810,Entry long,2025-03-06 23:00,S1_LE,2915.151,3.4,9911.5134,-49.56,-0.50,26.04,0.26,-49.56,-0.50,2111.09,21.11
811,Exit long,2025-03-07 23:00,S1_LX_TP1,2924.053,3.4,9892.3238,49.46,0.50,70.98,0.72,-20.17,-0.20,2160.55,21.61
811,Entry long,2025-03-07 14:00,S1_LE,2909.507,3.4,9892.3238,49.46,0.50,70.98,0.72,-20.17,-0.20,2160.55,21.61
812,Exit long,2025-03-10 16:30,S1_SL,2900.882,3.4,9912.5674,-49.57,-0.50,9.72,0.10,-49.57,-0.50,2110.98,21.11
812,Entry long,2025-03-10 07:30,S1_LE,2915.461,3.4,9912.5674,-49.57,-0.50,9.72,0.10,-49.57,-0.50,2110.98,21.11
813,Exit long,2025-03-11 01:00,S1_SL,2893.484,3.4,9887.2884,-49.44,-0.50,1.34,0.01,-49.44,-0.50,2061.54,20.62
813,Entry long,2025-03-10 23:30,S1_LE,2908.026,3.4,9887.2884,-49.44,-0.50,1.34,0.01,-49.44,-0.50,2061.54,20.62
814,Exit long,2025-03-11 18:30,S1_LX_TP1,2912.496,3.4,9853.2238,49.26,0.50,56.21,0.57,-19.05,-0.19,2110.8,21.11
814,Entry long,2025-03-11 10:30,S1_LE,2898.007,3.4,9853.2238,49.26,0.50,56.21,0.57,-19.05,-0.19,2110.8,21.11
815,Exit long,2025-03-13 00:30,S1_LX_TP1,2933.665,3.4,9924.8414,49.62,0.50,68.28,0.69,-45.27,-0.46,2160.42,21.60
815,Entry long,2025-03-12 11:30,S1_LE,2919.071,3.4,9924.8414,49.62,0.50,68.28,0.69,-45.27,-0.46,2160.42,21.60
816,Exit long,2025-03-14 18:30,S1_LX_TP2,2992.945,3.3,9706.8543,169.86,1.75,209.45,2.16,-9.02,-0.09,2330.28,23.30
816,Entry long,2025-03-13 17:00,S1_LE,2941.471,3.3,9706.8543,169.86,1.75,209.45,2.16,-9.02,-0.09,2330.28,23.30
817,Exit long,2025-03-18 09:30,S1_LX_TP1,3004.095,3.3,9864.1983,49.32,0.50,52.33,0.53,-23.68,-0.24,2379.6,23.80
817,Entry long,2025-03-17 07:00,S1_LE,2989.151,3.3,9864.1983,49.32,0.50,52.33,0.53,-23.68,-0.24,2379.6,23.80
818,Exit long,2025-03-20 08:30,S1_LX_TP1,3051.368,3.2,9715.8048,48.57,0.50,61.86,0.64,-44.4,-0.46,2428.17,24.28
818,Entry long,2025-03-19 12:00,S1_LE,3036.189,3.2,9715.8048,48.57,0.50,61.86,0.64,-44.4,-0.46,2428.17,24.28
819,Exit long,2025-03-21 13:30,S1_SL,3025.506,3.2,9730.2752,-48.66,-0.50,21.76,0.22,-48.66,-0.50,2379.51,23.80
819,Entry long,2025-03-21 00:00,S1_LE,3040.711,3.2,9730.2752,-48.66,-0.50,21.76,0.22,-48.66,-0.50,2379.51,23.80
820,Exit long,2025-03-24 22:30,S1_SL,3008.113,3.3,9976.6623,-49.89,-0.50,33.29,0.33,-49.89,-0.50,2329.62,23.30
820,Entry long,2025-03-22 04:30,S1_LE,3023.231,3.3,9976.6623,-49.89,-0.50,33.29,0.33,-49.89,-0.50,2329.62,23.30
821,Exit long,2025-03-26 16:00,S1_LX_TP1,3029.22,3.3,9946.6983,49.73,0.50,72.46,0.73,-22.56,-0.23,2379.35,23.79
821,Entry long,2025-03-25 09:00,S1_LE,3014.151,3.3,9946.6983,49.73,0.50,72.46,0.73,-22.56,-0.23,2379.35,23.79
822,Exit long,2025-03-31 10:00,S1_LX_TP1,3093.972,3.2,9851.4592,49.25,0.50,61.5,0.62,-36.69,-0.37,2428.6,24.29
822,Entry long,2025-03-28 19:30,S1_LE,3078.581,3.2,9851.4592,49.25,0.50,61.5,0.62,-36.69,-0.37,2428.6,24.29
823,Exit long,2025-04-03 04:00,S1_SL,3105.962,3.2,9989.0272,-49.95,-0.50,45.34,0.45,-49.95,-0.50,2378.65,23.79
823,Entry long,2025-04-02 08:30,S1_LE,3121.571,3.2,9989.0272,-49.95,-0.50,45.34,0.45,-49.95,-0.50,2378.65,23.79
824,Exit long,2025-04-03 06:00,S1_SL,3123.125,3.1,9730.3451,-48.66,-0.50,30.13,0.31,-48.66,-0.50,2330,23.30
824,Entry long,2025-04-03 04:30,S1_LE,3138.821,3.1,9730.3451,-48.66,-0.50,30.13,0.31,-48.66,-0.50,2330,23.30
825,Exit long,2025-04-03 23:30,S1_SL,3106.304,3.1,9698.8119,-69.27,-0.71,2.45,0.03,-77.48,-0.80,2260.73,22.61
825,Entry long,2025-04-03 23:00,S1_LE,3128.649,3.1,9698.8119,-69.27,-0.71,2.45,0.03,-77.48,-0.80,2260.73,22.61
826,Exit long,2025-04-04 10:30,S1_SL,3098.211,3.2,9964.0992,-49.82,-0.50,1.88,0.02,-49.82,-0.50,2210.9,22.11
826,Entry long,2025-04-04 09:30,S1_LE,3113.781,3.2,9964.0992,-49.82,-0.50,1.88,0.02,-49.82,-0.50,2210.9,22.11
827,Exit long,2025-04-04 19:30,S1_LX_TP1,3125.745,3.2,9952.6272,49.76,0.50,85.23,0.86,-4.23,-0.04,2260.66,22.61
827,Entry long,2025-04-04 19:00,S1_LE,3110.196,3.2,9952.6272,49.76,0.50,85.23,0.86,-4.23,-0.04,2260.66,22.61
828,Exit long,2025-04-07 11:00,S1_SL,3023.168,3.2,9722.7552,-48.62,-0.50,55.48,0.57,-48.62,-0.50,2212.04,22.12
828,Entry long,2025-04-07 10:00,S1_LE,3038.361,3.2,9722.7552,-48.62,-0.50,55.48,0.57,-48.62,-0.50,2212.04,22.12
829,Exit long,2025-04-08 14:00,S1_LX_TP1,3003.955,3.3,9863.7363,49.32,0.50,63.42,0.64,-20.63,-0.21,2261.36,22.61
829,Entry long,2025-04-08 08:30,S1_LE,2989.011,3.3,9863.7363,49.32,0.50,63.42,0.64,-20.63,-0.21,2261.36,22.61
830,Exit long,2025-04-09 20:00,S1_LX_TP2,3061.25,3.3,9928.3833,173.74,1.75,212.6,2.14,-32.69,-0.33,2435.1,24.35
830,Entry long,2025-04-09 10:00,S1_LE,3008.601,3.3,9928.3833,173.74,1.75,212.6,2.14,-32.69,-0.33,2435.1,24.35
831,Exit long,2025-04-14 06:00,S1_LX_TP2,3219.394,3.2,9981.4688,320.59,3.21,403.97,4.05,-19.85,-0.20,2755.69,27.56
831,Entry long,2025-04-10 18:30,S1_LE,3119.209,3.2,9981.4688,320.59,3.21,403.97,4.05,-19.85,-0.20,2755.69,27.56
832,Exit long,2025-04-14 13:00,S1_SL,3223.372,3,9718.713,-48.6,-0.50,18.48,0.19,-48.6,-0.50,2707.09,27.07
832,Entry long,2025-04-14 10:00,S1_LE,3239.571,3,9718.713,-48.6,-0.50,18.48,0.19,-48.6,-0.50,2707.09,27.07
833,Exit long,2025-04-15 12:30,S1_LX_TP1,3228.642,3.1,9959.0011,49.79,0.50,54.65,0.55,-16.82,-0.17,2756.88,27.57
833,Entry long,2025-04-15 04:00,S1_LE,3212.581,3.1,9959.0011,49.79,0.50,54.65,0.55,-16.82,-0.17,2756.88,27.57
834,Exit long,2025-04-21 10:00,S1_LX_TP2,3377.153,3,9957.213,174.25,1.75,178.11,1.79,-24.92,-0.25,2931.13,29.31
834,Entry long,2025-04-18 02:30,S1_LE,3319.071,3,9957.213,174.25,1.75,178.11,1.79,-24.92,-0.25,2931.13,29.31
835,Exit long,2025-04-23 21:00,S1_SL,3310.799,3,9988.452,-56.05,-0.56,0.17,0.00,-57.24,-0.57,2875.07,28.75
835,Entry long,2025-04-23 20:30,S1_LE,3329.484,3,9988.452,-56.05,-0.56,0.17,0.00,-57.24,-0.57,2875.07,28.75
836,Exit long,2025-04-24 11:00,S1_LX_TP1,3327.404,3,9932.553,49.66,0.50,170.05,1.71,-10.13,-0.10,2924.73,29.25
836,Entry long,2025-04-24 06:30,S1_LE,3310.851,3,9932.553,49.66,0.50,170.05,1.71,-10.13,-0.10,2924.73,29.25
837,Exit long,2025-04-25 07:00,S1_LX_TP1,3353.416,2.9,9676.5286,48.38,0.50,98.77,1.02,-11.8,-0.12,2973.11,29.73
837,Entry long,2025-04-25 01:30,S1_LE,3336.734,2.9,9676.5286,48.38,0.50,98.77,1.02,-11.8,-0.12,2973.11,29.73
838,Exit long,2025-04-28 06:30,S1_LX_TP1,3309.881,3,9880.245,49.4,0.50,132.41,1.34,-17.25,-0.17,3022.51,30.23
838,Entry long,2025-04-26 02:30,S1_LE,3293.415,3,9880.245,49.4,0.50,132.41,1.34,-17.25,-0.17,3022.51,30.23
839,Exit long,2025-04-29 02:30,S1_LX_TP2,3347.673,3,9870.294,172.73,1.75,179.8,1.82,-10.09,-0.10,3195.23,31.95
839,Entry long,2025-04-28 19:30,S1_LE,3290.098,3,9870.294,172.73,1.75,179.8,1.82,-10.09,-0.10,3195.23,31.95
840,Exit long,2025-04-29 22:00,S1_SL,3300.763,3,9952.053,-49.76,-0.50,11.7,0.12,-53.72,-0.54,3145.47,31.45
840,Entry long,2025-04-29 21:30,S1_LE,3317.351,3,9952.053,-49.76,-0.50,11.7,0.12,-53.72,-0.54,3145.47,31.45
841,Exit long,2025-04-30 12:00,S1_SL,3302.812,3,9958.233,-49.8,-0.50,31.89,0.32,-49.8,-0.50,3095.67,30.96
841,Entry long,2025-04-30 00:30,S1_LE,3319.411,3,9958.233,-49.8,-0.50,31.89,0.32,-49.8,-0.50,3095.67,30.96
842,Exit long,2025-05-01 04:30,S1_SL,3288.027,3,9913.653,-49.57,-0.50,45.9,0.46,-49.57,-0.50,3046.1,30.46
842,Entry long,2025-04-30 21:30,S1_LE,3304.551,3,9913.653,-49.57,-0.50,45.9,0.46,-49.57,-0.50,3046.1,30.46
843,Exit long,2025-05-02 08:30,S1_LX_TP1,3239.959,3.1,9993.9071,49.97,0.50,63.14,0.63,-0.67,-0.01,3096.07,30.96
843,Entry long,2025-05-02 03:00,S1_LE,3223.841,3.1,9993.9071,49.97,0.50,63.14,0.63,-0.67,-0.01,3096.07,30.96
844,Exit long,2025-05-05 10:00,S1_LX_TP1,3260.461,3,9732.723,48.66,0.50,80.31,0.83,-10.07,-0.10,3144.73,31.45
844,Entry long,2025-05-05 07:30,S1_LE,3244.241,3,9732.723,48.66,0.50,80.31,0.83,-10.07,-0.10,3144.73,31.45
845,Exit long,2025-05-07 17:00,S1_SL,3375.467,2.9,9838.0499,-49.2,-0.50,14.35,0.15,-49.2,-0.50,3095.53,30.96
845,Entry long,2025-05-07 15:00,S1_LE,3392.431,2.9,9838.0499,-49.2,-0.50,14.35,0.15,-49.2,-0.50,3095.53,30.96
846,Exit long,2025-05-08 03:00,S1_SL,3370.405,2.9,9823.2947,-49.12,-0.50,10.38,0.11,-49.12,-0.50,3046.41,30.46
846,Entry long,2025-05-08 02:30,S1_LE,3387.343,2.9,9823.2947,-49.12,-0.50,10.38,0.11,-49.12,-0.50,3046.41,30.46
847,Exit long,2025-05-08 11:00,S1_LX_TP1,3397.365,2.9,9803.3456,49.01,0.50,99.3,1.01,-4.78,-0.05,3095.42,30.95
847,Entry long,2025-05-08 09:00,S1_LE,3380.464,2.9,9803.3456,49.01,0.50,99.3,1.01,-4.78,-0.05,3095.42,30.95
848,Exit long,2025-05-08 23:00,S1_SL,3344.075,2.9,9746.5549,-48.74,-0.50,24.88,0.26,-48.74,-0.50,3046.69,30.47
848,Entry long,2025-05-08 21:30,S1_LE,3360.881,2.9,9746.5549,-48.74,-0.50,24.88,0.26,-48.74,-0.50,3046.69,30.47
849,Exit long,2025-05-09 09:30,S1_SL,3302.349,3,9966.363,-59.32,-0.60,1.56,0.02,-73.58,-0.74,2987.37,29.87
849,Entry long,2025-05-09 09:00,S1_LE,3322.121,3,9966.363,-59.32,-0.60,1.56,0.02,-73.58,-0.74,2987.37,29.87
850,Exit long,2025-05-09 19:30,S1_LX_TP1,3331.075,3,9943.512,49.71,0.50,71.75,0.72,-5.67,-0.06,3037.08,30.37
850,Entry long,2025-05-09 12:30,S1_LE,3314.504,3,9943.512,49.71,0.50,71.75,0.72,-5.67,-0.06,3037.08,30.37
851,Exit long,2025-05-13 00:00,S1_SL,3226.808,3,9729.075,-48.65,-0.50,14.36,0.15,-48.65,-0.50,2988.43,29.88
851,Entry long,2025-05-12 22:30,S1_LE,3243.025,3,9729.075,-48.65,-0.50,14.36,0.15,-48.65,-0.50,2988.43,29.88
852,Exit long,2025-05-13 09:30,S1_SL,3221.601,3,9713.373,-48.57,-0.50,16.86,0.17,-48.57,-0.50,2939.86,29.40
852,Entry long,2025-05-13 03:30,S1_LE,3237.791,3,9713.373,-48.57,-0.50,16.86,0.17,-48.57,-0.50,2939.86,29.40
853,Exit long,2025-05-14 09:30,S1_SL,3237.341,3,9760.833,-48.81,-0.50,10.41,0.11,-48.81,-0.50,2891.05,28.91
853,Entry long,2025-05-14 00:30,S1_LE,3253.611,3,9760.833,-48.81,-0.50,10.41,0.11,-48.81,-0.50,2891.05,28.91
854,Exit long,2025-05-15 10:00,S1_SL,3167.98,3.1,9870.0931,-49.36,-0.50,27.37,0.28,-49.36,-0.50,2841.7,28.42
854,Entry long,2025-05-15 07:30,S1_LE,3183.901,3.1,9870.0931,-49.36,-0.50,27.37,0.28,-49.36,-0.50,2841.7,28.42
855,Exit long,2025-05-15 20:30,S1_LX_TP1,3181.684,3.1,9814.1536,49.07,0.50,62.94,0.64,-6.54,-0.07,2890.77,28.91
855,Entry long,2025-05-15 17:30,S1_LE,3165.856,3.1,9814.1536,49.07,0.50,62.94,0.64,-6.54,-0.07,2890.77,28.91
856,Exit long,2025-05-19 08:30,S1_LX_TP2,3245.245,3.1,9887.2361,173.02,1.75,187.24,1.89,-15.3,-0.15,3063.79,30.64
856,Entry long,2025-05-17 02:00,S1_LE,3189.431,3.1,9887.2361,173.02,1.75,187.24,1.89,-15.3,-0.15,3063.79,30.64
857,Exit long,2025-05-20 08:30,S1_SL,3215.994,3,9696.468,-48.49,-0.50,49.3,0.51,-48.49,-0.50,3015.3,30.15
857,Entry long,2025-05-19 16:00,S1_LE,3232.156,3,9696.468,-48.49,-0.50,49.3,0.51,-48.49,-0.50,3015.3,30.15
858,Exit long,2025-05-20 19:30,S1_LX_TP1,3238.994,3.1,9990.9311,49.95,0.50,58.37,0.58,-14.95,-0.15,3065.25,30.65
858,Entry long,2025-05-20 16:00,S1_LE,3222.881,3.1,9990.9311,49.95,0.50,58.37,0.58,-14.95,-0.15,3065.25,30.65
859,Exit long,2025-05-22 13:30,S1_LX_TP1,3328.439,3,9935.643,49.67,0.50,100.56,1.01,-28.28,-0.28,3114.93,31.15
859,Entry long,2025-05-22 00:00,S1_LE,3311.881,3,9935.643,49.67,0.50,100.56,1.01,-28.28,-0.28,3114.93,31.15
860,Exit long,2025-05-23 23:00,S1_LX_TP2,3356.997,3,9897.783,173.21,1.75,196.26,1.98,-37.49,-0.38,3288.13,32.88
860,Entry long,2025-05-23 07:30,S1_LE,3299.261,3,9897.783,173.21,1.75,196.26,1.98,-37.49,-0.38,3288.13,32.88
861,Exit long,2025-05-27 13:30,S1_SL,3321.698,2.9,9681.3339,-48.41,-0.50,33.75,0.35,-48.41,-0.50,3239.72,32.40
861,Entry long,2025-05-26 22:00,S1_LE,3338.391,2.9,9681.3339,-48.41,-0.50,33.75,0.35,-48.41,-0.50,3239.72,32.40
862,Exit long,2025-05-28 18:30,S1_LX_TP1,3314.218,3,9893.193,49.46,0.50,83.34,0.84,-19,-0.19,3289.19,32.89
862,Entry long,2025-05-28 01:00,S1_LE,3297.731,3,9893.193,49.46,0.50,83.34,0.84,-19,-0.19,3289.19,32.89
863,Exit long,2025-05-30 21:30,S1_SL,3285.022,3,9904.593,-49.53,-0.50,20.52,0.21,-49.53,-0.50,3239.66,32.40
863,Entry long,2025-05-30 20:30,S1_LE,3301.531,3,9904.593,-49.53,-0.50,20.52,0.21,-49.53,-0.50,3239.66,32.40
864,Exit long,2025-06-02 07:30,S1_LX_TP1,3310.942,3,9883.413,49.41,0.50,66.66,0.67,-18.36,-0.19,3289.07,32.89
864,Entry long,2025-05-31 02:30,S1_LE,3294.471,3,9883.413,49.41,0.50,66.66,0.67,-18.36,-0.19,3289.07,32.89
865,Exit long,2025-06-04 10:00,S1_LX_TP1,3370.521,2.9,9725.8866,48.62,0.50,54.74,0.56,-21.92,-0.23,3337.7,33.38
865,Entry long,2025-06-04 04:30,S1_LE,3353.754,2.9,9725.8866,48.62,0.50,54.74,0.56,-21.92,-0.23,3337.7,33.38
866,Exit long,2025-06-04 19:00,S1_SL,3345.859,2.9,9751.7546,-48.76,-0.50,6.77,0.07,-48.76,-0.50,3288.93,32.89
866,Entry long,2025-06-04 17:00,S1_LE,3362.674,2.9,9751.7546,-48.76,-0.50,6.77,0.07,-48.76,-0.50,3288.93,32.89
867,Exit long,2025-06-04 23:00,S1_LX_TP1,3374.93,2.9,9738.6089,48.69,0.50,77.08,0.79,-21.83,-0.22,3337.62,33.38
867,Entry long,2025-06-04 21:30,S1_LE,3358.141,2.9,9738.6089,48.69,0.50,77.08,0.79,-21.83,-0.22,3337.62,33.38
868,Exit long,2025-06-05 19:30,S1_LX_TP1,3392.015,2.9,9787.9089,48.93,0.50,82.07,0.84,-3.82,-0.04,3386.56,33.87
868,Entry long,2025-06-05 17:00,S1_LE,3375.141,2.9,9787.9089,48.93,0.50,82.07,0.84,-3.82,-0.04,3386.56,33.87
869,Exit long,2025-06-06 20:30,S1_SL,3345.05,2.9,9749.3969,-48.75,-0.50,39.96,0.41,-48.75,-0.50,3337.8,33.38
869,Entry long,2025-06-06 08:00,S1_LE,3361.861,2.9,9749.3969,-48.75,-0.50,39.96,0.41,-48.75,-0.50,3337.8,33.38
870,Exit long,2025-06-09 23:30,S1_LX_TP1,3328.112,3,9934.668,49.67,0.50,61.72,0.62,-6.62,-0.07,3387.47,33.87
870,Entry long,2025-06-09 13:00,S1_LE,3311.556,3,9934.668,49.67,0.50,61.72,0.62,-6.62,-0.07,3387.47,33.87
871,Exit long,2025-06-10 21:30,S1_LX_TP1,3342.579,3,9977.853,49.88,0.50,69.66,0.70,-6.53,-0.07,3437.36,34.37
871,Entry long,2025-06-10 14:30,S1_LE,3325.951,3,9977.853,49.88,0.50,69.66,0.70,-6.53,-0.07,3437.36,34.37
872,Exit long,2025-06-12 15:30,S1_LX_TP1,3347.517,3,9992.592,49.96,0.50,141.02,1.41,-34.63,-0.35,3487.31,34.87
872,Entry long,2025-06-11 08:30,S1_LE,3330.864,3,9992.592,49.96,0.50,141.02,1.41,-34.63,-0.35,3487.31,34.87
873,Exit long,2025-06-13 11:00,S1_LX_TP2,3438.488,2.9,9800.1179,171.5,1.75,188.9,1.93,-18.57,-0.19,3658.81,36.59
873,Entry long,2025-06-12 18:30,S1_LE,3379.351,2.9,9800.1179,171.5,1.75,188.9,1.93,-18.57,-0.19,3658.81,36.59
874,Exit long,2025-06-17 11:00,S1_SL,3385.845,2.9,9868.2969,-49.35,-0.50,1.48,0.01,-49.35,-0.50,3609.47,36.09
874,Entry long,2025-06-17 08:00,S1_LE,3402.861,2.9,9868.2969,-49.35,-0.50,1.48,0.01,-49.35,-0.50,3609.47,36.09
875,Exit long,2025-06-17 17:00,S1_SL,3376.98,2.9,9842.4579,-49.22,-0.50,4.7,0.05,-49.22,-0.50,3560.25,35.60
875,Entry long,2025-06-17 13:00,S1_LE,3393.951,2.9,9842.4579,-49.22,-0.50,4.7,0.05,-49.22,-0.50,3560.25,35.60
876,Exit long,2025-06-17 22:00,S1_SL,3381.248,2.9,9854.8989,-49.28,-0.50,5.8,0.06,-49.28,-0.50,3510.97,35.11
876,Entry long,2025-06-17 19:00,S1_LE,3398.241,2.9,9854.8989,-49.28,-0.50,5.8,0.06,-49.28,-0.50,3510.97,35.11
877,Exit long,2025-06-18 10:00,S1_SL,3373.378,2.9,9831.9599,-49.16,-0.50,17.43,0.18,-49.16,-0.50,3461.81,34.62
877,Entry long,2025-06-18 02:00,S1_LE,3390.331,2.9,9831.9599,-49.16,-0.50,17.43,0.18,-49.16,-0.50,3461.81,34.62
878,Exit long,2025-06-18 22:00,S1_SL,3374.104,2.9,9834.0769,-49.18,-0.50,26.04,0.26,-49.18,-0.50,3412.63,34.13
878,Entry long,2025-06-18 12:00,S1_LE,3391.061,2.9,9834.0769,-49.18,-0.50,26.04,0.26,-49.18,-0.50,3412.63,34.13
879,Exit long,2025-06-20 09:00,S1_SL,3359.169,2.9,9790.5479,-48.96,-0.50,8.76,0.09,-48.96,-0.50,3363.67,33.64
879,Entry long,2025-06-19 18:30,S1_LE,3376.051,2.9,9790.5479,-48.96,-0.50,8.76,0.09,-48.96,-0.50,3363.67,33.64
880,Exit long,2025-06-23 06:30,S1_LX_TP1,3372.086,2.9,9730.4019,48.65,0.50,124.81,1.28,-39.43,-0.41,3412.32,34.12
880,Entry long,2025-06-20 18:00,S1_LE,3355.311,2.9,9730.4019,48.65,0.50,124.81,1.28,-39.43,-0.41,3412.32,34.12
881,Exit long,2025-06-24 00:30,S1_LX_TP1,3381.814,2.9,9758.4739,48.79,0.50,82.85,0.85,-26.96,-0.28,3461.11,34.61
881,Entry long,2025-06-23 17:30,S1_LE,3364.991,2.9,9758.4739,48.79,0.50,82.85,0.85,-26.96,-0.28,3461.11,34.61
882,Exit long,2025-06-26 08:00,S1_LX_TP1,3337.176,3,9961.725,49.8,0.50,58.85,0.59,-26.61,-0.27,3510.91,35.11
882,Entry long,2025-06-25 01:30,S1_LE,3320.575,3,9961.725,49.8,0.50,58.85,0.59,-26.61,-0.27,3510.91,35.11
883,Exit long,2025-06-27 08:00,S1_SL,3315.815,3,9997.437,-49.99,-0.50,7.23,0.07,-49.99,-0.50,3460.92,34.61
883,Entry long,2025-06-27 02:00,S1_LE,3332.479,3,9997.437,-49.99,-0.50,7.23,0.07,-49.99,-0.50,3460.92,34.61
884,Exit long,2025-06-30 14:30,S1_LX_TP1,3290.339,3,9821.913,49.1,0.50,53.4,0.54,-1.4,-0.01,3510.02,35.10
884,Entry long,2025-06-30 10:00,S1_LE,3273.971,3,9821.913,49.1,0.50,53.4,0.54,-1.4,-0.01,3510.02,35.10
885,Exit long,2025-07-03 04:30,S1_LX_TP1,3356.549,2.9,9685.5679,48.42,0.50,58.75,0.61,-36.47,-0.38,3558.45,35.58
885,Entry long,2025-07-02 12:00,S1_LE,3339.851,2.9,9685.5679,48.42,0.50,58.75,0.61,-36.47,-0.38,3558.45,35.58
886,Exit long,2025-07-03 20:30,S1_SL,3342.593,2.9,9742.2339,-48.71,-0.50,12.55,0.13,-48.71,-0.50,3509.73,35.10
886,Entry long,2025-07-03 14:00,S1_LE,3359.391,2.9,9742.2339,-48.71,-0.50,12.55,0.13,-48.71,-0.50,3509.73,35.10
887,Exit long,2025-07-07 09:00,S1_SL,3313.927,3,9991.743,-49.96,-0.50,43.53,0.44,-49.96,-0.50,3459.77,34.60
887,Entry long,2025-07-04 07:30,S1_LE,3330.581,3,9991.743,-49.96,-0.50,43.53,0.44,-49.96,-0.50,3459.77,34.60
888,Exit long,2025-07-08 12:30,S1_LX_TP1,3328.152,3,9934.788,49.67,0.50,102.55,1.03,-16.98,-0.17,3509.44,35.09
888,Entry long,2025-07-07 21:30,S1_LE,3311.596,3,9934.788,49.67,0.50,102.55,1.03,-16.98,-0.17,3509.44,35.09
889,Exit long,2025-07-09 10:30,S1_SL,3288.146,3,9914.013,-49.57,-0.50,7.83,0.08,-49.57,-0.50,3459.86,34.60
889,Entry long,2025-07-09 08:30,S1_LE,3304.671,3,9914.013,-49.57,-0.50,7.83,0.08,-49.57,-0.50,3459.86,34.60
890,Exit long,2025-07-10 04:00,S1_LX_TP1,3312.861,3,9889.143,49.44,0.50,61.56,0.62,-14,-0.14,3509.3,35.09
890,Entry long,2025-07-09 21:00,S1_LE,3296.381,3,9889.143,49.44,0.50,61.56,0.62,-14,-0.14,3509.3,35.09
891,Exit long,2025-07-11 14:30,S1_LX_TP1,3340.851,3,9972.693,49.86,0.50,59.4,0.60,-7.94,-0.08,3559.16,35.59
891,Entry long,2025-07-11 03:30,S1_LE,3324.231,3,9972.693,49.86,0.50,59.4,0.60,-7.94,-0.08,3559.16,35.59
892,Exit long,2025-07-14 20:30,S1_SL,3351.939,2.9,9769.4736,-48.85,-0.50,17.91,0.18,-48.85,-0.50,3510.31,35.10
892,Entry long,2025-07-14 15:00,S1_LE,3368.784,2.9,9769.4736,-48.85,-0.50,17.91,0.18,-48.85,-0.50,3510.31,35.10
893,Exit long,2025-07-15 23:30,S1_SL,3330.961,2.9,9708.3329,-48.55,-0.50,54.17,0.56,-48.55,-0.50,3461.77,34.62
893,Entry long,2025-07-15 09:00,S1_LE,3347.701,2.9,9708.3329,-48.55,-0.50,54.17,0.56,-48.55,-0.50,3461.77,34.62
894,Exit long,2025-07-16 23:30,S1_LX_TP1,3347.112,3,9991.383,49.95,0.50,141.06,1.41,-32.89,-0.33,3511.72,35.12
894,Entry long,2025-07-16 09:00,S1_LE,3330.461,3,9991.383,49.95,0.50,141.06,1.41,-32.89,-0.33,3511.72,35.12
895,Exit long,2025-07-18 17:30,S1_LX_TP1,3350.813,2.9,9669.0176,48.34,0.50,59.5,0.62,-9.1,-0.09,3560.06,35.60
895,Entry long,2025-07-17 23:00,S1_LE,3334.144,2.9,9669.0176,48.34,0.50,59.5,0.62,-9.1,-0.09,3560.06,35.60
896,Exit long,2025-07-21 20:00,S1_LX_TP1,3374.739,2.9,9738.0579,48.69,0.50,51.44,0.53,-21.9,-0.22,3608.74,36.09
896,Entry long,2025-07-21 09:30,S1_LE,3357.951,2.9,9738.0579,48.69,0.50,51.44,0.53,-21.9,-0.22,3608.74,36.09
897,Exit long,2025-07-22 22:00,S1_LX_TP1,3408.12,2.9,9834.3814,49.17,0.50,84.43,0.86,-1.28,-0.01,3657.91,36.58
897,Entry long,2025-07-22 20:00,S1_LE,3391.166,2.9,9834.3814,49.17,0.50,84.43,0.86,-1.28,-0.01,3657.91,36.58
898,Exit long,2025-07-23 21:00,S1_SL,3411.267,2.9,9942.3919,-49.72,-0.50,15.72,0.16,-49.72,-0.50,3608.19,36.08
898,Entry long,2025-07-23 17:00,S1_LE,3428.411,2.9,9942.3919,-49.72,-0.50,15.72,0.16,-49.72,-0.50,3608.19,36.08
899,Exit long,2025-07-25 13:30,S1_SL,3356.712,2.9,9783.3849,-48.92,-0.50,5.07,0.05,-48.92,-0.50,3559.27,35.59
899,Entry long,2025-07-24 23:00,S1_LE,3373.581,2.9,9783.3849,-48.92,-0.50,5.07,0.05,-48.92,-0.50,3559.27,35.59
900,Exit long,2025-07-28 06:00,S1_SL,3317.106,2.9,9684.8139,-65.21,-0.67,1.3,0.01,-65.21,-0.67,3494.07,34.94
900,Entry long,2025-07-26 03:30,S1_LE,3339.591,2.9,9684.8139,-65.21,-0.67,1.3,0.01,-65.21,-0.67,3494.07,34.94
901,Exit long,2025-07-28 21:30,S1_SL,3318.706,2.9,9672.6136,-48.37,-0.50,28.9,0.30,-48.37,-0.50,3445.7,34.46
901,Entry long,2025-07-28 09:30,S1_LE,3335.384,2.9,9672.6136,-48.37,-0.50,28.9,0.30,-48.37,-0.50,3445.7,34.46
902,Exit long,2025-07-30 21:30,S1_SL,3302.285,3,9956.643,-49.79,-0.50,45.72,0.46,-49.79,-0.50,3395.91,33.96
902,Entry long,2025-07-29 10:00,S1_LE,3318.881,3,9956.643,-49.79,-0.50,45.72,0.46,-49.79,-0.50,3395.91,33.96
903,Exit long,2025-07-31 16:30,S1_LX_TP1,3310.242,3,9881.325,49.4,0.50,63.23,0.64,-10.56,-0.11,3445.31,34.45
903,Entry long,2025-07-31 10:00,S1_LE,3293.775,3,9881.325,49.4,0.50,63.23,0.64,-10.56,-0.11,3445.31,34.45
904,Exit long,2025-08-01 21:30,S1_LX_TP2,3350.332,3,9878.133,172.86,1.75,185.95,1.88,-23.14,-0.23,3618.18,36.18
904,Entry long,2025-08-01 12:30,S1_LE,3292.711,3,9878.133,172.86,1.75,185.95,1.88,-23.14,-0.23,3618.18,36.18
905,Exit long,2025-08-06 00:00,S1_LX_TP1,3387.046,2.9,9773.5713,48.86,0.50,58.76,0.60,-3.4,-0.03,3667.04,36.67
905,Entry long,2025-08-05 21:30,S1_LE,3370.197,2.9,9773.5713,48.86,0.50,58.76,0.60,-3.4,-0.03,3667.04,36.67
906,Exit long,2025-08-07 16:00,S1_LX_TP1,3388.488,2.9,9777.7299,48.89,0.50,75.08,0.77,-19.53,-0.20,3715.92,37.16
906,Entry long,2025-08-06 22:00,S1_LE,3371.631,2.9,9777.7299,48.89,0.50,75.08,0.77,-19.53,-0.20,3715.92,37.16
907,Exit long,2025-08-08 04:30,S1_LX_TP1,3397.589,2.9,9803.9923,49.02,0.50,61.54,0.63,-17.43,-0.18,3764.94,37.65
907,Entry long,2025-08-07 21:00,S1_LE,3380.687,2.9,9803.9923,49.02,0.50,61.54,0.63,-17.43,-0.18,3764.94,37.65
908,Exit long,2025-08-08 19:00,S1_SL,3380.92,2.9,9853.9419,-49.27,-0.50,18.38,0.19,-49.27,-0.50,3715.67,37.16
908,Entry long,2025-08-08 12:30,S1_LE,3397.911,2.9,9853.9419,-49.27,-0.50,18.38,0.19,-49.27,-0.50,3715.67,37.16
909,Exit long,2025-08-08 22:30,S1_SL,3382.626,2.9,9858.9154,-49.3,-0.50,4.62,0.05,-49.3,-0.50,3666.37,36.66
909,Entry long,2025-08-08 22:00,S1_LE,3399.626,2.9,9858.9154,-49.3,-0.50,4.62,0.05,-49.3,-0.50,3666.37,36.66
910,Exit long,2025-08-12 19:30,S1_SL,3338.417,2.9,9730.0626,-48.65,-0.50,8.63,0.09,-48.65,-0.50,3617.71,36.18
910,Entry long,2025-08-12 02:30,S1_LE,3355.194,2.9,9730.0626,-48.65,-0.50,8.63,0.09,-48.65,-0.50,3617.71,36.18
911,Exit long,2025-08-14 09:00,S1_LX_TP1,3366.569,2.9,9714.4809,48.57,0.50,72.41,0.75,-21.41,-0.22,3666.28,36.66
911,Entry long,2025-08-13 00:00,S1_LE,3349.821,2.9,9714.4809,48.57,0.50,72.41,0.75,-21.41,-0.22,3666.28,36.66
912,Exit long,2025-08-18 13:00,S1_LX_TP1,3356.26,2.9,9684.7356,48.42,0.50,54.71,0.56,-47.06,-0.49,3714.7,37.15
912,Entry long,2025-08-15 10:00,S1_LE,3339.564,2.9,9684.7356,48.42,0.50,54.71,0.56,-47.06,-0.49,3714.7,37.15
913,Exit long,2025-08-20 00:00,S1_SL,3320.429,2.9,9677.6364,-48.39,-0.50,23.88,0.25,-48.39,-0.50,3666.31,36.66
913,Entry long,2025-08-19 08:30,S1_LE,3337.116,2.9,9677.6364,-48.39,-0.50,23.88,0.25,-48.39,-0.50,3666.31,36.66
914,Exit long,2025-08-21 12:00,S1_LX_TP1,3338.704,3,9952.572,63.54,0.64,103.79,1.04,-1.44,-0.01,3729.85,37.30
914,Entry long,2025-08-20 12:00,S1_LE,3317.524,3,9952.572,63.54,0.64,103.79,1.04,-1.44,-0.01,3729.85,37.30
915,Exit long,2025-08-22 20:00,S1_SL,3325.09,2.9,9691.2229,-48.46,-0.50,18.41,0.19,-48.46,-0.50,3681.39,36.81
915,Entry long,2025-08-21 21:00,S1_LE,3341.801,2.9,9691.2229,-48.46,-0.50,18.41,0.19,-48.46,-0.50,3681.39,36.81
916,Exit long,2025-08-26 07:00,S1_LX_TP1,3361.904,2.9,9667.6749,81.85,0.85,130.85,1.35,-0.22,0.00,3763.23,37.63
916,Entry long,2025-08-22 22:00,S1_LE,3333.681,2.9,9667.6749,81.85,0.85,130.85,1.35,-0.22,0.00,3763.23,37.63
917,Exit long,2025-08-28 17:00,S1_LX_TP1,3400.01,2.9,9810.9784,49.05,0.50,53.89,0.55,-46.72,-0.48,3812.28,38.12
917,Entry long,2025-08-26 09:00,S1_LE,3383.096,2.9,9810.9784,49.05,0.50,53.89,0.55,-46.72,-0.48,3812.28,38.12
918,Exit long,2025-09-01 11:00,S1_LX_TP2,3472.381,2.9,9896.7169,173.19,1.75,213.15,2.15,-24.58,-0.25,3985.47,39.85
918,Entry long,2025-08-29 16:30,S1_LE,3412.661,2.9,9896.7169,173.19,1.75,213.15,2.15,-24.58,-0.25,3985.47,39.85
919,Exit long,2025-09-02 09:30,S1_LX_TP1,3492.586,2.8,9730.5908,48.65,0.50,63.18,0.65,-8.58,-0.09,4034.12,40.34
919,Entry long,2025-09-01 22:00,S1_LE,3475.211,2.8,9730.5908,48.65,0.50,63.18,0.65,-8.58,-0.09,4034.12,40.34
920,Exit long,2025-09-03 21:00,S1_LX_TP2,3550.199,2.8,9769.5948,170.96,1.75,174.58,1.79,-1.77,-0.02,4205.08,42.05
920,Entry long,2025-09-02 22:00,S1_LE,3489.141,2.8,9769.5948,170.96,1.75,174.58,1.79,-1.77,-0.02,4205.08,42.05
921,Exit long,2025-09-05 12:00,S1_LX_TP1,3558.229,2.8,9913.7948,49.25,0.50,51.83,0.52,-17.06,-0.17,4254.33,42.54
921,Entry long,2025-09-04 18:30,S1_LE,3540.641,2.8,9913.7948,49.25,0.50,51.83,0.52,-17.06,-0.17,4254.33,42.54
922,Exit long,2025-09-08 16:30,S1_LX_TP1,3612.311,2.7,9704.7207,48.52,0.50,61.77,0.64,-3.23,-0.03,4302.85,43.03
922,Entry long,2025-09-08 14:30,S1_LE,3594.341,2.7,9704.7207,48.52,0.50,61.77,0.64,-3.23,-0.03,4302.85,43.03
923,Exit long,2025-09-10 18:00,S1_LX_TP1,3652.652,2.7,9813.0987,49.06,0.50,58.26,0.59,-2.5,-0.03,4351.91,43.52
923,Entry long,2025-09-10 11:30,S1_LE,3634.481,2.7,9813.0987,49.06,0.50,58.26,0.59,-2.5,-0.03,4351.91,43.52
924,Exit long,2025-09-11 13:30,S1_SL,3627.312,2.7,9842.9607,-49.22,-0.50,9.69,0.10,-49.22,-0.50,4302.69,43.03
924,Entry long,2025-09-11 08:30,S1_LE,3645.541,2.7,9842.9607,-49.22,-0.50,9.69,0.10,-49.22,-0.50,4302.69,43.03
925,Exit long,2025-09-12 10:30,S1_LX_TP1,3648.372,2.7,9801.5994,49.01,0.50,55.83,0.57,-12.22,-0.12,4351.7,43.52
925,Entry long,2025-09-11 22:00,S1_LE,3630.222,2.7,9801.5994,49.01,0.50,55.83,0.57,-12.22,-0.12,4351.7,43.52
926,Exit long,2025-09-15 08:30,S1_SL,3632.874,2.7,9858.0537,-49.29,-0.50,8.58,0.09,-49.29,-0.50,4302.4,43.02
926,Entry long,2025-09-12 19:00,S1_LE,3651.131,2.7,9858.0537,-49.29,-0.50,8.58,0.09,-49.29,-0.50,4302.4,43.02
927,Exit long,2025-09-16 23:30,S1_LX_TP1,3679.818,2.7,9844.0407,91.47,0.93,154.41,1.57,-33.67,-0.34,4393.87,43.94
927,Entry long,2025-09-15 12:00,S1_LE,3645.941,2.7,9844.0407,91.47,0.93,154.41,1.57,-33.67,-0.34,4393.87,43.94
928,Exit long,2025-09-17 10:30,S1_SL,3674.982,2.7,9972.3177,-49.87,-0.50,5.15,0.05,-49.87,-0.50,4344.01,43.44
928,Entry long,2025-09-17 04:30,S1_LE,3693.451,2.7,9972.3177,-49.87,-0.50,5.15,0.05,-49.87,-0.50,4344.01,43.44
929,Exit long,2025-09-18 02:00,S1_SL,3660.266,2.7,9932.3847,-49.67,-0.50,77.78,0.78,-49.67,-0.50,4294.34,42.94
929,Entry long,2025-09-17 21:00,S1_LE,3678.661,2.7,9932.3847,-49.67,-0.50,77.78,0.78,-49.67,-0.50,4294.34,42.94
930,Exit long,2025-09-18 21:30,S1_SL,3647.064,2.7,9896.5584,-49.49,-0.50,20.73,0.21,-49.49,-0.50,4244.85,42.45
930,Entry long,2025-09-18 17:00,S1_LE,3665.392,2.7,9896.5584,-49.49,-0.50,20.73,0.21,-49.49,-0.50,4244.85,42.45
931,Exit long,2025-09-19 23:00,S1_LX_TP1,3665.777,2.7,9848.3607,49.24,0.50,59.07,0.60,-42.13,-0.43,4294.09,42.94
931,Entry long,2025-09-19 09:30,S1_LE,3647.541,2.7,9848.3607,49.24,0.50,59.07,0.60,-42.13,-0.43,4294.09,42.94
932,Exit long,2025-09-23 22:00,S1_LX_TP1,3768.89,2.6,9750.3666,48.75,0.50,106.44,1.09,-3.68,-0.04,4342.84,43.43
932,Entry long,2025-09-23 13:30,S1_LE,3750.141,2.6,9750.3666,48.75,0.50,106.44,1.09,-3.68,-0.04,4342.84,43.43
933,Exit long,2025-09-24 23:30,S1_SL,3749.249,2.6,9797.0366,-48.99,-0.50,29.43,0.30,-48.99,-0.50,4293.85,42.94
933,Entry long,2025-09-24 13:00,S1_LE,3768.091,2.6,9797.0366,-48.99,-0.50,29.43,0.30,-48.99,-0.50,4293.85,42.94
934,Exit long,2025-09-25 21:30,S1_SL,3724.165,2.6,9731.4906,-48.66,-0.50,48.67,0.50,-48.66,-0.50,4245.19,42.45
934,Entry long,2025-09-25 08:00,S1_LE,3742.881,2.6,9731.4906,-48.66,-0.50,48.67,0.50,-48.66,-0.50,4245.19,42.45
935,Exit long,2025-09-27 03:30,S1_LX_TP1,3768.728,2.6,9749.948,48.74,0.50,88.06,0.90,-40.83,-0.42,4293.93,42.94
935,Entry long,2025-09-26 02:30,S1_LE,3749.98,2.6,9749.948,48.74,0.50,88.06,0.90,-40.83,-0.42,4293.93,42.94
936,Exit long,2025-09-29 15:30,S1_LX_TP1,3805.965,2.6,9846.2806,49.23,0.50,85.23,0.87,-50.46,-0.51,4343.16,43.43
936,Entry long,2025-09-29 09:00,S1_LE,3787.031,2.6,9846.2806,49.23,0.50,85.23,0.87,-50.46,-0.51,4343.16,43.43
937,Exit long,2025-10-01 10:30,S1_LX_TP1,3863.054,2.6,9993.9736,49.97,0.50,82.22,0.82,-33.24,-0.33,4393.13,43.93
937,Entry long,2025-09-30 22:30,S1_LE,3843.836,2.6,9993.9736,49.97,0.50,82.22,0.82,-33.24,-0.33,4393.13,43.93
938,Exit long,2025-10-02 20:00,S1_LX_TP1,3885.134,2.5,9664.515,48.32,0.50,65.76,0.68,-10.72,-0.11,4441.45,44.41
938,Entry long,2025-10-02 11:00,S1_LE,3865.806,2.5,9664.515,48.32,0.50,65.76,0.68,-10.72,-0.11,4441.45,44.41
939,Exit long,2025-10-03 21:30,S1_LX_TP1,3876.288,2.5,9642.51,48.21,0.50,68.82,0.71,-48.05,-0.50,4489.66,44.90
939,Entry long,2025-10-03 07:00,S1_LE,3857.004,2.5,9642.51,48.21,0.50,68.82,0.71,-48.05,-0.50,4489.66,44.90
940,Exit long,2025-10-08 09:00,S1_LX_TP1,3986.659,2.5,9917.065,49.58,0.50,81.33,0.82,-13.18,-0.13,4539.24,45.39
940,Entry long,2025-10-07 20:00,S1_LE,3966.826,2.5,9917.065,49.58,0.50,81.33,0.82,-13.18,-0.13,4539.24,45.39
941,Exit long,2025-10-09 21:30,S1_SL,4018.078,2.4,9691.8504,-48.46,-0.50,47.37,0.49,-48.46,-0.50,4490.78,44.91
941,Entry long,2025-10-09 12:30,S1_LE,4038.271,2.4,9691.8504,-48.46,-0.50,47.37,0.49,-48.46,-0.50,4490.78,44.91
942,Exit long,2025-10-10 09:30,S1_SL,3971.651,2.5,9979.0275,-49.9,-0.50,6.82,0.07,-49.9,-0.50,4440.88,44.41
942,Entry long,2025-10-10 08:30,S1_LE,3991.611,2.5,9979.0275,-49.9,-0.50,6.82,0.07,-49.9,-0.50,4440.88,44.41
943,Exit long,2025-10-10 11:00,S1_SL,3964.269,2.5,9960.4775,-49.8,-0.50,6.38,0.06,-49.8,-0.50,4391.07,43.91
943,Entry long,2025-10-10 10:30,S1_LE,3984.191,2.5,9960.4775,-49.8,-0.50,6.38,0.06,-49.8,-0.50,4391.07,43.91
944,Exit long,2025-10-10 23:30,S1_LX_TP1,4006.412,2.5,9966.2025,49.83,0.50,91.05,0.91,-40.23,-0.40,4440.9,44.41
944,Entry long,2025-10-10 16:30,S1_LE,3986.481,2.5,9966.2025,49.83,0.50,91.05,0.91,-40.23,-0.40,4440.9,44.41
945,Exit long,2025-10-15 08:00,S1_LX_TP1,4158.669,2.4,9931.1544,49.65,0.50,70.25,0.71,-25.02,-0.25,4490.55,44.91
945,Entry long,2025-10-14 23:30,S1_LE,4137.981,2.4,9931.1544,49.65,0.50,70.25,0.71,-25.02,-0.25,4490.55,44.91
946,Exit long,2025-10-20 07:30,S1_SL,4238.102,2.3,9796.6223,-48.99,-0.50,6.39,0.07,-48.99,-0.50,4441.56,44.42
946,Entry long,2025-10-20 06:30,S1_LE,4259.401,2.3,9796.6223,-48.99,-0.50,6.39,0.07,-48.99,-0.50,4441.56,44.42
947,Exit long,2025-10-21 09:30,S1_LX_TP2,4345.947,2.3,9798.8993,196.78,2.01,278.51,2.84,-34.4,-0.35,4638.34,46.38
947,Entry long,2025-10-20 16:30,S1_LE,4260.391,2.3,9798.8993,196.78,2.01,278.51,2.84,-34.4,-0.35,4638.34,46.38
948,Exit long,2025-10-22 13:30,S1_LX_TP1,4134.941,2.4,9874.4904,49.37,0.50,78.31,0.79,-18.49,-0.19,4687.71,46.88
948,Entry long,2025-10-22 11:00,S1_LE,4114.371,2.4,9874.4904,49.37,0.50,78.31,0.79,-18.49,-0.19,4687.71,46.88
949,Exit long,2025-10-23 04:00,S1_LX_TP1,4090.4,2.4,9768.1224,48.84,0.50,104.35,1.07,-8.73,-0.09,4736.55,47.37
949,Entry long,2025-10-23 02:00,S1_LE,4070.051,2.4,9768.1224,48.84,0.50,104.35,1.07,-8.73,-0.09,4736.55,47.37
950,Exit long,2025-10-23 14:30,S1_LX_TP1,4115.777,2.4,9828.7248,49.14,0.50,102.27,1.04,-38,-0.39,4785.69,47.86
950,Entry long,2025-10-23 11:30,S1_LE,4095.302,2.4,9828.7248,49.14,0.50,102.27,1.04,-38,-0.39,4785.69,47.86
951,Exit long,2025-10-24 10:00,S1_SL,4115.777,2.4,9927.5064,-49.64,-0.50,2.49,0.03,-59.15,-0.60,4736.05,47.36
951,Entry long,2025-10-24 09:30,S1_LE,4136.461,2.4,9927.5064,-49.64,-0.50,2.49,0.03,-59.15,-0.60,4736.05,47.36
952,Exit long,2025-10-25 00:30,S1_LX_TP1,4134.587,2.4,9873.6432,49.37,0.50,59.98,0.61,-39.7,-0.40,4785.41,47.85
952,Entry long,2025-10-24 21:30,S1_LE,4114.018,2.4,9873.6432,49.37,0.50,59.98,0.61,-39.7,-0.40,4785.41,47.85
953,Exit long,2025-10-28 10:30,S1_SL,3986.696,2.4,9616.1544,-48.08,-0.50,31.17,0.32,-48.08,-0.50,4737.33,47.37
953,Entry long,2025-10-28 09:00,S1_LE,4006.731,2.4,9616.1544,-48.08,-0.50,31.17,0.32,-48.08,-0.50,4737.33,47.37
954,Exit long,2025-10-29 06:00,S1_SL,3930.011,2.5,9874.4025,-49.37,-0.50,51.65,0.52,-49.37,-0.50,4687.95,46.88
954,Entry long,2025-10-28 22:30,S1_LE,3949.761,2.5,9874.4025,-49.37,-0.50,51.65,0.52,-49.37,-0.50,4687.95,46.88
955,Exit long,2025-10-29 10:30,S1_SL,3944.747,2.5,9911.4275,-49.56,-0.50,44.31,0.45,-49.56,-0.50,4638.39,46.38
955,Entry long,2025-10-29 08:00,S1_LE,3964.571,2.5,9911.4275,-49.56,-0.50,44.31,0.45,-49.56,-0.50,4638.39,46.38
956,Exit long,2025-10-30 13:30,S1_SL,3950.347,2.5,9930.6775,-54.81,-0.55,15,0.15,-59.44,-0.60,4583.58,45.84
956,Entry long,2025-10-30 13:00,S1_LE,3972.271,2.5,9930.6775,-54.81,-0.55,15,0.15,-59.44,-0.60,4583.58,45.84
957,Exit long,2025-10-31 17:00,S1_SL,4002.795,2.4,9654.9864,-48.28,-0.50,9.35,0.10,-48.28,-0.50,4535.3,45.35
957,Entry long,2025-10-31 15:30,S1_LE,4022.911,2.4,9654.9864,-48.28,-0.50,9.35,0.10,-48.28,-0.50,4535.3,45.35
958,Exit long,2025-11-01 00:00,S1_SL,3998.913,2.4,9645.624,-48.23,-0.50,41.35,0.43,-48.23,-0.50,4487.07,44.87
958,Entry long,2025-10-31 20:30,S1_LE,4019.01,2.4,9645.624,-48.23,-0.50,41.35,0.43,-48.23,-0.50,4487.07,44.87
959,Exit long,2025-11-03 16:00,S1_LX_TP1,4023.949,2.4,9609.4344,48.04,0.50,57.89,0.60,-15.48,-0.16,4535.11,45.35
959,Entry long,2025-11-03 11:00,S1_LE,4003.931,2.4,9609.4344,48.04,0.50,57.89,0.60,-15.48,-0.16,4535.11,45.35
960,Exit long,2025-11-04 07:00,S1_SL,3994.148,2.4,9634.1304,-48.18,-0.50,39.15,0.41,-48.18,-0.50,4486.94,44.87
960,Entry long,2025-11-03 21:30,S1_LE,4014.221,2.4,9634.1304,-48.18,-0.50,39.15,0.41,-48.18,-0.50,4486.94,44.87
961,Exit long,2025-11-04 21:30,S1_SL,3973.693,2.5,9984.1575,-49.92,-0.50,17.52,0.18,-49.92,-0.50,4437.01,44.37
961,Entry long,2025-11-04 16:00,S1_LE,3993.663,2.5,9984.1575,-49.92,-0.50,17.52,0.18,-49.92,-0.50,4437.01,44.37
962,Exit long,2025-11-05 13:30,S1_LX_TP1,3972.775,2.5,9882.5275,49.41,0.50,64.05,0.65,-3.11,-0.03,4486.42,44.86
962,Entry long,2025-11-05 11:30,S1_LE,3953.011,2.5,9882.5275,49.41,0.50,64.05,0.65,-3.11,-0.03,4486.42,44.86
963,Exit long,2025-11-06 18:00,S1_LX_TP1,4005.97,2.5,9965.1025,49.82,0.50,77.03,0.77,-10.01,-0.10,4536.25,45.36
963,Entry long,2025-11-06 11:30,S1_LE,3986.041,2.5,9965.1025,49.82,0.50,77.03,0.77,-10.01,-0.10,4536.25,45.36
964,Exit long,2025-11-10 08:00,S1_LX_TP1,4011.429,2.5,9978.6825,49.89,0.50,89.77,0.90,-19.18,-0.19,4586.14,45.86
964,Entry long,2025-11-07 08:30,S1_LE,3991.473,2.5,9978.6825,49.89,0.50,89.77,0.90,-19.18,-0.19,4586.14,45.86
965,Exit long,2025-11-12 12:00,S1_SL,4108.819,2.4,9910.7232,-49.56,-0.50,38.6,0.39,-49.56,-0.50,4536.58,45.37
965,Entry long,2025-11-12 05:00,S1_LE,4129.468,2.4,9910.7232,-49.56,-0.50,38.6,0.39,-49.56,-0.50,4536.58,45.37
966,Exit long,2025-11-13 03:00,S1_LX_TP2,4203.49,2.4,9914.8704,173.51,1.75,193.1,1.95,-32.35,-0.33,4710.08,47.10
966,Entry long,2025-11-12 17:00,S1_LE,4131.196,2.4,9914.8704,173.51,1.75,193.1,1.95,-32.35,-0.33,4710.08,47.10
967,Exit long,2025-11-13 16:30,S1_LX_TP1,4233.627,2.3,9688.9018,48.44,0.50,61.94,0.64,-21.89,-0.23,4758.52,47.59
967,Entry long,2025-11-13 12:00,S1_LE,4212.566,2.3,9688.9018,48.44,0.50,61.94,0.64,-21.89,-0.23,4758.52,47.59
968,Exit long,2025-11-14 15:00,S1_SL,4169,2.3,9636.8873,-48.19,-0.50,49.13,0.51,-48.19,-0.50,4710.34,47.10
968,Entry long,2025-11-14 10:00,S1_LE,4189.951,2.3,9636.8873,-48.19,-0.50,49.13,0.51,-48.19,-0.50,4710.34,47.10
969,Exit long,2025-11-17 08:00,S1_SL,4082.84,2.4,9848.0592,-49.24,-0.50,6.65,0.07,-49.24,-0.50,4661.09,46.61
969,Entry long,2025-11-17 07:30,S1_LE,4103.358,2.4,9848.0592,-49.24,-0.50,6.65,0.07,-49.24,-0.50,4661.09,46.61
970,Exit long,2025-11-17 19:00,S1_SL,4063.032,2.4,9800.2824,-49.01,-0.50,14.42,0.15,-49.01,-0.50,4612.09,46.12
970,Entry long,2025-11-17 17:30,S1_LE,4083.451,2.4,9800.2824,-49.01,-0.50,14.42,0.15,-49.01,-0.50,4612.09,46.12
971,Exit long,2025-11-18 23:00,S1_LX_TP1,4056.823,2.4,9687.9384,48.44,0.50,108.81,1.12,-18.36,-0.19,4660.53,46.61
971,Entry long,2025-11-18 17:00,S1_LE,4036.641,2.4,9687.9384,48.44,0.50,108.81,1.12,-18.36,-0.19,4660.53,46.61
972,Exit long,2025-11-19 14:00,S1_LX_TP1,4094.751,2.4,9778.5144,48.89,0.50,58.15,0.59,-5.34,-0.05,4709.41,47.09
972,Entry long,2025-11-19 12:30,S1_LE,4074.381,2.4,9778.5144,48.89,0.50,58.15,0.59,-5.34,-0.05,4709.41,47.09
973,Exit long,2025-11-20 09:30,S1_SL,4083.869,2.4,9850.5408,-49.26,-0.50,14,0.14,-49.26,-0.50,4660.16,46.60
973,Entry long,2025-11-20 08:00,S1_LE,4104.392,2.4,9850.5408,-49.26,-0.50,14,0.14,-49.26,-0.50,4660.16,46.60
974,Exit long,2025-11-20 23:30,S1_LX_TP1,4093.572,2.4,9775.6968,48.88,0.50,83.12,0.85,-16.77,-0.17,4709.03,47.09
974,Entry long,2025-11-20 20:30,S1_LE,4073.207,2.4,9775.6968,48.88,0.50,83.12,0.85,-16.77,-0.17,4709.03,47.09
975,Exit long,2025-11-21 09:00,S1_SL,4063.679,2.4,9801.8424,-49.01,-0.50,11.88,0.12,-49.01,-0.50,4660.02,46.60
975,Entry long,2025-11-21 03:30,S1_LE,4084.101,2.4,9801.8424,-49.01,-0.50,11.88,0.12,-49.01,-0.50,4660.02,46.60
976,Exit long,2025-11-22 01:00,S1_LX_TP1,4085.948,2.4,9757.4904,48.78,0.50,85.31,0.87,-25.83,-0.26,4708.81,47.09
976,Entry long,2025-11-21 21:00,S1_LE,4065.621,2.4,9757.4904,48.78,0.50,85.31,0.87,-25.83,-0.26,4708.81,47.09
977,Exit long,2025-11-24 21:00,S1_LX_TP1,4080.3,2.4,9744.0024,48.72,0.50,57.67,0.59,-1.38,-0.01,4757.52,47.58
977,Entry long,2025-11-24 16:00,S1_LE,4060.001,2.4,9744.0024,48.72,0.50,57.67,0.59,-1.38,-0.01,4757.52,47.58
978,Exit long,2025-11-25 22:30,S1_SL,4121.11,2.4,9940.3704,-49.71,-0.50,21.57,0.22,-49.71,-0.50,4707.82,47.08
978,Entry long,2025-11-25 21:30,S1_LE,4141.821,2.4,9940.3704,-49.71,-0.50,21.57,0.22,-49.71,-0.50,4707.82,47.08
979,Exit long,2025-11-26 12:00,S1_LX_TP1,4162.308,2.4,9939.8424,49.7,0.50,66.66,0.67,-17.23,-0.17,4757.51,47.58
979,Entry long,2025-11-26 08:30,S1_LE,4141.601,2.4,9939.8424,49.7,0.50,66.66,0.67,-17.23,-0.17,4757.51,47.58
980,Exit long,2025-11-28 11:30,S1_LX_TP1,4182.679,2.4,9988.4904,49.94,0.50,75.19,0.75,-46.67,-0.47,4807.45,48.07
980,Entry long,2025-11-27 00:30,S1_LE,4161.871,2.4,9988.4904,49.94,0.50,75.19,0.75,-46.67,-0.47,4807.45,48.07
981,Exit long,2025-11-29 00:00,S1_LX_TP1,4203.392,2.3,9619.7063,48.1,0.50,61.73,0.64,-0.22,0.00,4855.55,48.56
981,Entry long,2025-11-28 22:00,S1_LE,4182.481,2.3,9619.7063,48.1,0.50,61.73,0.64,-0.22,0.00,4855.55,48.56
982,Exit long,2025-12-02 23:00,S1_SL,4191.328,2.3,9688.4993,-48.44,-0.50,42.16,0.44,-48.44,-0.50,4807.1,48.07
982,Entry long,2025-12-02 22:00,S1_LE,4212.391,2.3,9688.4993,-48.44,-0.50,42.16,0.44,-48.44,-0.50,4807.1,48.07
983,Exit long,2025-12-03 22:00,S1_LX_TP1,4231.269,2.3,9683.5037,48.42,0.50,70.36,0.73,-36.54,-0.38,4855.52,48.56
983,Entry long,2025-12-03 05:00,S1_LE,4210.219,2.3,9683.5037,48.42,0.50,70.36,0.73,-36.54,-0.38,4855.52,48.56
984,Exit long,2025-12-04 11:00,S1_SL,4190.551,2.3,9686.7053,-48.44,-0.50,11.96,0.12,-48.44,-0.50,4807.08,48.07
984,Entry long,2025-12-04 09:00,S1_LE,4211.611,2.3,9686.7053,-48.44,-0.50,11.96,0.12,-48.44,-0.50,4807.08,48.07
985,Exit long,2025-12-05 14:00,S1_LX_TP1,4220.085,2.3,9657.9093,48.29,0.50,51.08,0.53,-32.05,-0.33,4855.37,48.55
985,Entry long,2025-12-04 18:30,S1_LE,4199.091,2.3,9657.9093,48.29,0.50,51.08,0.53,-32.05,-0.33,4855.37,48.55
986,Exit long,2025-12-08 23:00,S1_SL,4188.761,2.3,9682.5676,-48.42,-0.50,21.36,0.22,-48.42,-0.50,4806.95,48.07
986,Entry long,2025-12-08 11:30,S1_LE,4209.812,2.3,9682.5676,-48.42,-0.50,21.36,0.22,-48.42,-0.50,4806.95,48.07
987,Exit long,2025-12-09 14:00,S1_SL,4173.726,2.3,9647.8123,-48.24,-0.50,9.47,0.10,-48.24,-0.50,4758.71,47.59
987,Entry long,2025-12-09 08:00,S1_LE,4194.701,2.3,9647.8123,-48.24,-0.50,9.47,0.10,-48.24,-0.50,4758.71,47.59
988,Exit long,2025-12-11 03:30,S1_SL,4186.134,2.3,9676.4933,-48.39,-0.50,32.73,0.34,-48.39,-0.50,4710.32,47.10
988,Entry long,2025-12-09 17:30,S1_LE,4207.171,2.3,9676.4933,-48.39,-0.50,32.73,0.34,-48.39,-0.50,4710.32,47.10
989,Exit long,2025-12-15 22:00,S1_LX_TP1,4329.007,2.3,9907.1833,49.53,0.50,98.78,1.00,-5.05,-0.05,4759.85,47.60
989,Entry long,2025-12-15 09:00,S1_LE,4307.471,2.3,9907.1833,49.53,0.50,98.78,1.00,-5.05,-0.05,4759.85,47.60
990,Exit long,2025-12-16 10:30,S1_SL,4289.892,2.3,9916.3373,-49.59,-0.50,14.81,0.15,-49.59,-0.50,4710.27,47.10
990,Entry long,2025-12-16 09:30,S1_LE,4311.451,2.3,9916.3373,-49.59,-0.50,14.81,0.15,-49.59,-0.50,4710.27,47.10
991,Exit long,2025-12-16 23:00,S1_LX_TP1,4312.952,2.3,9870.4408,49.35,0.50,100.36,1.02,-9.02,-0.09,4759.62,47.60
991,Entry long,2025-12-16 20:30,S1_LE,4291.496,2.3,9870.4408,49.35,0.50,100.36,1.02,-9.02,-0.09,4759.62,47.60
992,Exit long,2025-12-17 22:00,S1_LX_TP1,4334.886,2.3,9920.6383,49.6,0.50,75.05,0.76,-16.14,-0.16,4809.22,48.09
992,Entry long,2025-12-17 08:30,S1_LE,4313.321,2.3,9920.6383,49.6,0.50,75.05,0.76,-16.14,-0.16,4809.22,48.09
993,Exit long,2025-12-18 22:30,S1_SL,4314.807,2.3,9973.9293,-49.87,-0.50,11.31,0.11,-49.87,-0.50,4759.34,47.59
993,Entry long,2025-12-18 22:00,S1_LE,4336.491,2.3,9973.9293,-49.87,-0.50,11.31,0.11,-49.87,-0.50,4759.34,47.59
994,Exit long,2025-12-20 01:00,S1_LX_TP1,4347.79,2.3,9950.1703,49.75,0.50,66.15,0.66,-15.27,-0.15,4809.09,48.09
994,Entry long,2025-12-19 15:00,S1_LE,4326.161,2.3,9950.1703,49.75,0.50,66.15,0.66,-15.27,-0.15,4809.09,48.09
995,Exit long,2025-12-23 22:00,S1_SL,4457.912,2.2,9856.693,-49.29,-0.50,37.57,0.38,-49.29,-0.50,4759.8,47.60
995,Entry long,2025-12-23 13:30,S1_LE,4480.315,2.2,9856.693,-49.29,-0.50,37.57,0.38,-49.29,-0.50,4759.8,47.60
996,Exit long,2025-12-26 18:30,S1_LX_TP1,4519.947,2.2,9894.4142,49.47,0.50,74.41,0.75,-20.04,-0.20,4809.27,48.09
996,Entry long,2025-12-26 07:30,S1_LE,4497.461,2.2,9894.4142,49.47,0.50,74.41,0.75,-20.04,-0.20,4809.27,48.09
997,Exit long,2025-12-30 09:00,S1_SL,4327.444,2.2,9568.2202,-47.84,-0.50,0.4,0.00,-47.84,-0.50,4761.43,47.61
997,Entry long,2025-12-30 08:30,S1_LE,4349.191,2.2,9568.2202,-47.84,-0.50,0.4,0.00,-47.84,-0.50,4761.43,47.61
998,Exit long,2025-12-31 11:00,S1_SL,4344.11,2.2,9605.0702,-48.03,-0.50,11.66,0.12,-48.03,-0.50,4713.4,47.13
998,Entry long,2025-12-31 10:00,S1_LE,4365.941,2.2,9605.0702,-48.03,-0.50,11.66,0.12,-48.03,-0.50,4713.4,47.13
999,Exit long,2026-01-01 00:00,S1_SL,4324.155,2.3,9995.5378,-49.98,-0.50,17.21,0.17,-49.98,-0.50,4663.42,46.63
999,Entry long,2025-12-31 22:00,S1_LE,4345.886,2.3,9995.5378,-49.98,-0.50,17.21,0.17,-49.98,-0.50,4663.42,46.63
1000,Exit long,2026-01-02 11:00,S1_LX_TP1,4362.459,2.3,9984.5093,49.15,0.49,51.01,0.51,-6.09,-0.06,4712.57,47.13
1000,Entry long,2026-01-02 07:30,S1_LE,4341.091,2.3,9984.5093,49.15,0.49,51.01,0.51,-6.09,-0.06,4712.57,47.13
1001,Exit long,2026-01-05 23:30,S1_LX_TP2,4442.72,2.2,9605.8842,168.1,1.75,196.75,2.05,-27.11,-0.28,4880.67,48.81
1001,Entry long,2026-01-05 07:30,S1_LE,4366.311,2.2,9605.8842,168.1,1.75,196.75,2.05,-27.11,-0.28,4880.67,48.81
1002,Exit long,2026-01-06 23:00,S1_LX_TP1,4486.772,2.2,9821.7922,49.11,0.50,58.32,0.59,-24.02,-0.24,4929.77,49.30
1002,Entry long,2026-01-06 20:30,S1_LE,4464.451,2.2,9821.7922,49.11,0.50,58.32,0.59,-24.02,-0.24,4929.77,49.30
1003,Exit long,2026-01-08 09:30,S1_SL,4441.739,2.2,9820.9342,-49.11,-0.50,5.3,0.05,-49.11,-0.50,4880.66,48.81
1003,Entry long,2026-01-08 01:00,S1_LE,4464.061,2.2,9820.9342,-49.11,-0.50,5.3,0.05,-49.11,-0.50,4880.66,48.81
1004,Exit long,2026-01-09 02:00,S1_LX_TP1,4455.154,2.2,9752.5802,48.76,0.50,71.34,0.73,-11.9,-0.12,4929.42,49.29
1004,Entry long,2026-01-08 23:00,S1_LE,4432.991,2.2,9752.5802,48.76,0.50,71.34,0.73,-11.9,-0.12,4929.42,49.29
1005,Exit long,2026-01-13 14:30,S1_SL,4573.368,2.1,9652.3371,-48.26,-0.50,12.09,0.13,-48.26,-0.50,4881.16,48.81
1005,Entry long,2026-01-13 13:00,S1_LE,4596.351,2.1,9652.3371,-48.26,-0.50,12.09,0.13,-48.26,-0.50,4881.16,48.81
1006,Exit long,2026-01-13 22:30,S1_LX_TP1,4615.603,2.1,9644.5461,48.22,0.50,64.91,0.67,-31.55,-0.33,4929.38,49.29
1006,Entry long,2026-01-13 17:00,S1_LE,4592.641,2.1,9644.5461,48.22,0.50,64.91,0.67,-31.55,-0.33,4929.38,49.29
1007,Exit long,2026-01-14 13:30,S1_LX_TP1,4632.512,2.1,9679.8786,48.4,0.50,63.54,0.66,-10.64,-0.11,4977.78,49.78
1007,Entry long,2026-01-14 08:30,S1_LE,4609.466,2.1,9679.8786,48.4,0.50,63.54,0.66,-10.64,-0.11,4977.78,49.78
1008,Exit long,2026-01-15 07:00,S1_SL,4611.856,2.1,9733.5693,-48.67,-0.50,16.73,0.17,-48.67,-0.50,4929.1,49.29
1008,Entry long,2026-01-15 03:00,S1_LE,4635.033,2.1,9733.5693,-48.67,-0.50,16.73,0.17,-48.67,-0.50,4929.1,49.29
1009,Exit long,2026-01-15 21:30,S1_SL,4587.049,2.1,9681.2121,-48.41,-0.50,27.18,0.28,-48.41,-0.50,4880.7,48.81
1009,Entry long,2026-01-15 15:30,S1_LE,4610.101,2.1,9681.2121,-48.41,-0.50,27.18,0.28,-48.41,-0.50,4880.7,48.81
1010,Exit long,2026-01-16 21:00,S1_SL,4588.382,2.1,9684.0261,-48.42,-0.50,9.87,0.10,-48.42,-0.50,4832.27,48.32
1010,Entry long,2026-01-16 14:00,S1_LE,4611.441,2.1,9684.0261,-48.42,-0.50,9.87,0.10,-48.42,-0.50,4832.27,48.32
1011,Exit long,2026-01-19 07:30,S1_LX_TP2,4676.287,2.1,9651.3081,168.89,1.75,199.54,2.07,-0.002,0.00,5001.17,50.01
1011,Entry long,2026-01-19 07:00,S1_LE,4595.861,2.1,9651.3081,168.89,1.75,199.54,2.07,-0.002,0.00,5001.17,50.01
1012,Exit long,2026-01-20 13:00,S1_LX_TP1,4694.969,2.1,9810.6351,48.8,0.50,53.32,0.54,-12.59,-0.13,5049.97,50.50
1012,Entry long,2026-01-20 10:30,S1_LE,4671.731,2.1,9810.6351,48.8,0.50,53.32,0.54,-12.59,-0.13,5049.97,50.50
1013,Exit long,2026-01-23 16:00,S1_LX_TP2,4937.589,2,9642.462,232.72,2.41,292.28,3.03,-21.64,-0.22,5282.68,52.83
1013,Entry long,2026-01-22 14:00,S1_LE,4821.231,2,9642.462,232.72,2.41,292.28,3.03,-21.64,-0.22,5282.68,52.83
1014,Exit long,2026-01-27 18:00,S1_LX_TP1,5093.3,1.9,9629.1278,48.14,0.50,62.37,0.65,-20.87,-0.22,5330.82,53.31
1014,Entry long,2026-01-27 10:30,S1_LE,5067.962,1.9,9629.1278,48.14,0.50,62.37,0.65,-20.87,-0.22,5330.82,53.31
1015,Exit long,2026-01-28 09:30,S1_LX_TP2,5187.877,1.9,9687.4388,169.53,1.75,197.37,2.04,-43.8,-0.45,5500.35,55.00
1015,Entry long,2026-01-28 00:30,S1_LE,5098.652,1.9,9687.4388,169.53,1.75,197.37,2.04,-43.8,-0.45,5500.35,55.00
1016,Exit long,2026-01-30 07:30,S1_LX_TP1,5411.633,1.8,9692.4798,48.46,0.50,115.04,1.19,-13.52,-0.14,5548.81,55.49
1016,Entry long,2026-01-30 07:00,S1_LE,5384.711,1.8,9692.4798,48.46,0.50,115.04,1.19,-13.52,-0.14,5548.81,55.49
1017,Exit long,2026-02-02 18:30,S1_SL,4682.161,2.1,9911.1453,-78.61,-0.79,29.82,0.30,-104.34,-1.05,5470.2,54.70
1017,Entry long,2026-02-02 18:00,S1_LE,4719.593,2.1,9911.1453,-78.61,-0.79,29.82,0.30,-104.34,-1.05,5470.2,54.70
1018,Exit long,2026-02-03 08:30,S1_LX_TP2,4820.284,2.1,9948.5001,174.1,1.75,195.95,1.97,-44.95,-0.45,5644.3,56.44
1018,Entry long,2026-02-03 07:30,S1_LE,4737.381,2.1,9948.5001,174.1,1.75,195.95,1.97,-44.95,-0.45,5644.3,56.44
1019,Exit long,2026-02-05 09:00,S1_SL,4994.382,1.9,9537.0139,-47.69,-0.50,8.05,0.08,-47.69,-0.50,5596.61,55.97
1019,Entry long,2026-02-05 07:30,S1_LE,5019.481,1.9,9537.0139,-47.69,-0.50,8.05,0.08,-47.69,-0.50,5596.61,55.97
1020,Exit long,2026-02-06 03:00,S1_SL,4843.014,2,9734.704,-48.68,-0.50,35.04,0.36,-48.68,-0.50,5547.94,55.48
1020,Entry long,2026-02-06 01:30,S1_LE,4867.352,2,9734.704,-48.68,-0.50,35.04,0.36,-48.68,-0.50,5547.94,55.48
1021,Exit long,2026-02-06 14:00,S1_LX_TP2,4895.744,2,9623.086,168.4,1.75,183.34,1.91,-22.51,-0.23,5716.34,57.16
1021,Entry long,2026-02-06 11:30,S1_LE,4811.543,2,9623.086,168.4,1.75,183.34,1.91,-22.51,-0.23,5716.34,57.16
1022,Exit long,2026-02-10 01:00,S1_LX_TP1,5063.187,1.9,9572.1981,47.86,0.50,82.1,0.86,-28.06,-0.29,5764.2,57.64
1022,Entry long,2026-02-09 23:00,S1_LE,5037.999,1.9,9572.1981,47.86,0.50,82.1,0.86,-28.06,-0.29,5764.2,57.64
1023,Exit long,2026-02-10 22:30,S1_LX_TP1,5060.365,1.9,9566.8629,47.83,0.50,82.61,0.86,-30.57,-0.32,5812.03,58.12
1023,Entry long,2026-02-10 16:30,S1_LE,5035.191,1.9,9566.8629,47.83,0.50,82.61,0.86,-30.57,-0.32,5812.03,58.12
1024,Exit long,2026-02-11 20:30,S1_LX_TP1,5071.822,1.9,9588.5229,47.94,0.50,137.88,1.44,-36.2,-0.38,5859.96,58.60
1024,Entry long,2026-02-11 07:30,S1_LE,5046.591,1.9,9588.5229,47.94,0.50,137.88,1.44,-36.2,-0.38,5859.96,58.60
1025,Exit long,2026-02-12 07:00,S1_SL,5062.161,1.9,9666.4419,-48.34,-0.50,23.96,0.25,-48.34,-0.50,5811.63,58.12
1025,Entry long,2026-02-12 01:30,S1_LE,5087.601,1.9,9666.4419,-48.34,-0.50,23.96,0.25,-48.34,-0.50,5811.63,58.12
1026,Exit long,2026-02-12 14:30,S1_SL,5050.003,1.9,9643.2239,-48.22,-0.50,1.67,0.02,-48.22,-0.50,5763.41,57.63
1026,Entry long,2026-02-12 14:00,S1_LE,5075.381,1.9,9643.2239,-48.22,-0.50,1.67,0.02,-48.22,-0.50,5763.41,57.63
1027,Exit long,2026-02-12 22:30,S1_SL,5049.993,1.9,9643.2049,-48.22,-0.50,4.63,0.05,-48.22,-0.50,5715.19,57.15
1027,Entry long,2026-02-12 22:00,S1_LE,5075.371,1.9,9643.2049,-48.22,-0.50,4.63,0.05,-48.22,-0.50,5715.19,57.15
1028,Exit long,2026-02-13 13:30,S1_SL,4955.796,2,9961.402,-49.81,-0.50,33.33,0.33,-49.81,-0.50,5665.38,56.65
1028,Entry long,2026-02-13 10:00,S1_LE,4980.701,2,9961.402,-49.81,-0.50,33.33,0.33,-49.81,-0.50,5665.38,56.65
1029,Exit long,2026-02-14 00:30,S1_LX_TP1,5011.703,2,9973.542,49.86,0.50,94.1,0.94,-46.18,-0.46,5715.25,57.15
1029,Entry long,2026-02-13 22:00,S1_LE,4986.771,2,9973.542,49.86,0.50,94.1,0.94,-46.18,-0.46,5715.25,57.15
1030,Exit long,2026-02-16 22:30,S1_SL,4982.91,1.9,9515.1069,-47.58,-0.50,17.61,0.19,-47.58,-0.50,5667.67,56.68
1030,Entry long,2026-02-16 17:00,S1_LE,5007.951,1.9,9515.1069,-47.58,-0.50,17.61,0.19,-47.58,-0.50,5667.67,56.68
1031,Exit long,2026-02-17 21:00,S1_SL,4917.747,2,9884.922,-49.43,-0.50,3.14,0.03,-49.43,-0.50,5618.24,56.18
1031,Entry long,2026-02-17 20:30,S1_LE,4942.461,2,9884.922,-49.43,-0.50,3.14,0.03,-49.43,-0.50,5618.24,56.18
1032,Exit long,2026-02-18 18:30,S1_LX_TP1,4911.467,2,9774.066,48.87,0.50,110.53,1.13,-8.81,-0.09,5667.11,56.67
1032,Entry long,2026-02-18 09:30,S1_LE,4887.033,2,9774.066,48.87,0.50,110.53,1.13,-8.81,-0.09,5667.11,56.67
1033,Exit long,2026-02-19 07:00,S1_LX_TP1,4967.383,2,9885.342,49.42,0.50,136.46,1.38,-0.002,0.00,5716.53,57.17
1033,Entry long,2026-02-18 21:00,S1_LE,4942.671,2,9885.342,49.42,0.50,136.46,1.38,-0.002,0.00,5716.53,57.17
1034,Exit long,2026-02-19 17:00,S1_LX_TP1,5004.116,2,9958.442,49.79,0.50,85.64,0.86,-6.08,-0.06,5766.32,57.66
1034,Entry long,2026-02-19 12:30,S1_LE,4979.221,2,9958.442,49.79,0.50,85.64,0.86,-6.08,-0.06,5766.32,57.66
1035,Exit long,2026-02-20 00:30,S1_SL,4990.571,1.9,9529.7369,-47.65,-0.50,12.6,0.13,-47.65,-0.50,5718.67,57.19
1035,Entry long,2026-02-19 23:30,S1_LE,5015.651,1.9,9529.7369,-47.65,-0.50,12.6,0.13,-47.65,-0.50,5718.67,57.19
1036,Exit long,2026-02-20 18:00,S1_LX_TP1,5026.748,1.9,9503.3079,47.51,0.50,77.71,0.82,-39.03,-0.41,5766.18,57.66
1036,Entry long,2026-02-20 05:00,S1_LE,5001.741,1.9,9503.3079,47.51,0.50,77.71,0.82,-39.03,-0.41,5766.18,57.66
1037,Exit long,2026-02-23 23:00,S1_LX_TP1,5188.633,1.9,9809.358,49.04,0.50,77.54,0.79,-41.19,-0.42,5815.23,58.15
1037,Entry long,2026-02-23 19:00,S1_LE,5162.82,1.9,9809.358,49.04,0.50,77.54,0.79,-41.19,-0.42,5815.23,58.15
1038,Exit long,2026-02-25 07:00,S1_SL,5137.543,1.9,9810.3859,-49.05,-0.50,18.66,0.19,-49.05,-0.50,5766.17,57.66
1038,Entry long,2026-02-25 02:00,S1_LE,5163.361,1.9,9810.3859,-49.05,-0.50,18.66,0.19,-49.05,-0.50,5766.17,57.66
1039,Exit long,2026-02-25 19:00,S1_SL,5159.393,1.9,9852.1099,-49.26,-0.50,47.95,0.49,-49.26,-0.50,5716.91,57.17
1039,Entry long,2026-02-25 09:30,S1_LE,5185.321,1.9,9852.1099,-49.26,-0.50,47.95,0.49,-49.26,-0.50,5716.91,57.17
1040,Exit long,2026-02-26 18:30,S1_SL,5166.527,1.9,9865.7329,-49.33,-0.50,24.66,0.25,-49.33,-0.50,5667.58,56.68
1040,Entry long,2026-02-26 12:00,S1_LE,5192.491,1.9,9865.7329,-49.33,-0.50,24.66,0.25,-49.33,-0.50,5667.58,56.68
1041,Exit long,2026-03-02 22:00,S1_LX_TP2,5373.639,1.9,9841.2989,368.62,3.75,455.41,4.63,-37.64,-0.38,6036.19,60.36
1041,Entry long,2026-02-27 01:00,S1_LE,5179.631,1.9,9841.2989,368.62,3.75,455.41,4.63,-37.64,-0.38,6036.19,60.36
1042,Exit long,2026-03-03 09:30,S1_LX_TP1,5372.561,1.8,9622.4994,48.11,0.50,61.26,0.64,-16.84,-0.17,6084.3,60.84
1042,Entry long,2026-03-03 08:00,S1_LE,5345.833,1.8,9622.4994,48.11,0.50,61.26,0.64,-16.84,-0.17,6084.3,60.84
1043,Exit long,2026-03-04 11:00,S1_LX_TP1,5150.935,1.9,9738.089,48.69,0.50,124.4,1.28,-37.93,-0.39,6132.99,61.33
1043,Entry long,2026-03-04 08:00,S1_LE,5125.31,1.9,9738.089,48.69,0.50,124.4,1.28,-37.93,-0.39,6132.99,61.33
1044,Exit long,2026-03-05 11:00,S1_LX_TP1,5190.734,1.9,9813.3309,49.06,0.50,57.08,0.58,-11.15,-0.11,6182.06,61.82
1044,Entry long,2026-03-05 08:00,S1_LE,5164.911,1.9,9813.3309,49.06,0.50,57.08,0.58,-11.15,-0.11,6182.06,61.82
1045,Exit long,2026-03-06 14:00,S1_LX_TP1,5111.55,1.9,9663.6299,48.32,0.50,109.67,1.13,-39.29,-0.41,6230.37,62.30
1045,Entry long,2026-03-06 08:00,S1_LE,5086.121,1.9,9663.6299,48.32,0.50,109.67,1.13,-39.29,-0.41,6230.37,62.30
1046,Exit long,2026-03-06 23:30,S1_LX_TP1,5156.138,1.9,9747.9253,48.74,0.50,78.08,0.80,-5.68,-0.06,6279.11,62.79
1046,Entry long,2026-03-06 23:00,S1_LE,5130.487,1.9,9747.9253,48.74,0.50,78.08,0.80,-5.68,-0.06,6279.11,62.79
1047,Exit long,2026-03-09 14:30,S1_SL,5098.549,1.9,9735.9249,-48.68,-0.50,18.81,0.19,-48.68,-0.50,6230.43,62.30
1047,Entry long,2026-03-09 14:00,S1_LE,5124.171,1.9,9735.9249,-48.68,-0.50,18.81,0.19,-48.68,-0.50,6230.43,62.30
1048,Exit long,2026-03-10 03:30,S1_LX_TP1,5129.368,1.9,9697.315,48.48,0.50,76.63,0.79,-28.94,-0.30,6278.91,62.79
1048,Entry long,2026-03-10 00:30,S1_LE,5103.85,1.9,9697.315,48.48,0.50,76.63,0.79,-28.94,-0.30,6278.91,62.79
1049,Exit long,2026-03-11 15:30,S1_SL,5189.251,1.9,9909.1251,-49.55,-0.50,14.99,0.15,-49.55,-0.50,6229.36,62.29
1049,Entry long,2026-03-11 09:00,S1_LE,5215.329,1.9,9909.1251,-49.55,-0.50,14.99,0.15,-49.55,-0.50,6229.36,62.29
1050,Exit long,2026-03-12 06:30,S1_SL,5157.05,1.9,9847.6354,-49.24,-0.50,1.52,0.02,-49.24,-0.50,6180.12,61.80
1050,Entry long,2026-03-12 04:00,S1_LE,5182.966,1.9,9847.6354,-49.24,-0.50,1.52,0.02,-49.24,-0.50,6180.12,61.80
1051,Exit long,2026-03-12 22:30,S1_SL,5140.378,1.9,9815.8009,-49.08,-0.50,48.56,0.49,-49.08,-0.50,6131.04,61.31
1051,Entry long,2026-03-12 15:00,S1_LE,5166.211,1.9,9815.8009,-49.08,-0.50,48.56,0.49,-49.08,-0.50,6131.04,61.31
1052,Exit long,2026-03-13 14:00,S1_SL,5093.419,1.9,9726.1304,-48.63,-0.50,17.89,0.18,-48.63,-0.50,6082.41,60.82
1052,Entry long,2026-03-13 09:30,S1_LE,5119.016,1.9,9726.1304,-48.63,-0.50,17.89,0.18,-48.63,-0.50,6082.41,60.82
1053,Exit long,2026-03-13 22:30,S1_SL,5082.18,1.9,9704.668,-48.53,-0.50,26.87,0.28,-48.53,-0.50,6033.88,60.34
1053,Entry long,2026-03-13 20:00,S1_LE,5107.72,1.9,9704.668,-48.53,-0.50,26.87,0.28,-48.53,-0.50,6033.88,60.34
1054,Exit long,2026-03-16 15:30,S1_SL,4992.243,1.9,9532.9289,-47.67,-0.50,35.51,0.37,-47.67,-0.50,5986.21,59.86
1054,Entry long,2026-03-16 14:00,S1_LE,5017.331,1.9,9532.9289,-47.67,-0.50,35.51,0.37,-47.67,-0.50,5986.21,59.86
1055,Exit long,2026-03-16 22:30,S1_SL,4997.017,1.9,9542.0451,-47.71,-0.50,30.37,0.32,-47.71,-0.50,5938.5,59.38
1055,Entry long,2026-03-16 20:30,S1_LE,5022.129,1.9,9542.0451,-47.71,-0.50,30.37,0.32,-47.71,-0.50,5938.5,59.38
1056,Exit long,2026-03-17 13:00,S1_LX_TP1,5037.25,1.9,9523.1629,47.61,0.50,56.86,0.60,-33.86,-0.36,5986.11,59.86
1056,Entry long,2026-03-17 03:00,S1_LE,5012.191,1.9,9523.1629,47.61,0.50,56.86,0.60,-33.86,-0.36,5986.11,59.86
1057,Exit long,2026-03-18 16:30,S1_SL,4979.169,1.9,9507.9629,-47.54,-0.50,23.22,0.24,-47.54,-0.50,5938.57,59.39
1057,Entry long,2026-03-18 09:00,S1_LE,5004.191,1.9,9507.9629,-47.54,-0.50,23.22,0.24,-47.54,-0.50,5938.57,59.39
1058,Exit long,2026-03-19 13:30,S1_SL,4832.784,2,9714.142,-48.57,-0.50,18.02,0.19,-48.57,-0.50,5890,58.90
1058,Entry long,2026-03-19 10:30,S1_LE,4857.071,2,9714.142,-48.57,-0.50,18.02,0.19,-48.57,-0.50,5890,58.90
1059,Exit long,2026-03-20 11:30,S1_LX_TP2,4724.801,2.1,9751.4361,170.65,1.75,195.17,2.00,-25.75,-0.26,6060.64,60.61
1059,Entry long,2026-03-20 03:30,S1_LE,4643.541,2.1,9751.4361,170.65,1.75,195.17,2.00,-25.75,-0.26,6060.64,60.61
1060,Exit long,2026-03-23 20:00,S1_SL,4377.461,2.2,9678.812,-48.4,-0.50,72.38,0.75,-84.94,-0.88,6012.24,60.12
1060,Entry long,2026-03-23 19:30,S1_LE,4399.46,2.2,9678.812,-48.4,-0.50,72.38,0.75,-84.94,-0.88,6012.24,60.12
1061,Exit long,2026-03-24 08:00,S1_SL,4419.571,2.2,9771.9182,-48.86,-0.50,10.49,0.11,-48.86,-0.50,5963.38,59.63
1061,Entry long,2026-03-24 07:30,S1_LE,4441.781,2.2,9771.9182,-48.86,-0.50,10.49,0.11,-48.86,-0.50,5963.38,59.63
1062,Exit long,2026-03-24 18:00,S1_LX_TP1,4423.824,2.2,9683.9952,48.42,0.50,69.09,0.71,-25.14,-0.26,6011.8,60.12
1062,Entry long,2026-03-24 15:00,S1_LE,4401.816,2.2,9683.9952,48.42,0.50,69.09,0.71,-25.14,-0.26,6011.8,60.12
1063,Exit long,2026-03-25 01:00,S1_SL,4393.76,2.2,9714.8502,-48.58,-0.50,33.09,0.34,-48.58,-0.50,5963.22,59.63
1063,Entry long,2026-03-24 23:00,S1_LE,4415.841,2.2,9714.8502,-48.58,-0.50,33.09,0.34,-48.58,-0.50,5963.22,59.63
1064,Exit long,2026-03-25 07:00,S1_LX_TP1,4477.892,2.2,9802.353,49.01,0.50,65.81,0.67,-19.23,-0.20,6012.23,60.12
1064,Entry long,2026-03-25 04:30,S1_LE,4455.615,2.2,9802.353,49.01,0.50,65.81,0.67,-19.23,-0.20,6012.23,60.12
1065,Exit long,2026-03-26 23:30,S1_SL,4436.645,2.2,9809.6702,-49.05,-0.50,45.28,0.46,-49.05,-0.50,5963.18,59.63
1065,Entry long,2026-03-26 22:30,S1_LE,4458.941,2.2,9809.6702,-49.05,-0.50,45.28,0.46,-49.05,-0.50,5963.18,59.63
1066,Exit long,2026-03-27 16:00,S1_LX_TP1,4439.13,2.2,9717.5012,48.58,0.50,127.99,1.32,-0.76,-0.01,6011.76,60.12
1066,Entry long,2026-03-27 10:00,S1_LE,4417.046,2.2,9717.5012,48.58,0.50,127.99,1.32,-0.76,-0.01,6011.76,60.12
1067,Exit long,2026-03-30 15:00,S1_LX_TP1,4529.498,2.2,9915.323,49.57,0.50,96.35,0.97,-46.61,-0.47,6061.34,60.61
1067,Entry long,2026-03-30 11:30,S1_LE,4506.965,2.2,9915.323,49.57,0.50,96.35,0.97,-46.61,-0.47,6061.34,60.61
1068,Exit long,2026-03-31 10:30,S1_LX_TP1,4570.388,2.1,9550.0671,47.75,0.50,150.89,1.58,-34,-0.36,6109.08,61.09
1068,Entry long,2026-03-31 09:00,S1_LE,4547.651,2.1,9550.0671,47.75,0.50,150.89,1.58,-34,-0.36,6109.08,61.09
1069,Exit long,2026-03-31 22:00,S1_LX_TP1,4605.211,2.1,9622.8321,48.11,0.50,57.71,0.60,-31.52,-0.33,6157.2,61.57
1069,Entry long,2026-03-31 20:00,S1_LE,4582.301,2.1,9622.8321,48.11,0.50,57.71,0.60,-31.52,-0.33,6157.2,61.57
1070,Exit long,2026-04-02 23:00,S1_LX_TP1,4668.822,2.1,9755.7516,48.77,0.50,114.22,1.17,-30.38,-0.31,6205.97,62.06
1070,Entry long,2026-04-02 22:00,S1_LE,4645.596,2.1,9755.7516,48.77,0.50,114.22,1.17,-30.38,-0.31,6205.97,62.06
1071,Exit long,2026-04-06 20:00,S1_LX_TP1,4671.178,2.1,9760.674,48.8,0.50,123.5,1.27,-48.68,-0.50,6254.77,62.55
1071,Entry long,2026-04-06 11:00,S1_LE,4647.94,2.1,9760.674,48.8,0.50,123.5,1.27,-48.68,-0.50,6254.77,62.55
1072,Exit long,2026-04-07 13:30,S1_SL,4632.807,2.1,9785.2503,-56.36,-0.58,4.07,0.04,-61.94,-0.63,6198.41,61.98
1072,Entry long,2026-04-07 13:00,S1_LE,4659.643,2.1,9785.2503,-56.36,-0.58,4.07,0.04,-61.94,-0.63,6198.41,61.98
1073,Exit long,2026-04-07 18:30,S1_SL,4655.027,2.1,9824.6841,-49.13,-0.50,33.85,0.34,-49.13,-0.50,6149.29,61.49
1073,Entry long,2026-04-07 16:30,S1_LE,4678.421,2.1,9824.6841,-49.13,-0.50,33.85,0.34,-49.13,-0.50,6149.29,61.49
1074,Exit long,2026-04-08 04:00,S1_LX_TP1,4698.887,2.1,9818.5731,49.09,0.50,90.79,0.92,-38.75,-0.39,6198.38,61.98
1074,Entry long,2026-04-08 02:00,S1_LE,4675.511,2.1,9818.5731,49.09,0.50,90.79,0.92,-38.75,-0.39,6198.38,61.98
1075,Exit long,2026-04-09 19:30,S1_LX_TP1,4743.951,2.1,9912.7371,49.56,0.50,57.02,0.58,-36.71,-0.37,6247.94,62.48
1075,Entry long,2026-04-09 13:00,S1_LE,4720.351,2.1,9912.7371,49.56,0.50,57.02,0.58,-36.71,-0.37,6247.94,62.48
1076,Exit long,2026-04-10 15:00,S1_SL,4742.1,2,9531.862,-47.66,-0.50,0.1,0.00,-47.66,-0.50,6200.27,62.00
1076,Entry long,2026-04-10 14:00,S1_LE,4765.931,2,9531.862,-47.66,-0.50,0.1,0.00,-47.66,-0.50,6200.27,62.00
1077,Exit long,2026-04-10 22:30,S1_LX_TP1,4780.915,2.1,9989.9751,49.95,0.50,79.73,0.80,-8.8,-0.09,6250.22,62.50
1077,Entry long,2026-04-10 19:00,S1_LE,4757.131,2.1,9989.9751,49.95,0.50,79.73,0.80,-8.8,-0.09,6250.22,62.50
1078,Exit long,2026-04-14 06:30,S1_LX_TP1,4746.644,2.1,9918.363,49.59,0.50,70.04,0.71,-48.55,-0.49,6299.81,63.00
1078,Entry long,2026-04-13 13:00,S1_LE,4723.03,2.1,9918.363,49.59,0.50,70.04,0.71,-48.55,-0.49,6299.81,63.00
1079,Exit long,2026-04-14 22:30,S1_LX_TP1,4806.975,2,9566.122,47.83,0.50,69.96,0.73,-6.57,-0.07,6347.64,63.48
1079,Entry long,2026-04-14 21:30,S1_LE,4783.061,2,9566.122,47.83,0.50,69.96,0.73,-6.57,-0.07,6347.64,63.48
1080,Exit long,2026-04-15 23:00,S1_SL,4797.609,2,9643.438,-48.22,-0.50,17.86,0.19,-48.22,-0.50,6299.42,62.99
1080,Entry long,2026-04-15 21:30,S1_LE,4821.719,2,9643.438,-48.22,-0.50,17.86,0.19,-48.22,-0.50,6299.42,62.99
1081,Exit long,2026-04-16 21:30,S1_SL,4790.853,2,9629.858,-48.15,-0.50,46.96,0.49,-48.15,-0.50,6251.27,62.51
1081,Entry long,2026-04-16 07:30,S1_LE,4814.929,2,9629.858,-48.15,-0.50,46.96,0.49,-48.15,-0.50,6251.27,62.51
1082,Exit long,2026-04-17 09:30,S1_SL,4768.569,2,9589.622,-52.48,-0.55,1.72,0.02,-55.52,-0.58,6198.78,61.99
1082,Entry long,2026-04-17 09:00,S1_LE,4794.811,2,9589.622,-52.48,-0.55,1.72,0.02,-55.52,-0.58,6198.78,61.99
1083,Exit long,2026-04-17 22:00,S1_LX_TP2,4879.858,2,9591.862,167.85,1.75,190.07,1.98,-28.02,-0.29,6366.64,63.67
1083,Entry long,2026-04-17 17:00,S1_LE,4795.931,2,9591.862,167.85,1.75,190.07,1.98,-28.02,-0.29,6366.64,63.67
1084,Exit long,2026-04-20 21:30,S1_LX_TP1,4821.819,2,9595.662,47.98,0.50,57.26,0.60,-29.34,-0.31,6414.61,64.15
1084,Entry long,2026-04-20 15:30,S1_LE,4797.831,2,9595.662,47.98,0.50,57.26,0.60,-29.34,-0.31,6414.61,64.15
1085,Exit long,2026-04-21 20:30,S1_SL,4770.517,2,9588.982,-47.95,-0.50,5.06,0.05,-47.95,-0.50,6366.66,63.67
1085,Entry long,2026-04-21 20:00,S1_LE,4794.491,2,9588.982,-47.95,-0.50,5.06,0.05,-47.95,-0.50,6366.66,63.67
1086,Exit long,2026-04-22 11:30,S1_LX_TP1,4761.621,2.1,9949.6593,49.74,0.50,59.61,0.60,-5.74,-0.06,6416.41,64.16
1086,Entry long,2026-04-22 08:00,S1_LE,4737.933,2.1,9949.6593,49.74,0.50,59.61,0.60,-5.74,-0.06,6416.41,64.16
1087,Exit long,2026-04-23 09:30,S1_SL,4724.341,2.1,9970.9743,-49.86,-0.50,3.88,0.04,-49.86,-0.50,6366.55,63.67
1087,Entry long,2026-04-23 09:00,S1_LE,4748.083,2.1,9970.9743,-49.86,-0.50,3.88,0.04,-49.86,-0.50,6366.55,63.67
1088,Exit long,2026-04-24 01:30,S1_SL,4696.937,2.1,9913.1361,-49.57,-0.50,47.47,0.48,-49.57,-0.50,6316.98,63.17
1088,Entry long,2026-04-23 20:00,S1_LE,4720.541,2.1,9913.1361,-49.57,-0.50,47.47,0.48,-49.57,-0.50,6316.98,63.17
1089,Exit long,2026-04-24 23:30,S1_LX_TP1,4717.892,2.1,9858.2841,49.29,0.50,96.39,0.98,-42.32,-0.43,6366.27,63.66
1089,Entry long,2026-04-24 16:00,S1_LE,4694.421,2.1,9858.2841,49.29,0.50,96.39,0.98,-42.32,-0.43,6366.27,63.66
1090,Exit long,2026-04-27 21:00,S1_SL,4694.529,2.1,9908.0541,-49.54,-0.50,25.34,0.26,-49.54,-0.50,6316.73,63.17
1090,Entry long,2026-04-27 11:00,S1_LE,4718.121,2.1,9908.0541,-49.54,-0.50,25.34,0.26,-49.54,-0.50,6316.73,63.17
1091,Exit long,2026-04-28 13:00,S1_SL,4664.311,2.1,9844.2771,-49.22,-0.50,28.41,0.29,-49.22,-0.50,6267.5,62.68
1091,Entry long,2026-04-28 07:00,S1_LE,4687.751,2.1,9844.2771,-49.22,-0.50,28.41,0.29,-49.22,-0.50,6267.5,62.68
1092,Exit long,2026-04-29 09:00,S1_SL,4575.895,2.1,9657.6711,-48.29,-0.50,24.27,0.25,-48.29,-0.50,6219.21,62.19
1092,Entry long,2026-04-29 02:30,S1_LE,4598.891,2.1,9657.6711,-48.29,-0.50,24.27,0.25,-48.29,-0.50,6219.21,62.19
1093,Exit long,2026-04-29 15:00,S1_SL,4575.756,2.1,9657.3771,-48.29,-0.50,18.96,0.20,-48.29,-0.50,6170.92,61.71
1093,Entry long,2026-04-29 11:30,S1_LE,4598.751,2.1,9657.3771,-48.29,-0.50,18.96,0.20,-48.29,-0.50,6170.92,61.71
1094,Exit long,2026-04-30 09:00,S1_LX_TP1,4566.81,2.1,9542.5911,47.71,0.50,63.14,0.66,-11.7,-0.12,6218.63,62.19
1094,Entry long,2026-04-30 06:00,S1_LE,4544.091,2.1,9542.5911,47.71,0.50,63.14,0.66,-11.7,-0.12,6218.63,62.19
1095,Exit long,2026-05-01 13:30,S1_LX_TP1,4605.157,2.1,9595.7925,75.04,0.78,162.8,1.70,-0.56,-0.01,6293.67,62.94
1095,Entry long,2026-04-30 14:30,S1_LE,4569.425,2.1,9595.7925,75.04,0.78,162.8,1.70,-0.56,-0.01,6293.67,62.94
1096,Exit long,2026-05-05 20:00,S1_LX_TP1,4560.328,2.2,9982.8102,49.91,0.50,60.17,0.60,-22.11,-0.22,6343.58,63.44
1096,Entry long,2026-05-05 09:30,S1_LE,4537.641,2.2,9982.8102,49.91,0.50,60.17,0.60,-22.11,-0.22,6343.58,63.44
1097,Exit long,2026-05-06 08:00,Open,4602.105,2.1,9622.4289,41.99,0.44,46.5,0.48,-6.82,-0.07,6385.57,63.86
1097,Entry long,2026-05-06 07:30,S1_LE,4582.109,2.1,9622.4289,41.99,0.44,46.5,0.48,-6.82,-0.07,6385.57,63.86